audio_key,text,쓰인_큐수
134115c22895,주의. 근처에 차도가 만나는 교차로가 있습니다. 횡단보도가 없습니다. 길이 크게 꺾이는 곳입니다.,1
1c066d0c6c72,근처에 차도가 만나는 교차로가 있습니다. 횡단보도가 없습니다. 길이 크게 꺾이는 곳입니다.,2
1d39e98c4963,경사가 매우 가파른 구간입니다.,19
393d5aecc5af,근처에 횡단보도가 있습니다. 보행 신호등과 음향신호기가 있습니다.,4
3f312a5cc5f0,주의. 근처에 횡단보도가 있습니다. 보행 신호등이 없습니다. 중간 교통섬을 거쳐 두 번에 나누어 건넙니다. 길이 크게 꺾이는 곳입니다.,1
40c57cc27026,주의. 근처에 차도가 만나는 교차로가 있습니다. 횡단보도가 없습니다.,21
47e5cfdf8e88,근처에 계단이 있습니다.,7
71d7daf1bfd3,근처에 횡단보도가 있습니다. 보행 신호등과 음향신호기가 있습니다. 중간 교통섬을 거쳐 두 번에 나누어 건넙니다.,14
7a5f3c6c6e6d,근처에 횡단보도가 있습니다. 보행 신호등이 없습니다.,1
7c86b46f338a,길이 크게 꺾이는 곳입니다.,128
9310d8dd910c,경사가 급할 수 있는 구간입니다.,33
ac97e3e7c127,주의. 근처에 횡단보도가 있습니다. 보행 신호등이 없습니다. 중간 교통섬을 거쳐 두 번에 나누어 건넙니다.,14
b3aa4ebe5791,경사가 가파른 구간입니다.,31
c30d91ef833e,근처에 횡단보도가 있습니다. 보행 신호등은 있지만 음향신호기는 없습니다. 중간 교통섬을 거쳐 두 번에 나누어 건넙니다.,5
cb1ca1f5914a,근처에 차도가 만나는 교차로가 있습니다. 횡단보도가 없습니다.,21
dba96f9a1447,근처에 횡단보도가 있습니다. 보행 신호등이 없습니다. 중간 교통섬을 거쳐 두 번에 나누어 건넙니다.,22
