univ_id,univ_name,campus_status,gate_name,official_name,tier,lat,lon,coordinate_source,item_status,analysis_ready,x,y,신호기수,횡단보도수,신호기있는횡단보도수,횡단보도중_신호기비율,반경_m
11124718,숭실대학교,후문귀속검토,숭실대학교 정문,정문,A_공식명칭+좌표,37.4959716382717,126.954504228758,Kakao(기존수집),기존수집_재검증필요,False,195976.79999996154,544058.0000008144,24,19,12,0.631578947368421,400
11124718,숭실대학교,후문귀속검토,숭실대학교 후문,,B_좌표만,37.4975118612233,126.958025918926,Kakao(기존수집),기존수집_재검증필요,False,196288.30000000788,544228.8000008167,27,19,14,0.7368421052631579,400
11124718,숭실대학교,후문귀속검토,숭실대학교 남문,남문,A_공식명칭+좌표,37.49526235075583,126.95888773551717,Kakao(기존수집),기존수집_재검증필요,False,196364.40000000142,543979.1000000205,20,21,9,0.42857142857142855,400
11124718,숭실대학교,후문귀속검토,숭실대학교 북문,북문,A_공식명칭+좌표,37.49788848499963,126.95557060175776,Kakao(기존수집),기존수집_재검증필요,False,196071.20000000004,544270.7000000211,26,24,13,0.5416666666666666,400
11124718,숭실대학교,후문귀속검토,숭실대학교 중문,중문,A_공식명칭+좌표,37.4954282647667,126.956725502974,Kakao(기존수집),기존수집_재검증필요,False,196173.20000000435,543997.6000008202,18,21,8,0.38095238095238093,400
7813437,연세대학교 신촌캠퍼스,기존문재검증,연세대학교 정문,정문,A_공식명칭+좌표,37.5604968585685,126.936840480172,Kakao(기존수집),기존수집_재검증필요,False,194419.59999994005,551220.4000007061,37,26,21,0.8076923076923077,400
7813437,연세대학교 신촌캠퍼스,기존문재검증,연세대학교 동문,동문,A_공식명칭+좌표,37.5660622423696,126.945759633944,Kakao(기존수집),기존수집_재검증필요,False,195207.99999994648,551837.6000007032,0,0,0,,400
7813437,연세대학교 신촌캠퍼스,기존문재검증,연세대학교 서문,서문,A_공식명칭+좌표,37.5637749061639,126.933953735176,Kakao(기존수집),기존수집_재검증필요,False,194164.7999999815,551584.4000007071,4,7,2,0.2857142857142857,400
7813437,연세대학교 신촌캠퍼스,기존문재검증,연세대학교 남문,남문,A_공식명칭+좌표,37.5614750339922,126.933014087396,Kakao(기존수집),기존수집_재검증필요,False,194081.59999998074,551329.2000007104,14,16,11,0.6875,400
7813437,연세대학교 신촌캠퍼스,기존문재검증,연세대학교 북문,북문,A_공식명칭+좌표,37.5726756675515,126.93864138705,Kakao(기존수집),기존수집_재검증필요,False,194579.5999999625,552572.0000006887,2,4,1,0.25,400
11038502,경희대학교 서울캠퍼스,기존문재검증,경희대학교 정문,정문,A_공식명칭+좌표,37.5938315697917,127.052697920723,Kakao(기존수집),기존수집_재검증필요,False,204654.0000000452,554919.600000661,12,16,8,0.5,400
11038502,경희대학교 서울캠퍼스,기존문재검증,경희대학교 후문,후문,A_공식명칭+좌표,37.5981142355862,127.05412773906,Kakao(기존수집),기존수집_재검증필요,False,204780.0000000513,555395.0000006502,0,0,0,,400
11038502,경희대학교 서울캠퍼스,기존문재검증,경희대학교 남문,,B_좌표만,37.5945543473825,127.056208639286,Kakao(기존수집),기존수집_재검증필요,False,204964.00000006953,555000.0000006548,15,17,8,0.47058823529411764,400
8505917,장로회신학대학교,공식근거미확보,장로회신학대학교 서문,,B_좌표만,37.5503594632698,127.102160290498,Kakao(기존수집),기존수집_재검증필요,False,209027.50000005704,550098.3000007283,11,4,3,0.75,400
8505917,장로회신학대학교,공식근거미확보,장로회신학대학교 남문,,B_좌표만,37.5492641798734,127.104866809209,Kakao(기존수집),기존수집_재검증필요,False,209266.80000007624,549977.0000007263,23,21,10,0.47619047619047616,400
8505917,장로회신학대학교,공식근거미확보,장로회신학대학교 북문,,B_좌표만,37.5516819391163,127.103412597755,Kakao(기존수집),기존수집_재검증필요,False,209138.00000001414,550245.2000007235,2,1,1,1.0,400
11160006,중앙대학교 서울캠퍼스,기존문재검증,중앙대학교 서울캠퍼스 정문,정문,A_공식명칭+좌표,37.5067563369528,126.958469749756,Kakao(기존수집),기존수집_재검증필요,False,196327.99999994464,545254.8000008008,24,40,13,0.325,400
11160006,중앙대학교 서울캠퍼스,기존문재검증,중앙대학교 서울캠퍼스 후문,후문,A_공식명칭+좌표,37.5049202595248,126.954064506402,Kakao(기존수집),기존수집_재검증필요,False,195938.3999999829,545051.2000008045,14,21,7,0.3333333333333333,400
11160006,중앙대학교 서울캠퍼스,기존문재검증,중앙대학교 서울캠퍼스 중문,중문,A_공식명칭+좌표,37.5059431853532,126.957222722899,Kakao(기존수집),기존수집_재검증필요,False,196217.6999999588,545164.6000008032,14,29,8,0.27586206896551724,400
11350554,경기대학교 서울캠퍼스,기존문재검증,경기대학교 서울캠퍼스 후문,후문,A_공식명칭+좌표,37.564039417736,126.961611716429,Kakao(기존수집),기존수집_재검증필요,False,196608.3999999835,551612.4000007015,6,19,3,0.15789473684210525,400
11350554,경기대학교 서울캠퍼스,기존문재검증,경기대학교 서울캠퍼스 정문,,B_좌표만,37.5646956381472,126.962530460914,Kakao(기존수집),기존수집_재검증필요,False,196689.59999998315,551685.2000007067,10,29,6,0.20689655172413793,400
11369827,고려대학교 서울캠퍼스,표본경계검토,고려대학교 서울캠퍼스 정문,,B_좌표만,37.58815247199953,127.03424727911144,Kakao(기존수집),기존수집_재검증필요,False,203024.7672583317,554288.5297581358,27,29,16,0.5517241379310345,400
11369827,고려대학교 서울캠퍼스,표본경계검토,고려대학교 서울캠퍼스 후문,,B_좌표만,37.5909234976879,127.031585819286,Kakao(기존수집),기존수집_재검증필요,False,202789.60000005673,554596.0000006596,1,3,1,0.3333333333333333,400
11369827,고려대학교 서울캠퍼스,표본경계검토,고려대학교 정경관후문,,B_좌표만,37.5868333780378,127.030107690954,Kakao,키워드추가_보행미검증,False,202659.19999998363,554142.000000674,28,29,15,0.5172413793103449,400
11369827,고려대학교 서울캠퍼스,표본경계검토,고려대학교 의과대학 후문,,B_좌표만,37.5880714049665,127.026055948019,Kakao,키워드추가_보행미검증,False,202301.29999998971,554279.300000015,23,29,11,0.3793103448275862,400
11325169,국민대학교,기존문재검증,국민대학교 정문,정문,A_공식명칭+좌표,37.611078257923545,126.99462592662364,Kakao(기존수집),기존수집_재검증필요,False,199525.49999999686,556832.500000628,2,5,2,0.4,400
11325169,국민대학교,기존문재검증,국민대학교 후문,,B_좌표만,37.6111819935464,126.99966022671174,Kakao(기존수집),기존수집_재검증필요,False,199969.9999999996,556844.0000006291,2,11,1,0.09090909090909091,400
17932927,동국대학교 서울캠퍼스,추가명명문확보,동국대학교 서울캠퍼스 정문,정문,A_공식명칭+좌표,37.5565862667084,127.003021774672,Kakao(기존수집),기존수집_재검증필요,False,200266.9999999741,550784.5000007147,15,17,9,0.5294117647058824,400
17932927,동국대학교 서울캠퍼스,추가명명문확보,동국대학교 서울캠퍼스 후문,후문,A_공식명칭+좌표,37.56071287063473,126.99936392096474,Kakao(기존수집),기존수집_재검증필요,False,199943.80000000054,551242.5000007107,21,29,11,0.3793103448275862,400
17932927,동국대학교 서울캠퍼스,추가명명문확보,동국대학교 서울캠퍼스 혜화문,혜화문,A_공식명칭+좌표,37.558491876337975,127.00301053382915,Kakao,명명문_현행보행미검증,False,200266.00000000134,550996.0000007148,15,17,10,0.5882352941176471,400
7927244,삼육대학교,별칭확인,삼육대학교 정문,정문,A_공식명칭+좌표,37.6384726542803,127.107407603219,Kakao(기존수집),기존수집_재검증필요,False,209480.00000008257,559878.4000005857,4,8,3,0.375,400
7927244,삼육대학교,별칭확인,삼육대학교 후문,후문,A_공식명칭+좌표,37.64370325547748,127.10894931173723,Kakao(기존수집),기존수집_재검증필요,False,209615.40000005686,560459.1000005772,0,0,0,,400
11265361,서강대학교,추가명명문확보,서강대학교 정문,정문,A_공식명칭+좌표,37.5516352233547,126.937925314256,Kakao(기존수집),기존수집_재검증필요,False,194514.79999998424,550236.8000007259,19,25,9,0.36,400
11265361,서강대학교,추가명명문확보,서강대학교 후문,후문,A_공식명칭+좌표,37.5507696837461,126.943969110916,Kakao(기존수집),기존수집_재검증필요,False,195048.800000001,550140.4000007233,36,27,16,0.5925925925925926,400
11265361,서강대학교,추가명명문확보,서강대학교 남문,남문,A_공식명칭+좌표,37.5494986137581,126.938996489276,Kakao,명명문_현행보행미검증,False,194609.29999996567,549999.6000007296,30,28,16,0.5714285714285714,400
11137036,서울대학교 관악캠퍼스,내부나들문구분,서울대학교 관악캠퍼스 정문,,B_좌표만,37.46635296836386,126.9484033871627,Kakao(기존수집),기존수집_재검증필요,False,195435.4999999715,540771.0000008647,6,4,2,0.5,400
11137036,서울대학교 관악캠퍼스,내부나들문구분,서울대학교 관악캠퍼스 후문,,B_좌표만,37.46435380870474,126.95796646773653,Kakao(기존수집),기존수집_재검증필요,False,196281.39999997956,540548.7000008686,0,2,0,0.0,400
10498806,서울시립대학교,추가문좌표필요,서울시립대학교 정문,정문,A_공식명칭+좌표,37.5834771622868,127.055113438416,Kakao(기존수집),기존수집_재검증필요,False,204868.0000000476,553770.500000676,18,18,12,0.6666666666666666,400
10498806,서울시립대학교,추가문좌표필요,서울시립대학교 후문,,B_좌표만,37.58521140994416,127.06094546401724,Kakao(기존수집),기존수집_재검증필요,False,205383.0000000003,553963.3000000193,0,0,0,,400
26351246,성균관대학교 인문사회과학캠퍼스,추가문좌표필요,성균관대학교 인문사회과학캠퍼스 정문,정문,A_공식명칭+좌표,37.5850002309339,126.996838384994,Kakao(기존수집),기존수집_재검증필요,False,199720.7499999923,553938.1200006697,14,24,7,0.2916666666666667,400
26351246,성균관대학교 인문사회과학캠퍼스,추가문좌표필요,성균관대학교 후문,후문,A_공식명칭+좌표,37.5892983133587,126.990086054512,Kakao(기존수집),기존수집_재검증필요,False,199124.4000000255,554415.2000006675,0,1,0,0.0,400
11331177,성신여자대학교 돈암수정캠퍼스,명칭대응검토,성신여자대학교 돈암수정캠퍼스 후문,후문,A_공식명칭+좌표,37.58972730081695,127.02228272795853,Kakao(기존수집),기존수집_재검증필요,False,201968.00000001385,554463.0000006633,24,26,12,0.46153846153846156,400
11331177,성신여자대학교 돈암수정캠퍼스,명칭대응검토,성신여자대학교 돈암수정캠퍼스 중문,,B_좌표만,37.59089862055114,127.02212455934624,Kakao(기존수집),기존수집_재검증필요,False,201954.00000001292,554593.0000006611,16,19,7,0.3684210526315789,400
11184697,이화여자대학교,추가명명문확보,이화여자대학교 정문,정문,A_공식명칭+좌표,37.5594236592153,126.94566937595,Kakao(기존수집),기존수집_재검증필요,False,195199.59999997032,551100.8000007158,22,25,12,0.48,400
11184697,이화여자대학교,추가명명문확보,이화여자대학교 후문,후문,A_공식명칭+좌표,37.5635317504439,126.944692996803,Kakao(기존수집),기존수집_재검증필요,False,195113.59999995262,551556.800000709,4,5,3,0.6,400
11184697,이화여자대학교,추가명명문확보,이화여자대학교 북아현문,북아현문,A_공식명칭+좌표,37.56809505093891,126.95021794364268,Kakao,명명문_현행보행미검증,False,195601.99999997558,552063.0000006994,0,0,0,,400
11211235,한양대학교 서울캠퍼스,지하접근분리,한양대학교 서울캠퍼스 정문,정문,A_공식명칭+좌표,37.5579753193835,127.042173212423,Kakao(기존수집),기존수집_재검증필요,False,203726.3000000385,550939.5000000228,34,32,17,0.53125,400
11211235,한양대학교 서울캠퍼스,지하접근분리,한양대학교 후문,후문,A_공식명칭+좌표,37.5558504729312,127.049864448928,Kakao(기존수집),기존수집_재검증필요,False,204406.0000000003,550704.0000000161,6,5,3,0.6,400
8663561,홍익대학교 서울캠퍼스,기존문재검증,홍익대학교 서울캠퍼스 정문,정문,A_공식명칭+좌표,37.55275180872968,126.92443913897053,Kakao(기존수집),기존수집_재검증필요,False,193323.19999996113,550361.6000007235,36,32,16,0.5,400
8663561,홍익대학교 서울캠퍼스,기존문재검증,홍익대학교 후문,후문,A_공식명칭+좌표,37.5514381904153,126.927369234147,Kakao(기존수집),기존수집_재검증필요,False,193581.9999999786,550215.6000007304,16,13,8,0.6153846153846154,400
11333604,명지대학교 인문캠퍼스,추가좌표확보,명지대학교 후문,,B_좌표만,37.5811955492862,126.924764756554,Kakao(기존수집),기존수집_재검증필요,False,193354.5000000001,553518.5000000239,24,23,13,0.5652173913043478,400
11333604,명지대학교 인문캠퍼스,추가좌표확보,명지대학교 입구,,B_좌표만,37.5798245779138,126.923891021078,Kakao,추가위치_보행미검증,False,193277.19999998237,553366.4000006807,33,30,17,0.5666666666666667,400
9108449,서울과학기술대학교,추가좌표확보,서울과학기술대학교 정문,정문,A_공식명칭+좌표,37.63022194847668,127.07672337790524,Kakao(기존수집),기존수집_재검증필요,False,206772.5000000407,558960.0000005972,10,21,7,0.3333333333333333,400
9108449,서울과학기술대학교,추가좌표확보,서울과학기술대학교 창의문,창의문,A_공식명칭+좌표,37.63152013408023,127.08305249432318,Kakao,명명문_OSM보행태그일치,False,207331.05419298096,559104.5606279075,3,4,1,0.25,400
9108449,서울과학기술대학교,추가좌표확보,서울과학기술대학교 협동문,협동문,A_공식명칭+좌표,37.6363709900495,127.075613734931,Kakao,명명문_OSM보행태그일치,False,206674.0000000709,559642.4000005896,16,24,8,0.3333333333333333,400
7813439,숙명여자대학교,추가좌표확보,숙명여자대학교 제1캠퍼스 정문,,B_좌표만,37.5452474193529,126.964862197806,Kakao(기존수집),기존수집_재검증필요,False,196894.80000002246,549526.6000007358,18,18,9,0.5,400
7813439,숙명여자대학교,추가좌표확보,숙명여자대학교 지혜문,,B_좌표만,37.5457100606441,126.963309444239,Kakao,추가위치_보행미검증,False,196757.5999999561,549578.0000007339,18,18,9,0.5,400
12840668,건국대학교 서울캠퍼스,추가좌표확보,건국대학교 건국문,건국문,A_공식명칭+좌표,37.545150296654754,127.07663044995196,Kakao,명명문_현행보행미검증,False,206772.00000000268,549518.0000000193,12,17,8,0.47058823529411764,400
12840668,건국대학교 서울캠퍼스,추가좌표확보,건국대학교 상허문,상허문,A_공식명칭+좌표,37.539599090412,127.072587598758,Kakao,명명문_현행보행미검증,False,206415.20000003348,548901.6000007449,18,17,7,0.4117647058823529,400
12840668,건국대학교 서울캠퍼스,추가좌표확보,건국대학교 일감문,일감문,A_공식명칭+좌표,37.5390502671874,127.074220931761,Kakao,명명문_현행보행미검증,False,206559.600000035,548840.8000007487,21,20,9,0.45,400
12840668,건국대학교 서울캠퍼스,추가좌표확보,건국대학교 출입구4,,B_좌표만,37.5429365798393,127.07228305438,Kakao,번호문_보행미검증,False,206387.99999999773,549272.00000074,14,12,7,0.5833333333333334,400
12840668,건국대학교 서울캠퍼스,추가좌표확보,건국대학교 출입문3,,B_좌표만,37.541952973462,127.071815914684,Kakao,번호문_보행미검증,False,206346.80000008125,549162.8000007408,14,12,7,0.5833333333333334,400
7940291,서울교육대학교,추가좌표확보,서울교육대학교 사향문,,B_좌표만,37.4892180773366,127.016576555259,Kakao,명명문_현행보행미검증,False,201466.000000021,543307.6000008222,18,22,9,0.4090909090909091,400
7940291,서울교육대학교,추가좌표확보,서울교육대학교 청람문,,B_좌표만,37.4903283840274,127.014564064946,Kakao,명명문_현행보행미검증,False,201287.99999997427,543430.8000008218,15,24,7,0.2916666666666667,400
7940291,서울교육대학교,추가좌표확보,서울교육대학교 쪽문,,B_좌표만,37.4915192138678,127.016837140498,Kakao,쪽문_명칭보행미검증,False,201489.00000004843,543563.0000008262,13,30,8,0.26666666666666666,400
11219441,한국체육대학교,추가좌표확보,한체대 정문,정문,A_공식명칭+좌표,37.5177329,127.1315594,OSM,명명문_OSM보행태그있음,False,211630.44943420618,546480.3803037412,12,6,4,0.6666666666666666,400
11219441,한국체육대학교,추가좌표확보,한체대 후문,후문,A_공식명칭+좌표,37.5210963,127.1319403,OSM,명명문_보행미검증,False,211663.5992059643,546853.72274727,15,15,2,0.13333333333333333,400
