id,place_name,category_name,address_name,lat,lon
19553259,KAIST 도곡캠퍼스,"교육,학문 > 학교 > 대학교",서울 강남구 도곡동 517-10,37.4836500699836,127.043878253742
17384594,KAIST 서울캠퍼스,"교육,학문 > 학교 > 대학교",서울 동대문구 청량리동 207-43,37.5926754214934,127.04669593138594
8132452,가톨릭대학교 성신교정,"교육,학문 > 학교 > 대학교",서울 종로구 혜화동 90-1,37.586336176926416,127.0045786211564
8127185,가톨릭대학교 성의교정,"교육,학문 > 학교 > 대학교",서울 서초구 반포동 505,37.50034024242348,127.00546225349586
8138835,감리교신학대학교,"교육,학문 > 학교 > 대학교",서울 서대문구 냉천동 31,37.56712464691834,126.96229041120144
11025307,강서대학교,"교육,학문 > 학교 > 대학교",서울 강서구 화곡동 953-1,37.54868908805067,126.85415538586544
12840668,건국대학교 서울캠퍼스,"교육,학문 > 학교 > 대학교",서울 광진구 화양동 1,37.54353609458752,127.07741635877292
11350554,경기대학교 서울캠퍼스,"교육,학문 > 학교 > 대학교",서울 서대문구 충정로2가 67-13,37.5651964618968,126.962122732909
11038502,경희대학교 서울캠퍼스,"교육,학문 > 학교 > 대학교",서울 동대문구 회기동 1-5,37.5971656623384,127.05173889409078
11369827,고려대학교 서울캠퍼스,"교육,학문 > 학교 > 대학교",서울 성북구 안암동5가 1-2,37.58952676118784,127.03231892661324
10148561,광운대학교,"교육,학문 > 학교 > 대학교",서울 노원구 월계동 447-1,37.6192404638865,127.058270608867
11325169,국민대학교,"교육,학문 > 학교 > 대학교",서울 성북구 정릉동 861-1,37.6107638961532,126.996969239236
1958037939,국방대학교 서울캠퍼스,"교육,학문 > 학교 > 대학교",서울 용산구 용산동2가 2-8,37.5433425647046,126.979577775166
8262964,덕성여자대학교,"교육,학문 > 학교 > 대학교",서울 도봉구 쌍문동 419,37.6515749391798,127.01506010559515
24917807,덕성여자대학교 종로운현캠퍼스,"교육,학문 > 학교 > 대학교",서울 종로구 운니동 114-7,37.57558768471253,126.98783624824468
17932927,동국대학교 서울캠퍼스,"교육,학문 > 학교 > 대학교",서울 중구 필동3가 26-1,37.55808646250296,127.0009054188026
8917867,동덕여자대학교,"교육,학문 > 학교 > 대학교",서울 성북구 하월곡동 23-1,37.6069903921957,127.041812418483
11333604,명지대학교 인문캠퍼스,"교육,학문 > 학교 > 대학교",서울 서대문구 남가좌동 50-3,37.580234738358605,126.92282415743652
21412515,백석대학교 서울캠퍼스,"교육,학문 > 학교 > 대학교",서울 서초구 방배동 981-56,37.48065242967588,126.99769808910575
8317120,백석예술대학교,"교육,학문 > 학교 > 대학교",서울 서초구 방배동 981-7,37.4802271184499,126.996318772402
7927244,삼육대학교,"교육,학문 > 학교 > 대학교",서울 노원구 공릉동 26-21,37.64310630939192,127.1055288599095
8356870,상명대학교 서울캠퍼스,"교육,학문 > 학교 > 대학교",서울 종로구 홍지동 7-1,37.6023222243288,126.955350026719
11265361,서강대학교,"교육,학문 > 학교 > 대학교",서울 마포구 신수동 1-1,37.55110656067633,126.94010194985516
7946584,서경대학교,"교육,학문 > 학교 > 대학교",서울 성북구 정릉동 산 16-1,37.61537353959452,127.0133515744132
9108449,서울과학기술대학교,"교육,학문 > 학교 > 대학교",서울 노원구 공릉동 172,37.63188100081528,127.08027896385352
24447409,서울과학종합대학교,"교육,학문 > 학교 > 대학교",서울 서대문구 대현동 67-7,37.5573742802628,126.94855006801
7940291,서울교육대학교,"교육,학문 > 학교 > 대학교",서울 서초구 서초동 1650,37.48956876788431,127.01509536476112
7939462,서울기독대학교,"교육,학문 > 학교 > 대학교",서울 은평구 신사동 1-19,37.60062243984443,126.91256378597808
11137036,서울대학교 관악캠퍼스,"교육,학문 > 학교 > 대학교",서울 관악구 신림동 산 56-1,37.45978574975834,126.9511239870991
11137164,서울대학교 연건캠퍼스,"교육,학문 > 학교 > 대학교",서울 종로구 연건동 28-2,37.58059602876065,127.00139816097384
10498806,서울시립대학교,"교육,학문 > 학교 > 대학교",서울 동대문구 전농동 694,37.584828300773886,127.05773316246166
9879420,서울여자대학교 서울캠퍼스,"교육,학문 > 학교 > 대학교",서울 노원구 공릉동 126,37.626144976334544,127.09302024107473
1555825433,서울예술대학교 남산캠퍼스,"교육,학문 > 학교 > 대학교",서울 중구 예장동 8-19,37.55895084978155,126.98836297043285
8139895,서울한영대학교,"교육,학문 > 학교 > 대학교",서울 구로구 개봉동 415-9,37.4965322224543,126.851529283597
20599241,성공회대학교,"교육,학문 > 학교 > 대학교",서울 구로구 항동 1-1,37.48751225169089,126.82580094374968
26351246,성균관대학교 인문사회과학캠퍼스,"교육,학문 > 학교 > 대학교",서울 종로구 명륜3가 53-21,37.58831649367718,126.99396747284504
11331177,성신여자대학교 돈암수정캠퍼스,"교육,학문 > 학교 > 대학교",서울 성북구 돈암동 173-1,37.5916680669509,127.022129316251
12817755,성신여자대학교 미아운정그린캠퍼스,"교육,학문 > 학교 > 대학교",서울 강북구 미아동 147,37.63201869351786,127.0272291016319
7949668,세종대학교,"교육,학문 > 학교 > 대학교",서울 광진구 군자동 98,37.55063889293535,127.0742595815513
7813439,숙명여자대학교,"교육,학문 > 학교 > 대학교",서울 용산구 청파동2가 53-12,37.54643849947151,126.9647258470644
11124718,숭실대학교,"교육,학문 > 학교 > 대학교",서울 동작구 상도동 511,37.49585303394437,126.95781764313084
7813437,연세대학교 신촌캠퍼스,"교육,학문 > 학교 > 대학교",서울 서대문구 신촌동 134,37.56433710667622,126.93893572124549
11184697,이화여자대학교,"교육,학문 > 학교 > 대학교",서울 서대문구 대현동 11-1,37.562544705628845,126.94765009467244
1675674517,이화여자대학교 의과대학,"교육,학문 > 학교 > 대학교",서울 강서구 마곡동 728-32,37.55624470243906,126.83617761189971
8505917,장로회신학대학교,"교육,학문 > 학교 > 대학교",서울 광진구 광장동 353,37.5494307957574,127.10392551638648
26379626,정화예술대학교 명동캠퍼스 남산관,"교육,학문 > 학교 > 대학교",서울 중구 회현동1가 100-48,37.5564973321978,126.980705935152
11160006,중앙대학교 서울캠퍼스,"교육,학문 > 학교 > 대학교",서울 동작구 흑석동 221,37.50514938189445,126.95717341298158
11237653,총신대학교 사당캠퍼스,"교육,학문 > 학교 > 대학교",서울 동작구 사당동 200-1,37.48894434956749,126.96707315671416
8095775,추계예술대학교,"교육,학문 > 학교 > 대학교",서울 서대문구 북아현동 190-1,37.562574335157535,126.95388425571608
1111828096,태재대학교,"교육,학문 > 학교 > 대학교",서울 종로구 원서동 9-4,37.5835930655227,126.988327435237
8135259,한국방송통신대학교 대학본부,"교육,학문 > 학교 > 대학교",서울 종로구 동숭동 169-1,37.5792472133724,127.002907216688
12552760,한국방송통신대학교 서울지역대학,"교육,학문 > 학교 > 대학교",서울 성동구 성수동1가 656-308,37.5473466763422,127.045852880825
17010755,한국성서대학교,"교육,학문 > 학교 > 대학교",서울 노원구 상계동 205-4,37.64898844354454,127.06490238136436
26628690,한국예술종합학교 대학로캠퍼스,"교육,학문 > 학교 > 대학교",서울 종로구 와룡동 2-70,37.5825124051914,126.99672810624584
8149858,한국예술종합학교 서초동캠퍼스,"교육,학문 > 학교 > 대학교",서울 서초구 서초동 1753,37.4780714638708,127.010844385988
8644095,한국예술종합학교 석관동캠퍼스,"교육,학문 > 학교 > 대학교",서울 성북구 석관동 409,37.60656959296795,127.05697079689452
11244281,한국외국어대학교 서울캠퍼스,"교육,학문 > 학교 > 대학교",서울 동대문구 이문동 270-1,37.5975430443335,127.05784829549488
11219441,한국체육대학교,"교육,학문 > 학교 > 대학교",서울 송파구 방이동 88-15,37.5201630106531,127.130811990731
11272875,한성대학교,"교육,학문 > 학교 > 대학교",서울 성북구 삼선동2가 389,37.5825624632779,127.010225523923
11211235,한양대학교 서울캠퍼스,"교육,학문 > 학교 > 대학교",서울 성동구 사근동 110,37.5566436823703,127.0445265052646
10942308,한양여자대학교,"교육,학문 > 학교 > 대학교",서울 성동구 사근동 110,37.558968112905,127.049413811776
1754204137,호원대학교 서울캠퍼스,"교육,학문 > 학교 > 대학교",서울 강서구 화곡동 849-22,37.531266053072,126.856022132996
18710749,홍익대학교 대학로캠퍼스,"교육,학문 > 학교 > 대학교",서울 종로구 연건동 128-8,37.5763820797777,127.001353932217
8663561,홍익대학교 서울캠퍼스,"교육,학문 > 학교 > 대학교",서울 마포구 상수동 72-1,37.550874837441,126.925554591431
