univ_id,univ_name,gate_type,place_name,lat,lon,대학대표점_거리_m,이름매칭,출처
17384594,KAIST 서울캠퍼스,중문,KAIST 서울캠퍼스 중문,37.5913978228737,127.041871630289,448.2,True,Kakao
11350554,경기대학교 서울캠퍼스,후문,경기대학교 서울캠퍼스 후문,37.564039417736,126.961611716429,136.3,True,Kakao
11350554,경기대학교 서울캠퍼스,정문,경기대학교 서울캠퍼스 정문,37.5646956381472,126.962530460914,66.3,True,Kakao
11038502,경희대학교 서울캠퍼스,정문,경희대학교 정문,37.5938315697917,127.052697920723,380.2,True,Kakao
11038502,경희대학교 서울캠퍼스,후문,경희대학교 후문,37.5981142355862,127.05412773906,235.4,True,Kakao
11038502,경희대학교 서울캠퍼스,남문,경희대학교 남문,37.5945543473825,127.056208639286,489.3,True,Kakao
11369827,고려대학교 서울캠퍼스,정문,고려대학교 서울캠퍼스 정문,37.58815247199953,127.03424727911144,228.5,True,Kakao
11369827,고려대학교 서울캠퍼스,후문,고려대학교 서울캠퍼스 후문,37.5909234976879,127.031585819286,168.2,True,Kakao
10148561,광운대학교,후문,광운대학교 후문,37.6202031137874,127.061053306516,267.4,True,Kakao
11325169,국민대학교,정문,국민대학교 정문,37.611078257923545,126.99462592662364,209.4,True,Kakao
11325169,국민대학교,후문,국민대학교 후문,37.6111819935464,126.99966022671174,241.6,True,Kakao
8262964,덕성여자대학교,후문,덕성여자대학교 후문,37.6525503981283,127.017288184806,224.1,True,Kakao
17932927,동국대학교 서울캠퍼스,정문,동국대학교 서울캠퍼스 정문,37.5565862667084,127.003021774672,250.3,True,Kakao
17932927,동국대학교 서울캠퍼스,후문,동국대학교 서울캠퍼스 후문,37.56071287063473,126.99936392096474,322.1,True,Kakao
11333604,명지대학교 인문캠퍼스,후문,명지대학교 후문,37.5811955492862,126.924764756554,201.6,True,Kakao
7927244,삼육대학교,정문,삼육대학교 정문,37.6384726542803,127.107407603219,541.1,True,Kakao
7927244,삼육대학교,후문,삼육대학교 후문,37.64370325547748,127.10894931173723,308.4,True,Kakao
8356870,상명대학교 서울캠퍼스,후문,상명대학교 서울캠퍼스 후문,37.6040681518797,126.957266254381,257.3,True,Kakao
11265361,서강대학교,정문,서강대학교 정문,37.5516352233547,126.937925314256,200.7,True,Kakao
11265361,서강대학교,후문,서강대학교 후문,37.5507696837461,126.943969110916,343.0,True,Kakao
7946584,서경대학교,서문,서경대학교 서문입구,37.6162361929177,127.009061234256,389.9,True,Kakao
9108449,서울과학기술대학교,정문,서울과학기술대학교 정문,37.63022194847668,127.07672337790524,363.4,True,Kakao
11137036,서울대학교 관악캠퍼스,정문,서울대학교 관악캠퍼스 정문,37.46635296836386,126.9484033871627,768.7,True,Kakao
11137036,서울대학교 관악캠퍼스,후문,서울대학교 관악캠퍼스 후문,37.46435380870474,126.95796646773653,789.1,True,Kakao
10498806,서울시립대학교,정문,서울시립대학교 정문,37.5834771622868,127.055113438416,275.4,True,Kakao
10498806,서울시립대학교,후문,서울시립대학교 후문,37.58521140994416,127.06094546401724,286.2,True,Kakao
9879420,서울여자대학교 서울캠퍼스,후문,서울여자대학교 서울캠퍼스 후문,37.6254026275759,127.088244593526,428.6,True,Kakao
26351246,성균관대학교 인문사회과학캠퍼스,정문,성균관대학교 인문사회과학캠퍼스 정문,37.5850002309339,126.996838384994,447.2,True,Kakao
26351246,성균관대학교 인문사회과학캠퍼스,후문,성균관대학교 후문,37.5892983133587,126.990086054512,359.0,True,Kakao
11331177,성신여자대학교 돈암수정캠퍼스,후문,성신여자대학교 돈암수정캠퍼스 후문,37.58972730081695,127.02228272795853,216.2,True,Kakao
11331177,성신여자대학교 돈암수정캠퍼스,중문,성신여자대학교 돈암수정캠퍼스 중문,37.59089862055114,127.02212455934624,85.6,True,Kakao
7949668,세종대학교,정문,세종대학교 정문,37.5491013244794,127.074995883714,182.9,True,Kakao
7813439,숙명여자대학교,정문,숙명여자대학교 제1캠퍼스 정문,37.5452474193529,126.964862197806,133.0,True,Kakao
11124718,숭실대학교,정문,숭실대학교 정문,37.4959716382717,126.954504228758,292.6,True,Kakao
11124718,숭실대학교,후문,숭실대학교 후문,37.4975118612233,126.958025918926,185.4,True,Kakao
11124718,숭실대학교,남문,숭실대학교 남문,37.49526235075583,126.95888773551717,115.0,True,Kakao
11124718,숭실대학교,북문,숭실대학교 북문,37.49788848499963,126.95557060175776,300.9,True,Kakao
11124718,숭실대학교,중문,숭실대학교 중문,37.4954282647667,126.956725502974,107.3,True,Kakao
7813437,연세대학교 신촌캠퍼스,정문,연세대학교 정문,37.5604968585685,126.936840480172,465.2,True,Kakao
7813437,연세대학교 신촌캠퍼스,동문,연세대학교 동문,37.5660622423696,126.945759633944,631.3,True,Kakao
7813437,연세대학교 신촌캠퍼스,서문,연세대학교 서문,37.5637749061639,126.933953735176,443.5,True,Kakao
7813437,연세대학교 신촌캠퍼스,남문,연세대학교 남문,37.5614750339922,126.933014087396,611.3,True,Kakao
7813437,연세대학교 신촌캠퍼스,북문,연세대학교 북문,37.5726756675515,126.93864138705,927.6,True,Kakao
11184697,이화여자대학교,정문,이화여자대학교 정문,37.5594236592153,126.94566937595,388.5,True,Kakao
11184697,이화여자대학교,후문,이화여자대학교 후문,37.5635317504439,126.944692996803,282.8,True,Kakao
8505917,장로회신학대학교,서문,장로회신학대학교 서문,37.5503594632698,127.102160290498,186.8,True,Kakao
8505917,장로회신학대학교,남문,장로회신학대학교 남문,37.5492641798734,127.104866809209,85.0,True,Kakao
8505917,장로회신학대학교,북문,장로회신학대학교 북문,37.5516819391163,127.103412597755,254.4,True,Kakao
11160006,중앙대학교 서울캠퍼스,정문,중앙대학교 서울캠퍼스 정문,37.5067563369528,126.958469749756,212.1,True,Kakao
11160006,중앙대학교 서울캠퍼스,후문,중앙대학교 서울캠퍼스 후문,37.5049202595248,126.954064506402,275.4,True,Kakao
11160006,중앙대학교 서울캠퍼스,중문,중앙대학교 서울캠퍼스 중문,37.5059431853532,126.957222722899,88.4,True,Kakao
11244281,한국외국어대학교 서울캠퍼스,정문,한국외대정문,37.5965021772992,127.060096346596,229.4,False,Kakao
11272875,한성대학교,남문,한성대학교 남문,37.5811424451233,127.010811769121,166.1,True,Kakao
11211235,한양대학교 서울캠퍼스,정문,한양대학교 서울캠퍼스 정문,37.5579753193835,127.042173212423,254.9,True,Kakao
11211235,한양대학교 서울캠퍼스,후문,한양대학교 후문,37.5558504729312,127.049864448928,478.7,True,Kakao
8663561,홍익대학교 서울캠퍼스,정문,홍익대학교 서울캠퍼스 정문,37.55275180872968,126.92443913897053,230.7,True,Kakao
8663561,홍익대학교 서울캠퍼스,후문,홍익대학교 후문,37.5514381904153,126.927369234147,171.8,True,Kakao
11265361,서강대학교,정문,정문,37.5540583,126.93916,338.6,False,OSM
7813439,숙명여자대학교,후문,효창공원 후문,37.5467534,126.9618522,255.8,False,OSM
7813439,숙명여자대학교,정문,효창공원 정문,37.5449416,126.9635198,197.5,False,OSM
11124718,숭실대학교,후문,숭실대학교 후문,37.4954534,126.9607987,266.7,True,OSM
7813437,연세대학교 신촌캠퍼스,정문,제1공학관 정문,37.5617378,126.9366855,350.5,False,OSM
7813437,연세대학교 신촌캠퍼스,정문,과학관 정문,37.5641159,126.9349574,351.5,False,OSM
7813437,연세대학교 신촌캠퍼스,정문,도서관 정문,37.5636927,126.9371423,173.6,False,OSM
7813437,연세대학교 신촌캠퍼스,정문,연희관 정문,37.5672379,126.939015,322.6,False,OSM
7813437,연세대학교 신촌캠퍼스,후문,후문,37.5634042,126.9385494,109.2,False,OSM
7813437,연세대학교 신촌캠퍼스,정문,정문,37.563457,126.9382973,112.9,False,OSM
7813437,연세대학교 신촌캠퍼스,후문,부를샘 후문 (학생회관,37.5631155,126.9384551,142.3,False,OSM
7813437,연세대학교 신촌캠퍼스,후문,고를샘 후문,37.5639525,126.9385427,55.0,False,OSM
7813437,연세대학교 신촌캠퍼스,후문,연희관 후문,37.5673667,126.939059,337.1,False,OSM
