지자체_광역,지자체_기초,지점명,발생건수,사망자수,보 기,MOTOCY_CNT,CYCLE_CNT,WALK_CNT,DRK
서울,강남구,기독교TV,28,0,,1,0,0,0
서울,강남구,CJ미디어,6,0,,0,0,0,0
서울,강남구,영동호텔(북서방향 100M),8,0,,0,0,0,1
서울,강남구,청하빌딩(북방향 152M),8,0,,0,0,0,0
서울,강남구,청하빌딩(남남동방향 72M),7,0,,0,0,0,0
서울,강남구,대동빌딩앞삼성고객프,11,0,,0,0,0,0
서울,강남구,파스쿠찌신논현점(북북동방향 100M),15,0,,0,0,0,1
서울,강남구,동궁타운앞(북동방향 157M),8,0,,0,0,0,0
서울,강남구,은마아파트입구교차로,9,0,,0,1,0,0
서울,강남구,영동소방,6,0,,0,0,0,1
서울,강남구,롯데백화점앞(북북서방향 156M),7,0,,0,0,0,0
서울,강남구,기독교TV(동북동방향 73M),19,0,,0,0,0,0
서울,강남구,BR코리아본사(동북동방향 53M),7,1,,0,0,0,0
서울,강남구,롯데캐슬아파트,7,0,,0,0,0,0
서울,강남구,과학기술회관(남서방향 124M),8,0,,0,0,0,0
서울,강남구,르네상스호텔사거리,7,0,,0,1,0,0
서울,강남구,한티역앞교차로(남방향 128M),6,0,,1,0,0,0
서울,강남구,대동빌딩앞삼성고객프(북북동방향 108M),14,0,,1,0,0,1
서울,강남구,극동Gallery(남남서방향 76M),10,0,,0,0,0,0
서울,강남구,한양타운앞(북서방향 88M),9,0,,0,0,0,1
서울,강남구,한은금융결재원(남남동방향 198M),7,0,,0,0,0,1
서울,강남구,준빌딩(동북동방향 174M),9,0,,0,0,0,0
서울,강남구,국민연금관리공단(북방향 82M),12,0,,0,0,0,1
서울,강남구,한국타이어빌딩(남방향 80M),10,0,,0,0,0,0
서울,강남구,청하빌딩(북북동방향 114M),17,0,,1,0,0,0
서울,강남구,파스쿠찌신논현점,12,0,,0,0,0,0
서울,강남구,대동빌딩앞삼성고객프(동방향 81M),14,0,,0,0,0,0
서울,강남구,신사동640빌딩(남동방향 231M),15,0,,0,0,0,0
서울,강남구,한양타운앞(서방향 160M),17,0,,0,0,0,2
서울,강남구,기독교TV(동북동방향 177M),18,0,,1,0,0,1
서울,강동구,상일IC입구교차로,4,0,,0,0,0,0
서울,강동구,천호초교입구교차로(남서방향 135M),5,0,,0,0,0,1
서울,강동구,성덕여중교,8,0,,0,0,0,0
서울,강동구,천호신사거리,8,0,,1,0,0,1
서울,강동구,천호동373,6,0,,0,0,0,0
서울,강동구,브라운스톤아파트앞,8,0,,0,1,0,0
서울,강동구,암사역사거리(동남동방향 104M),6,0,,0,0,0,0
서울,강동구,길동사거리앞교차로(동방향 191M),7,0,,0,0,0,0
서울,강동구,명일동사무소(남동방향 66M),7,0,,0,1,0,0
서울,강동구,천호사거리(북북동방향 104M),6,0,,0,1,0,0
서울,강동구,천동초교입구교차로,4,1,,1,0,0,0
서울,강동구,명일역앞교차로(남방향 122M),6,0,,0,1,0,0
서울,강동구,길동시장,7,0,,1,3,0,0
서울,강동구,굽은다리역교차로(북방향 157M),6,0,,0,0,0,0
서울,강동구,암사역사거리,4,0,,1,0,0,0
서울,강동구,천호시장사거리,4,0,,1,0,0,0
서울,강동구,천호시장사거리,6,0,,2,2,0,0
서울,강동구,주공6단지앞교차로(동방향 120M),4,0,,0,0,0,0
서울,강동구,천동초교앞교차로,4,0,,2,0,0,0
서울,강동구,마루빌딩(북동방향 164M),5,0,,0,0,0,0
서울,강동구,서울체고앞(북동방향 114M),4,0,,0,0,0,0
서울,강동구,삼환아파트(서방향 118M),4,0,,0,0,0,0
서울,강동구,천호동163-2(동방향 75M),4,0,,2,0,0,0
서울,강동구,광진교남단사거리(서북서방향 209M),3,0,,1,0,0,0
서울,강동구,강동구민회관(서남서방향 82M),4,0,,1,0,0,0
서울,강동구,금호아파트,5,0,,0,0,0,1
서울,강동구,농협하나로마트앞(서방향 73M),5,0,,1,0,0,0
서울,강동구,브라운스톤아파트앞(남동방향 263M),3,0,,0,0,0,0
서울,강동구,명일동사무소,7,0,,0,1,0,0
서울,강동구,천호사거리,7,1,,0,1,0,2
서울,강북구,지성한의원,9,0,,1,0,0,0
서울,강북구,수유역앞교차로,31,0,,5,1,0,0
서울,강북구,미아삼거리역(북방향 132M),16,0,,1,1,0,0
서울,강북구,수유역앞교차로(북서방향 97M),29,0,,2,0,0,0
서울,강북구,미아삼거리역,15,0,,2,2,0,0
서울,강북구,수유치과의원,17,1,,2,2,0,0
서울,강북구,삼성생명(남남동방향 93M),11,1,,2,0,0,0
서울,강북구,쌍문시장,12,0,,1,0,0,0
서울,강북구,미아삼거리역(동북동방향 99M),12,0,,1,1,0,1
서울,강북구,강북구청사거리,12,0,,2,1,0,0
서울,강북구,코리아웨딩홀(북방향 213M),6,0,,0,1,0,0
서울,강북구,유봉빌딩(남방향 119M),7,0,,0,0,0,0
서울,강북구,삼양시장앞교차로(남남동방향 88M),6,0,,2,0,0,0
서울,강북구,광산사거리(남동방향 112M),5,0,,1,1,0,0
서울,강북구,서울강북경찰서,6,0,,0,0,0,0
서울,강북구,강북구청사거리(북동방향 199M),6,1,,0,0,0,0
서울,강북구,성일빌딩,7,0,,2,1,0,0
서울,강북구,북부경찰서입구,4,1,,0,0,0,0
서울,강북구,삼성생명,4,2,,0,0,0,0
서울,강북구,롯데백화점(남방향 98M),6,0,,0,0,0,0
서울,강북구,강북웨딩홀,8,0,,0,1,0,0
서울,강북구,쌍문시장(북동방향 81M),8,0,,0,0,0,0
서울,강북구,한마음약국,2,1,,0,0,0,0
서울,강북구,미아동1345-9,5,0,,0,0,0,0
서울,강북구,수유역앞교차로(서남서방향 94M),6,0,,0,0,0,0
서울,강북구,수유역앞교차로(북서방향 120M),26,0,,3,0,0,0
서울,강북구,미아삼거리역(북북동방향 144M),9,0,,1,1,0,0
서울,강북구,쌍문시장,11,0,,1,0,0,0
서울,강북구,강북구청사거리(북북동방향 171M),7,1,,0,0,0,0
서울,강북구,삼성생명(남남동방향 134M),9,0,,1,0,0,0
서울,강서구,한라한의원,19,0,,2,0,0,0
서울,강서구,화곡역사거리(남동방향 72M),8,0,,0,0,0,0
서울,강서구,화곡고가사거리(북북서방향 114M),11,0,,0,0,0,2
서울,강서구,강서구청입구,6,2,,0,0,0,0
서울,강서구,강서보건소,7,1,,0,0,0,0
서울,강서구,신라빌딩,10,0,,0,0,0,0
서울,강서구,신한은행앞(동방향 81M),8,0,,1,1,0,0
서울,강서구,서낭당공원,4,0,,0,0,0,0
서울,강서구,가양역사거리(북방향 54M),4,0,,0,0,0,0
서울,강서구,삼성홈플러스강서점,8,0,,0,2,0,0
서울,강서구,우장공원입구교차로(남남서방향 127M),6,1,,1,0,0,0
서울,강서구,화곡역사거리,6,0,,0,1,0,0
서울,강서구,진흥교회,5,0,,2,0,0,0
서울,강서구,증미역사거리,7,0,,0,0,0,0
서울,강서구,우성에스비타워앞,11,0,,1,0,0,1
서울,강서구,소망교회(서방향 294M),5,0,,1,0,0,0
서울,강서구,고가차도(서북서방향 282M),6,0,,0,0,0,0
서울,강서구,명덕고교입구교차로,3,0,,0,0,0,0
서울,강서구,재인제작소,3,1,,0,1,0,0
서울,강서구,성심약국,4,0,,1,1,0,0
서울,강서구,발산W타워앞,4,0,,0,0,0,0
서울,강서구,강서구청입구(남동방향 53M),3,0,,0,0,0,0
서울,강서구,진흥교회(서북서방향 228M),4,0,,0,0,0,0
서울,강서구,동면빌딩,3,0,,0,0,0,0
서울,강서구,한국폴리텍대학입구교차로(서북서방향 74M),3,0,,0,0,0,0
서울,강서구,소망교회,3,0,,0,1,0,0
서울,강서구,목동사거리,5,0,,1,0,0,0
서울,강서구,형제빌딩(남남동방향 90M),5,0,,0,1,0,0
서울,강서구,우장공원입구교차로(남서방향 104M),8,1,,1,3,0,0
서울,강서구,소망교회(서방향 275M),5,0,,1,0,0,0
서울,관악구,임마누엘교회(남방향 180M),7,0,,2,0,0,0
서울,관악구,청암인터그린타워,11,0,,1,1,0,0
서울,관악구,플랫화이트,10,0,,1,0,0,0
서울,관악구,낙성대역앞교차로,9,1,,2,0,0,1
서울,관악구,뿌리약국,12,0,,1,0,0,0
서울,관악구,사당역(서방향 58M),11,0,,0,0,0,1
서울,관악구,임마누엘교회(남방향 112M),8,1,,3,1,0,0
서울,관악구,구로디지털단지역앞교차로,8,0,,0,1,0,0
서울,관악구,패션거리입구(남방향 113M),9,0,,2,0,0,0
서울,관악구,신림3교,6,1,,0,0,0,0
서울,관악구,관악구청앞교차로,7,0,,3,0,0,0
서울,관악구,삼성교,5,0,,1,0,0,0
서울,관악구,청암인터그린타워(북서방향 85M),8,0,,1,1,0,0
서울,관악구,신림연세치과,6,0,,0,0,0,0
서울,관악구,신림빌딩(동방향 73M),9,0,,2,0,0,1
서울,관악구,우림시장,9,0,,0,1,0,0
서울,관악구,은천삼거리,4,1,,0,0,0,0
서울,관악구,봉림교앞교차로,5,0,,2,0,0,1
서울,관악구,관악프라자,7,0,,1,0,0,0
서울,관악구,프린스빌딩,7,0,,0,0,0,0
서울,관악구,패션거리입구,3,1,,1,0,0,0
서울,관악구,한독빌딩,5,0,,2,0,0,0
서울,관악구,서울대입구역앞교차로(남동방향 132M),6,0,,1,0,0,0
서울,관악구,정암빌딩,3,0,,0,1,0,0
서울,관악구,신성교,7,0,,0,0,0,0
서울,관악구,디지털단지입구교차로,9,0,,1,2,0,0
서울,관악구,봉천고개,2,1,,0,0,0,0
서울,관악구,봉천본동농협앞(남방향 113M),7,0,,2,0,0,0
서울,관악구,대림약국,4,0,,0,0,0,0
서울,관악구,봉천본동농협앞,5,0,,2,0,0,0
서울,광진구,흰돌교회(동남동방향 142M),2,0,,1,0,0,0
서울,광진구,건대입구역앞교차로(북서방향 204M),13,0,,0,0,0,2
서울,광진구,어린이대공원후문,6,1,,1,0,0,1
서울,광진구,중곡사거리,7,0,,0,0,0,0
서울,광진구,건대입구역앞교차로,10,0,,1,2,0,0
서울,광진구,건대입구역앞교차로(북서방향 320M),8,0,,0,0,0,0
서울,광진구,광장사거리,4,0,,0,0,0,0
서울,광진구,영화사삼거리(서북서방향 71M),5,0,,1,0,0,0
서울,광진구,능동119안전센터,3,0,,0,0,0,0
서울,광진구,방지거병원삼거리(북방향 94M),2,1,,0,1,0,0
서울,광진구,[지]중곡동 266-5,3,1,,0,0,0,0
서울,광진구,화양사거리(남동방향 109M),3,0,,0,0,0,1
서울,광진구,화양삼거리,3,0,,0,0,0,0
서울,광진구,아차산역(서울5호선)(남방향 57M),4,0,,0,1,0,0
서울,광진구,구의사거리,3,0,,0,0,0,0
서울,광진구,자양동216-13,6,0,,1,0,0,0
서울,광진구,잠실대교북단앞교차로(남남동방향 168M),3,0,,2,0,0,0
서울,광진구,성수사거리(동방향 223M),6,0,,0,0,0,1
서울,광진구,건대입구역앞교차로(북북동방향 264M),5,0,,1,0,0,0
서울,광진구,삼원빌딩,3,0,,0,1,0,1
서울,광진구,아차산역사거리(북북동방향 105M),3,0,,0,0,0,0
서울,광진구,자양동216-13,5,0,,1,1,0,0
서울,광진구,건대입구역앞교차로(북북서방향 99M),23,0,,1,0,0,1
서울,광진구,세종초등학교(동북동방향 64M),2,0,,0,0,0,0
서울,광진구,어린이대공원후문(북북동방향 167M),2,0,,0,0,0,0
서울,광진구,신성시장(남방향 160M),3,0,,0,1,0,1
서울,광진구,신자초교입구교차로,4,0,,0,1,0,0
서울,광진구,동성교회(서북서방향 119M),2,0,,0,0,0,0
서울,광진구,광제사약국(남남동방향 160M),2,0,,0,0,0,0
서울,광진구,성수사거리(동남동방향 247M),3,0,,0,0,0,1
서울,구로구,오류동삼거리(북서방향 67M),8,0,,1,1,0,1
서울,구로구,[지]오류동 6-2,12,0,,0,0,0,0
서울,구로구,고척2파출소앞교차로,9,0,,0,0,0,0
서울,구로구,디지털단지입구교차로,9,0,,0,2,0,1
서울,구로구,경서농협개봉역지점,8,0,,0,0,0,0
서울,구로구,오류동삼거리,9,0,,0,1,0,0
서울,구로구,한국인력관리공단,7,0,,1,0,0,0
서울,구로구,신도림동사무소(북서방향 66M),6,0,,0,0,0,0
서울,구로구,고대구로병원사거리,7,0,,0,1,0,0
서울,구로구,오류동역2번출구(남방향 128M),8,0,,0,0,0,0
서울,구로구,대림프라자,6,0,,1,1,0,0
서울,구로구,개봉1동사거리,5,1,,0,0,0,1
서울,구로구,중앙시장(동북동방향 95M),5,0,,0,0,0,0
서울,구로구,개봉고가차도,6,0,,0,0,0,1
서울,구로구,대성제5주유소(북동방향 59M),5,0,,0,0,0,0
서울,구로구,구로정형외과앞교차로,8,0,,1,0,0,0
서울,구로구,디지털단지입구교차로(서북서방향 125M),10,0,,0,1,0,1
서울,구로구,개웅교,4,0,,0,0,0,0
서울,구로구,AK플라자앞(남남서방향 90M),5,0,,1,0,0,0
서울,구로구,오류IC(남서방향 154M),5,0,,0,0,0,0
서울,구로구,항동80-6,4,0,,0,0,0,0
서울,구로구,동일테크노타운(서북서방향 139M),3,0,,1,0,0,0
서울,구로구,한남장로교회,4,0,,0,0,0,0
서울,구로구,동구로초등교(남서방향 114M),4,0,,0,1,0,0
서울,구로구,시티월드앞교차로,6,0,,0,0,0,0
서울,구로구,사무엘기독백화점(북북동방향 62M),4,0,,0,1,0,1
서울,구로구,궁동종합사회복지관앞,4,0,,0,0,0,0
서울,구로구,구로구청구의회앞교차로(서남서방향 175M),5,0,,1,1,0,0
서울,구로구,구로초등교,3,0,,0,0,0,0
서울,구로구,구로정형외과앞교차로,9,0,,3,0,0,1
서울,금천구,신평대일타운(남동방향 126M),5,0,,1,0,0,0
서울,금천구,은행나무오거리,7,0,,0,0,0,0
서울,금천구,독산사거리(북방향 135M),5,0,,0,1,0,0
서울,금천구,은행나무사거리,4,0,,1,0,0,0
서울,금천구,독산동남문종합시장교차로(북북동방향 58M),4,1,,2,1,0,0
서울,금천구,아앤피미트,4,0,,0,0,0,0
서울,금천구,독산동중앙성결교회교차로,5,0,,1,1,0,0
서울,금천구,신평대일타운(남서방향 105M),4,0,,0,0,0,1
서울,금천구,시흥IC(남남동방향 163M),3,0,,0,0,0,0
서울,금천구,시흥지구대(남동방향 75M),5,0,,1,0,0,1
서울,금천구,시흥4동교차로,4,0,,0,0,0,0
서울,금천구,철산교(서남서방향 52M),4,0,,0,2,0,1
서울,금천구,민성산업(남남동방향 156M),3,0,,1,0,0,0
서울,금천구,혜전빌딩(남방향 151M),4,0,,0,0,0,0
서울,금천구,벽산아파트,3,0,,0,0,0,0
서울,금천구,금천구청입구교차로,5,0,,0,0,0,1
서울,금천구,독산동중앙성결교회교차로(남방향 138M),4,0,,1,0,0,0
서울,금천구,기아대교앞교차로(북북동방향 207M),4,0,,1,0,0,0
서울,금천구,독산동중앙성결교회교차로(북방향 176M),6,1,,0,0,0,0
서울,금천구,말미사거리(남방향 238M),5,0,,2,0,0,0
서울,금천구,독산4동사거리(남남동방향 115M),5,1,,0,0,0,0
서울,금천구,독산사거리(북방향 253M),5,0,,1,1,0,0
서울,금천구,독산사거리,5,1,,0,1,0,0
서울,금천구,시흥사거리,8,0,,1,0,0,0
서울,금천구,마리오사거리,7,0,,0,0,0,1
서울,금천구,시흥사거리(동방향 74M),6,0,,0,0,0,0
서울,금천구,독산사거리(북북동방향 156M),5,0,,0,0,0,0
서울,금천구,문일중고(북북서방향 153M),6,0,,0,1,0,0
서울,금천구,은행나무오거리,8,0,,1,0,0,0
서울,금천구,아앤피미트(동방향 103M),8,0,,1,0,0,0
서울,노원구,태릉입구역앞교차로,8,0,,2,0,0,0
서울,노원구,공릉역사거리,8,0,,1,0,0,0
서울,노원구,북부검찰청입구교차로,5,0,,1,0,0,0
서울,노원구,경성택시,6,0,,0,0,0,0
서울,노원구,중계동136-1,5,0,,0,1,0,0
서울,노원구,상계6동우체국(동북동방향 60M),7,0,,1,0,0,0
서울,노원구,한국통신상계,7,0,,2,0,0,1
서울,노원구,하계역교차로(북북동방향 61M),6,1,,0,1,0,0
서울,노원구,덕영빌딩,4,1,,0,0,0,0
서울,노원구,서울동아의원,9,0,,0,0,0,0
서울,노원구,동부아파트교차로,6,0,,0,0,0,0
서울,노원구,준효약국,5,0,,0,1,0,0
서울,노원구,월계119안전센타,4,0,,0,0,0,0
서울,노원구,삼정의원,5,0,,0,0,0,1
서울,노원구,상계한의원,3,0,,0,0,0,1
서울,노원구,공릉1수문교차로(서남서방향 227M),2,1,,0,0,0,1
서울,노원구,월계라이프아파트,3,0,,1,1,0,0
서울,노원구,찬양치과의원,6,0,,0,0,0,0
서울,노원구,수락산역앞교차로(남방향 74M),4,0,,0,0,0,0
서울,노원구,대성제넥스학원,3,0,,0,0,0,0
서울,노원구,현대쇼핑센타,3,0,,1,0,0,0
서울,노원구,월계공단(북동방향 104M),3,0,,0,0,0,0
서울,노원구,성천감리교회,3,0,,0,0,0,0
서울,노원구,당고개입구오거리,4,0,,0,1,0,0
서울,노원구,당고개입구오거리(동방향 127M),3,0,,0,0,0,0
서울,노원구,북부포커스빌,5,0,,0,0,0,0
서울,노원구,청구스포츠센타,4,0,,1,3,0,0
서울,노원구,노원주유소,5,0,,0,0,0,0
서울,노원구,월계동66-5,5,0,,0,0,0,0
서울,노원구,상계한의원(남남서방향 72M),6,0,,0,0,0,0
서울,도봉구,창동시장입구교차로(북북동방향 236M),7,1,,2,0,0,0
서울,도봉구,방학프라자(북동방향 127M),8,0,,0,0,0,0
서울,도봉구,창신약국,5,0,,1,0,0,0
서울,도봉구,창동변전소(남남서방향 98M),5,0,,2,0,0,1
서울,도봉구,창동견인차량보관소(서남서방향 94M),6,1,,0,1,0,0
서울,도봉구,아람미술놀이방(북동방향 129M),5,0,,1,0,0,0
서울,도봉구,소피아관광호텔(남남서방향 196M),3,0,,0,0,0,0
서울,도봉구,선덕고교입구교차로(남방향 114M),4,0,,0,0,0,0
서울,도봉구,도봉소방서,4,0,,0,0,0,0
서울,도봉구,LG대경주유소,3,0,,0,0,0,1
서울,도봉구,신도봉사거리(서방향 119M),3,0,,0,0,0,0
서울,도봉구,대성하이츠빌라앞(남남서방향 103M),4,0,,0,0,0,0
서울,도봉구,도봉보건소교차로,4,0,,2,0,0,1
서울,도봉구,도봉검문소(서남서방향 82M),2,1,,0,0,0,0
서울,도봉구,방학신동아APT,4,0,,0,0,0,0
서울,도봉구,[지]도봉동 637-120,4,0,,2,0,0,0
서울,도봉구,아람미술놀이방(북서방향 184M),3,0,,0,0,0,0
서울,도봉구,창동역2번출구(북동방향 58M),4,0,,0,0,0,0
서울,도봉구,평화길-해동길삼거리(서남서방향 67M),2,1,,0,0,0,0
서울,도봉구,방학교,3,1,,0,1,0,0
서울,도봉구,창4동주민센터앞교차로,3,0,,0,1,0,0
서울,도봉구,창동구민회관앞,3,0,,0,0,0,1
서울,도봉구,오봉초등학교,4,0,,0,0,0,1
서울,도봉구,도봉동제일교회,4,0,,0,0,0,0
서울,도봉구,창1동주민센터앞교차로,3,0,,0,1,0,0
서울,도봉구,창동고교,2,0,,0,0,0,0
서울,도봉구,강북구보건소앞교차로,2,0,,0,1,0,0
서울,도봉구,협창실업주식회사(남남동방향 147M),3,0,,0,0,0,0
서울,도봉구,남대문약국(북동방향 145M),2,0,,1,0,0,0
서울,도봉구,창동대우아파트,2,0,,1,0,0,0
서울,동대문구,외국어대앞교차로(동남동방향 95M),7,0,,0,0,0,0
서울,동대문구,성바오로병원앞교차로(북북서방향 82M),9,0,,1,0,0,0
서울,동대문구,동탑초등학교,8,1,,0,0,0,0
서울,동대문구,배봉차도육교(서방향 215M),6,0,,2,0,0,0
서울,동대문구,현대홈타운상가앞(남남서방향 81M),6,0,,0,1,0,0
서울,동대문구,시조사삼거리(남서방향 113M),5,0,,2,0,0,0
서울,동대문구,경동시장앞교차로,12,0,,1,1,0,0
서울,동대문구,장한평역4번출구(동북동방향 99M),6,0,,1,0,0,0
서울,동대문구,고대앞삼거리,5,0,,1,0,0,0
서울,동대문구,식당재료유통할인(남방향 107M),5,0,,0,0,0,0
서울,동대문구,신설동역교차로,6,0,,1,0,0,0
서울,동대문구,신설동역6번출구(남남동방향 87M),7,0,,0,0,0,0
서울,동대문구,떡전교사거리,5,0,,1,0,0,0
서울,동대문구,청계9가사거리,5,0,,1,0,0,1
서울,동대문구,전농1동사무소,4,1,,0,1,0,0
서울,동대문구,중랑교사거리,7,0,,1,1,0,0
서울,동대문구,회기역앞교차로,6,0,,1,1,0,0
서울,동대문구,전농동295-68,8,0,,2,0,0,0
서울,동대문구,용두동사거리,6,0,,0,1,0,0
서울,동대문구,청량리역,11,0,,2,0,0,0
서울,동대문구,경남호텔,7,1,,0,0,0,1
서울,동대문구,장한평역3번출구,9,0,,1,2,0,1
서울,동대문구,청량리역2번출구(북서방향 104M),10,0,,0,0,0,0
서울,동대문구,우리은행청량리중앙지(북북서방향 181M),13,0,,0,0,0,0
서울,동대문구,청계8가(북동방향 106M),9,1,,0,0,0,0
서울,동대문구,답십리역교차로,10,1,,2,0,0,0
서울,동대문구,성바오로병원앞교차로,11,0,,1,1,0,0
서울,동대문구,위생병원앞교차로(남서방향 101M),16,0,,1,0,0,0
서울,동대문구,경동시장앞교차로(북북동방향 88M),19,0,,0,0,0,0
서울,동대문구,우리은행청량리중앙지(북북서방향 98M),21,0,,0,0,0,0
서울,동작구,성대약국,18,0,,4,0,0,0
서울,동작구,총신대입구역(서울4호선)(서방향 104M),14,0,,1,1,0,0
서울,동작구,상도3동주민센터,19,0,,2,0,0,1
서울,동작구,명수대상가,13,0,,0,0,0,0
서울,동작구,신대방동빌딩,11,0,,2,0,0,0
서울,동작구,장승배기사거리(북방향 257M),10,1,,2,2,0,0
서울,동작구,중앙학원(남방향 121M),15,0,,2,0,0,0
서울,동작구,성대약국(남동방향 89M),9,0,,1,0,0,0
서울,동작구,남성역7호선,10,1,,0,0,0,0
서울,동작구,삼성프라자,7,0,,0,0,0,0
서울,동작구,중앙학원(서방향 67M),7,0,,0,1,0,0
서울,동작구,동광교회,8,0,,1,0,0,0
서울,동작구,대림사거리,6,0,,1,1,0,0
서울,동작구,상도3동주민센터(북서방향 84M),10,0,,2,0,0,0
서울,동작구,남성역교차로(남서방향 128M),7,0,,0,0,0,0
서울,동작구,보라매공원입구교차로(남남동방향 318M),5,0,,1,1,0,0
서울,동작구,장승배기,6,0,,0,0,0,0
서울,동작구,리치타운(북북서방향 167M),6,0,,0,0,0,0
서울,동작구,대성문구인쇄,6,0,,2,0,0,0
서울,동작구,사당역사거리(서북서방향 145M),5,1,,0,0,0,0
서울,동작구,신대방역교차로(북서방향 106M),5,0,,0,1,0,0
서울,동작구,흑석동26-214(서북서방향 109M),5,0,,0,0,0,0
서울,동작구,대방천사거리,5,0,,0,1,0,0
서울,동작구,중앙학원(남남동방향 51M),9,0,,1,0,0,0
서울,동작구,숭실대입구역삼거리,5,0,,0,0,0,0
서울,동작구,신대방동342-57(남남서방향 121M),5,0,,2,0,0,0
서울,동작구,사당역(서남서방향 52M),10,0,,0,0,0,0
서울,동작구,남성역7호선,9,1,,0,1,0,0
서울,동작구,성대약국,18,0,,4,0,0,0
서울,동작구,명수대상가(남방향 78M),5,0,,0,0,0,0
서울,마포구,홍대입구역앞교차로(동북동방향 162M),7,0,,1,0,0,0
서울,마포구,일진빌딩,15,2,,0,0,0,0
서울,마포구,태성빌딩(남남동방향 77M),16,0,,0,0,0,3
서울,마포구,홍대입구역앞교차로,14,0,,0,1,0,0
서울,마포구,청원제일주유소,8,0,,2,0,0,0
서울,마포구,당인리사거리,6,0,,1,0,0,0
서울,마포구,룸앤루머,14,0,,1,0,0,0
서울,마포구,신촌로터리(남방향 164M),6,0,,2,0,0,0
서울,마포구,태성빌딩(북북동방향 94M),11,0,,0,0,0,0
서울,마포구,망원2주민센터(북북서방향 119M),7,1,,2,2,0,0
서울,마포구,마포삼성아파트,4,1,,0,0,0,0
서울,마포구,신촌기차역입구교차로(서남서방향 241M),5,0,,1,0,0,0
서울,마포구,시민약국,5,0,,0,0,0,0
서울,마포구,홀리데이인서울,6,0,,0,0,0,0
서울,마포구,동서빌라,8,0,,2,0,0,0
서울,마포구,태성빌딩,18,0,,0,0,0,1
서울,마포구,신촌로터리,3,0,,0,0,0,0
서울,마포구,주한동티모르대사관(서방향 56M),3,0,,0,0,0,0
서울,마포구,녹산빌딩,4,0,,0,1,0,0
서울,마포구,창무빌딩(남남동방향 66M),5,0,,0,0,0,0
서울,마포구,신촌로터리,3,1,,0,0,0,0
서울,마포구,성산1동주민센터,3,0,,1,0,0,0
서울,마포구,독막길입구(남동방향 102M),6,1,,0,0,0,0
서울,마포구,홍익대앞교차로,5,0,,1,0,0,0
서울,마포구,룸앤루머(남방향 68M),8,0,,2,0,0,1
서울,마포구,대흥역앞교차로(남방향 121M),4,0,,0,1,0,0
서울,마포구,성산초교앞교차로(북서방향 228M),3,0,,0,0,0,0
서울,마포구,진도빌딩,14,2,,0,0,0,0
서울,마포구,홍대입구역앞교차로(서방향 63M),8,0,,0,1,0,0
서울,마포구,신촌현대백화점,5,0,,0,0,0,0
서울,서대문구,서부빌딩,9,0,,1,1,0,0
서울,서대문구,홍은사거리,11,0,,0,0,0,1
서울,서대문구,귀금속사거리(북서방향 64M),12,0,,1,0,0,1
서울,서대문구,홍연2교앞교차로,6,0,,1,0,0,0
서울,서대문구,연세대앞교차로,7,0,,1,0,0,1
서울,서대문구,충정로역가구상가(동북동방향 136M),4,0,,1,0,0,0
서울,서대문구,서대문역8번출구,5,0,,2,0,0,0
서울,서대문구,증산교앞,6,0,,0,0,0,0
서울,서대문구,연희삼거리,7,0,,0,0,0,2
서울,서대문구,우방빌라,7,0,,1,0,0,0
서울,서대문구,사천교교차로,7,1,,1,0,0,1
서울,서대문구,충암고교앞,4,0,,0,0,0,0
서울,서대문구,가좌동광교회,3,1,,2,0,0,0
서울,서대문구,귀금속사거리(동북동방향 63M),8,0,,1,0,0,0
서울,서대문구,북가좌오거리,4,0,,1,0,0,1
서울,서대문구,서대문구청앞,4,0,,0,0,0,0
서울,서대문구,미성미술원,4,0,,0,0,0,0
서울,서대문구,홍은교(남남서방향 56M),4,0,,0,0,0,0
서울,서대문구,북가좌초교사거리(북동방향 113M),4,0,,1,1,0,0
서울,서대문구,남가좌동318-3,5,0,,2,0,0,0
서울,서대문구,서울여자간호대입구교차로,4,0,,0,0,0,0
서울,서대문구,홍제삼거리,5,0,,0,0,0,0
서울,서대문구,명지대체육관(남서방향 141M),3,0,,1,0,0,0
서울,서대문구,남가좌동318-4(서방향 290M),2,1,,0,0,0,0
서울,서대문구,명지대입구교차로,5,0,,1,0,0,0
서울,서대문구,홍은성결교회(남남서방향 76M),4,0,,0,0,0,0
서울,서대문구,SC제일은행,4,0,,0,0,0,0
서울,서대문구,서대문역,5,0,,1,0,0,0
서울,서대문구,유진상가,5,0,,0,0,0,0
서울,서대문구,유진상가(남동방향 134M),7,0,,0,1,0,1
서울,서초구,법원사거리(서남서방향 129M),3,0,,1,0,0,0
서울,서초구,대동빌딩앞삼성고객프(북서방향 168M),28,0,,0,0,0,1
서울,서초구,서초구민회관,13,1,,2,1,0,0
서울,서초구,롤이스케이프(남동방향 205M),21,0,,1,0,0,1
서울,서초구,대동빌딩앞삼성고객프(서남서방향 73M),12,0,,0,0,0,1
서울,서초구,서초동1741-1,10,0,,0,0,0,0
서울,서초구,고속터미널역앞교차로,10,0,,0,0,0,0
서울,서초구,만남의광장,7,0,,0,0,0,0
서울,서초구,반포동128-1,5,0,,0,0,0,0
서울,서초구,대원빌딩,11,0,,0,0,0,0
서울,서초구,서래마을입구(남남동방향 144M),5,0,,0,0,0,0
서울,서초구,삼호아파트앞,6,0,,0,0,0,0
서울,서초구,진흥아파트앞교차로,6,0,,1,0,0,1
서울,서초구,예술의전당앞교차로,5,0,,0,0,0,0
서울,서초구,법원검찰청앞교차로(남남동방향 74M),5,1,,0,0,0,0
서울,서초구,고속터미널역앞교차로(서방향 153M),5,0,,0,0,0,0
서울,서초구,세기빌딩,6,0,,0,1,0,0
서울,서초구,aT센터교차로,6,0,,1,1,0,0
서울,서초구,대동빌딩앞삼성고객프(서북서방향 99M),9,0,,0,0,0,2
서울,서초구,청하빌딩,6,0,,1,1,0,0
서울,서초구,사당역(남방향 114M),5,0,,0,0,0,0
서울,서초구,법원검찰청앞(동방향 303M),4,0,,1,0,0,0
서울,서초구,강남역(신분당선),4,0,,1,0,0,0
서울,서초구,법원사거리(남남동방향 158M),5,0,,0,0,0,0
서울,서초구,꽃마을한방병원에이동(남방향 127M),5,0,,1,0,0,0
서울,서초구,탑스벤쳐타운입구(서남서방향 264M),5,0,,0,0,0,0
서울,서초구,서초1교(서남서방향 268M),4,1,,0,0,0,0
서울,서초구,잠실동아이파크,5,1,,0,1,0,0
서울,서초구,서초1교,7,0,,0,0,0,0
서울,서초구,롤이스케이프(동남동방향 211M),6,0,,0,0,0,2
서울,성동구,세종외과의원,4,0,,1,0,0,0
서울,성동구,금호동2가1207-3,5,0,,3,0,0,1
서울,성동구,동호신용협동조합,3,0,,0,0,0,0
서울,성동구,상왕십리역앞교차로(남남동방향 325M),4,0,,0,0,0,0
서울,성동구,성동교앞,4,0,,0,0,0,0
서울,성동구,두성빌딩,5,0,,1,0,0,1
서울,성동구,옥수역교차로,3,0,,0,0,0,1
서울,성동구,성림교회(동남동방향 163M),4,0,,1,1,0,1
서울,성동구,상왕십리역앞교차로(서북서방향 178M),4,1,,0,1,0,1
서울,성동구,응봉삼거리,3,0,,0,0,0,0
서울,성동구,왕십리역앞,4,0,,0,1,0,0
서울,성동구,라이온스협회(서방향 110M),3,0,,0,0,0,0
서울,성동구,신금호역앞교차로,3,0,,0,0,0,0
서울,성동구,성수동2가333-84(북북동방향 182M),4,0,,0,1,0,0
서울,성동구,초원모텔(서방향 164M),3,0,,0,0,0,0
서울,성동구,답십리역교차로(남서방향 228M),3,0,,1,0,0,1
서울,성동구,옥수교회(서북서방향 222M),2,1,,1,0,0,0
서울,성동구,성수역앞교차로(동남동방향 312M),4,0,,0,0,0,0
서울,성동구,응봉현대아파트,4,0,,0,0,0,0
서울,성동구,금남시장앞교차로,7,0,,0,0,0,0
서울,성동구,영동대교북단교차로,4,0,,1,0,0,0
서울,성동구,상왕십리역앞교차로(동남동방향 254M),7,0,,0,1,0,0
서울,성동구,성수미술관,7,0,,0,1,0,0
서울,성동구,옥정중학교앞교차로,5,0,,0,0,0,0
서울,성동구,윤진약국,7,0,,2,1,0,0
서울,성동구,양지사거리,6,0,,0,0,0,0
서울,성동구,마장지하차도(남남서방향 88M),5,0,,0,0,0,0
서울,성동구,신금호역앞교차로(남방향 111M),7,0,,1,0,0,0
서울,성동구,주택은행금호동지점(동방향 94M),6,1,,0,0,0,0
서울,성동구,광림물산(서북서방향 193M),9,0,,0,0,0,1
서울,성북구,내고향한우(동남동방향 142M),10,0,,1,0,0,0
서울,성북구,성신여대입구역사거리(동북동방향 171M),13,0,,2,0,0,0
서울,성북구,장위초교(서방향 296M),3,0,,0,0,0,0
서울,성북구,석계교,5,0,,0,0,0,0
서울,성북구,중고재활용센타,2,1,,1,0,0,0
서울,성북구,하월곡동67-55,4,0,,0,1,0,0
서울,성북구,상호상사(남동방향 131M),7,0,,0,0,0,0
서울,성북구,장위동우체국(남서방향 61M),5,0,,0,0,0,0
서울,성북구,창문여고앞(북동방향 135M),3,0,,1,0,0,0
서울,성북구,성북쓰레기하치장(서방향 204M),3,0,,0,0,0,0
서울,성북구,[지]동선동5가 1-1,5,0,,0,0,0,0
서울,성북구,진흥빌딩,4,0,,0,0,0,0
서울,성북구,성북경찰서앞교차로,2,1,,0,0,0,0
서울,성북구,석계역,4,0,,0,0,0,0
서울,성북구,부민약국,5,0,,0,0,0,0
서울,성북구,대한소방안전,7,0,,0,0,0,0
서울,성북구,방천시장입구교차로,4,0,,2,0,0,0
서울,성북구,성신여대입구역사거리(동방향 101M),5,0,,0,0,0,0
서울,성북구,서경대입구,4,1,,0,0,0,0
서울,성북구,성북녹십자약국,6,0,,0,0,0,0
서울,성북구,성북트리즘빌딩앞교차로,8,0,,1,0,0,0
서울,성북구,북한산보국문역1번출구,9,0,,1,0,0,0
서울,성북구,종암2치안센터,6,0,,1,0,0,0
서울,성북구,성신여자대학교미디어,7,0,,1,0,0,0
서울,성북구,성북구청입구,9,0,,1,0,0,0
서울,성북구,미아리고개,8,0,,0,0,0,0
서울,성북구,영희피아노학원(남남동방향 114M),9,0,,0,0,0,0
서울,성북구,국민은행정릉(서북서방향 52M),9,0,,1,0,0,0
서울,성북구,길음역앞교차로(남서방향 55M),14,0,,0,1,0,0
서울,성북구,실과바늘(동방향 161M),20,0,,4,0,0,0
서울,송파구,금호아파트,6,0,,1,1,0,0
서울,송파구,KT앞삼거리(동북동방향 121M),24,0,,0,0,0,0
서울,송파구,잠실천주교회,16,0,,0,0,0,0
서울,송파구,트리지움상가,9,0,,1,1,0,0
서울,송파구,잠실전화국(동방향 188M),17,0,,1,0,0,1
서울,송파구,거여역앞교차로,9,1,,1,0,0,0
서울,송파구,잠실학원사거리(서방향 274M),10,0,,0,0,0,0
서울,송파구,배명사거리(동방향 159M),8,1,,2,0,0,1
서울,송파구,신도빌딩,7,1,,1,1,0,0
서울,송파구,송파사거리(서남서방향 178M),10,0,,0,0,0,0
서울,송파구,잠실천주교회(서방향 117M),10,0,,1,0,0,3
서울,송파구,송파중교앞교차로(남남서방향 115M),5,1,,0,0,0,0
서울,송파구,잠실지구대,10,0,,2,0,0,0
서울,송파구,송파여성문화회관(북서방향 59M),10,0,,0,0,0,0
서울,송파구,석촌호교차로(서남서방향 129M),4,1,,0,0,0,0
서울,송파구,윤호약국(북북서방향 182M),6,0,,0,0,0,0
서울,송파구,올림픽대교남단교차로,7,0,,1,1,0,1
서울,송파구,잠실역사거리,7,0,,0,0,0,0
서울,송파구,잠실지구대(동방향 105M),8,0,,0,4,0,0
서울,송파구,잠실진주아파트앞교차로(남동방향 188M),10,0,,1,0,0,0
서울,송파구,송파성원쌍데빌(남남서방향 96M),5,0,,0,0,0,0
서울,송파구,송파사거리(남남동방향 206M),6,1,,2,1,0,0
서울,송파구,가락본동사무소,7,0,,0,0,0,0
서울,송파구,잠실천주교회(남방향 241M),5,0,,0,0,0,0
서울,송파구,금호아파트,5,0,,0,0,0,0
서울,송파구,트리지움상가(서방향 70M),10,0,,1,0,0,0
서울,송파구,잠실진주아파트앞교차로(남남동방향 161M),35,0,,0,1,0,2
서울,송파구,잠실천주교회(남방향 82M),8,0,,0,0,0,0
서울,송파구,제일오피스텔(북동방향 84M),8,0,,0,0,0,0
서울,송파구,송파사거리(서남서방향 191M),11,0,,0,0,0,1
서울,양천구,대흥빌딩,10,0,,1,0,0,0
서울,양천구,롯데캐슬위너앞사거리,8,0,,1,2,0,0
서울,양천구,오목교역앞교차로,11,0,,0,2,0,0
서울,양천구,덕수프라자,6,0,,0,0,0,0
서울,양천구,신월사거리(남방향 81M),7,1,,1,0,0,0
서울,양천구,홍익병원앞교차로,5,1,,0,1,0,0
서울,양천구,SC제일은행등촌지점,5,0,,0,0,0,0
서울,양천구,양천구청,5,0,,0,0,0,0
서울,양천구,SC제일은행등촌지점(남방향 166M),4,0,,0,0,0,0
서울,양천구,월정초교앞,6,0,,0,0,0,0
서울,양천구,현대백화점(서남서방향 54M),7,0,,1,0,0,0
서울,양천구,서서울호수공원앞교차로,7,0,,0,1,0,0
서울,양천구,서울도시가스앞교차로,6,0,,0,0,0,0
서울,양천구,현대프라자,4,0,,0,1,0,0
서울,양천구,과학수사연구원입구교차로,2,1,,0,0,0,0
서울,양천구,해태아파트,4,0,,0,0,0,0
서울,양천구,신정1동주민센터,4,0,,0,0,0,0
서울,양천구,신월사거리(북북서방향 171M),3,1,,0,0,0,0
서울,양천구,신정동869-2(서방향 100M),4,0,,1,1,0,0
서울,양천구,서광빌딩(남남서방향 72M),5,0,,0,0,0,0
서울,양천구,목동627-16(서북서방향 206M),3,0,,0,0,0,0
서울,양천구,신정웨딩파크,5,0,,1,0,0,0
서울,양천구,왕실아파트(동방향 84M),4,0,,1,0,0,0
서울,양천구,목동284-73(남동방향 55M),3,0,,0,1,0,0
서울,양천구,신트리현대아파트501동,4,1,,0,2,0,0
서울,양천구,염창동우체국(남동방향 144M),4,0,,0,0,0,1
서울,양천구,구선교회(동북동방향 75M),3,0,,1,0,0,0
서울,양천구,목동역,5,0,,0,0,0,0
서울,양천구,회창빌딩,6,0,,0,1,0,0
서울,양천구,신월사거리,6,0,,1,0,0,0
서울,영등포구,영등포역앞교차로,10,1,,0,1,0,0
서울,영등포구,선한치과(남서방향 70M),14,0,,0,0,0,0
서울,영등포구,영등포역교차로(동북동방향 132M),15,0,,0,0,0,0
서울,영등포구,영등포한전(북서방향 52M),15,0,,0,1,0,0
서울,영등포구,영등포로터리,10,0,,0,0,0,0
서울,영등포구,선한치과(서북서방향 176M),6,1,,0,0,0,1
서울,영등포구,영등포동582-18,7,0,,0,0,0,0
서울,영등포구,신길삼거리(서북서방향 55M),7,0,,0,0,0,0
서울,영등포구,대신시장,4,0,,0,1,0,0
서울,영등포구,서림빌딩,7,0,,0,0,0,0
서울,영등포구,경방필백화점,5,0,,0,0,0,0
서울,영등포구,미래에셋빌딩,6,0,,1,0,0,0
서울,영등포구,양평동사거리,7,0,,1,0,0,1
서울,영등포구,대림역(동남동방향 215M),8,0,,0,0,0,0
서울,영등포구,대림역(동북동방향 148M),7,0,,0,0,0,0
서울,영등포구,신길동삼환아파트앞,5,0,,0,0,0,0
서울,영등포구,구로1교교차로(북북동방향 185M),6,0,,0,0,0,0
서울,영등포구,알라딘세차장,3,1,,0,0,0,0
서울,영등포구,근로자회관사거리,3,0,,0,0,0,0
서울,영등포구,양평우체국,5,0,,0,0,0,0
서울,영등포구,당산역앞(서북서방향 99M),4,0,,0,1,0,0
서울,영등포구,대림역,5,0,,0,0,0,0
서울,영등포구,영등포역교차로,9,1,,0,1,0,0
서울,영등포구,경방필백화점(북동방향 157M),7,0,,0,0,0,0
서울,영등포구,영등포역교차로,9,0,,0,0,0,2
서울,영등포구,대림역(동방향 166M),6,0,,0,0,0,0
서울,영등포구,대신시장,6,0,,0,1,0,0
서울,영등포구,경방필백화점(동방향 167M),7,0,,0,0,0,1
서울,영등포구,영등포역교차로,10,0,,0,1,0,1
서울,영등포구,영등포역교차로(서남서방향 75M),15,0,,3,0,0,0
서울,용산구,이태원소방파출소,9,0,,1,0,0,1
서울,용산구,이태원역앞교차로(서북서방향 189M),4,0,,1,0,0,0
서울,용산구,한남2고가차도(서남서방향 122M),6,0,,0,0,0,0
서울,용산구,용산중교앞,4,0,,0,0,0,0
서울,용산구,용산전자상가앞교차로(남남동방향 57M),6,0,,0,0,0,0
서울,용산구,용산서,4,0,,1,0,0,0
서울,용산구,소화아동병원(남방향 170M),3,0,,0,0,0,0
서울,용산구,용산2가동주민센터앞교차로,3,0,,1,0,0,0
서울,용산구,해방촌오거리(남방향 107M),3,0,,0,0,0,0
서울,용산구,한남2고가차도,4,0,,0,0,0,0
서울,용산구,청파동입구교차로,3,0,,1,0,0,0
서울,용산구,삼각지역13번출구(남동방향 82M),4,0,,0,1,0,1
서울,용산구,도화우성아파트입구(남남동방향 100M),3,0,,0,1,0,0
서울,용산구,현대시장(서남서방향 93M),3,0,,0,0,0,0
서울,용산구,이태원소방파출소(남남서방향 73M),10,0,,1,1,0,0
서울,용산구,해방촌오거리,5,0,,0,0,0,0
서울,용산구,남영동삼거리(서방향 76M),6,0,,0,1,0,0
서울,용산구,용산구청,4,0,,1,0,0,0
서울,용산구,한국달리다굼선교회(남서방향 121M),5,0,,0,0,0,1
서울,용산구,원효로2가사거리,3,0,,0,0,0,0
서울,용산구,이태원호텔앞교차로,7,0,,2,0,0,1
서울,용산구,이태원역앞교차로(서방향 167M),5,0,,1,1,0,0
서울,용산구,명신프라자(서북서방향 56M),7,0,,2,0,0,1
서울,용산구,농협남영동지점(남방향 65M),6,0,,0,0,0,1
서울,용산구,순천향병원(서방향 137M),8,0,,0,0,0,0
서울,용산구,소화아동병원(남남동방향 64M),6,0,,1,0,0,0
서울,용산구,순천향병원,21,0,,1,0,0,0
서울,용산구,전자상가입구교차로,6,0,,0,1,0,1
서울,용산구,뽐네일,7,2,,0,0,0,0
서울,용산구,철도건설본부(남서방향 51M),9,0,,2,0,0,0
서울,은평구,연신내진원와이타운(서북서방향 73M),21,0,,2,0,0,0
서울,은평구,응암오거리,15,0,,0,1,0,0
서울,은평구,불광지구대(서남서방향 179M),10,0,,3,0,0,0
서울,은평구,연신내역,11,0,,0,1,0,0
서울,은평구,연신내역(서북서방향 84M),12,0,,1,0,0,0
서울,은평구,구산사거리(동남동방향 227M),9,0,,2,0,0,0
서울,은평구,역촌사거리,6,0,,3,0,0,0
서울,은평구,신사오거리,8,0,,1,1,0,0
서울,은평구,응암오거리,10,0,,0,1,0,0
서울,은평구,안당빌딩(서남서방향 54M),5,0,,1,1,0,0
서울,은평구,은평구청입구교차로(서남서방향 176M),6,0,,0,1,0,0
서울,은평구,연세치과의원(남방향 98M),5,1,,1,0,0,1
서울,은평구,크리비아(북동방향 150M),6,0,,0,1,0,0
서울,은평구,응암시장입구교차로,5,0,,1,1,0,0
서울,은평구,연신내역앞교차로,5,0,,1,0,0,2
서울,은평구,구산역앞교차로,5,1,,1,0,0,0
서울,은평구,연신내역(서북서방향 162M),7,0,,0,2,0,1
서울,은평구,연신내역,6,0,,0,0,0,0
서울,은평구,서울혁신파크교차로,9,0,,1,0,0,0
서울,은평구,불광역6번출구,7,0,,0,0,0,0
서울,은평구,대조동227-4,6,0,,0,0,0,0
서울,은평구,선일여고입구(동남동방향 198M),6,0,,0,0,0,0
서울,은평구,하나은행연신내지점(서북서방향 116M),4,0,,0,0,0,1
서울,은평구,은평구청,5,0,,0,0,0,0
서울,은평구,연신내역(북북서방향 146M),3,0,,0,0,0,0
서울,은평구,수색역교차로(북서방향 142M),4,0,,0,0,0,0
서울,은평구,불광전화국앞,5,0,,0,0,0,0
서울,은평구,신사사거리,4,0,,0,0,0,0
서울,은평구,증산3교,4,1,,1,1,0,0
서울,은평구,연신내역(서방향 77M),10,0,,1,0,0,0
서울,종로구,성균관대입구교차로(북동방향 119M),4,0,,0,0,0,0
서울,종로구,종각지하쇼핑센터(남서방향 90M),5,0,,1,0,0,0
서울,종로구,아람보습학원(동남동방향 154M),6,0,,0,0,0,0
서울,종로구,함춘회관(동북동방향 203M),5,0,,0,0,0,0
서울,종로구,옥인시장(남방향 141M),4,0,,0,0,0,0
서울,종로구,청계2가,4,0,,0,0,0,0
서울,종로구,안국역사거리,3,0,,0,0,0,0
서울,종로구,경복궁역사거리,5,0,,2,0,0,0
서울,종로구,청계5가(북방향 53M),3,0,,0,0,0,0
서울,종로구,[지]낙원동 214-2,4,0,,0,0,0,1
서울,종로구,정부중앙청사앞교차로(남방향 73M),4,0,,0,1,0,0
서울,종로구,종로세무서,3,0,,0,0,0,0
서울,종로구,종로1가,4,0,,0,0,0,0
서울,종로구,서울지방국세청,5,0,,0,0,0,0
서울,종로구,세종대로사거리,7,1,,2,0,0,0
서울,종로구,종로1가사거리,5,0,,0,1,0,0
서울,종로구,안국동로터리,6,0,,0,0,0,0
서울,종로구,청계7가사거리(북북서방향 86M),5,2,,0,1,0,0
서울,종로구,초동교회,9,0,,3,0,0,1
서울,종로구,아람보습학원(동북동방향 124M),9,0,,0,0,0,1
서울,종로구,종로3가사거리(북북서방향 58M),7,1,,1,0,0,0
서울,종로구,종로1가(남동방향 89M),9,0,,0,0,0,0
서울,종로구,혜명교회앞(남동방향 91M),12,0,,0,0,0,0
서울,종로구,신설동역11번출구(서남서방향 88M),7,0,,4,0,0,1
서울,종로구,낙원상가,11,0,,1,0,0,1
서울,종로구,종로2가교차로,9,1,,0,0,0,0
서울,종로구,기업은행,14,1,,1,0,0,0
서울,종로구,신평화시장(북방향 272M),9,0,,3,1,0,1
서울,종로구,성균관대입구교차로,10,0,,1,1,0,0
서울,종로구,동묘앞역사거리(서남서방향 152M),9,3,,2,0,0,0
서울,중구,호운빌딩,3,0,,1,0,0,0
서울,중구,신당동222-8,6,0,,0,0,0,0
서울,중구,약수역앞교차로(북북동방향 150M),6,0,,0,0,0,0
서울,중구,충무로1가26-1(북동방향 116M),10,0,,0,0,0,0
서울,중구,약수역앞교차로,5,1,,0,0,0,1
서울,중구,영도교,4,0,,1,0,0,0
서울,중구,버들다리남측,6,0,,0,0,0,0
서울,중구,기업은행성동지점(남남동방향 58M),7,0,,0,0,0,0
서울,중구,숭례문(동남동방향 165M),5,0,,1,0,0,0
서울,중구,신한은행(북북동방향 61M),3,0,,0,0,0,0
서울,중구,연정가든(남남서방향 80M),4,0,,0,0,0,0
서울,중구,명동1가5-4,5,0,,1,0,0,0
서울,중구,영도교(남남동방향 137M),3,0,,0,0,0,0
서울,중구,필동사무소,4,0,,0,0,0,0
서울,중구,숭례문(동북동방향 122M),9,2,,1,1,0,0
서울,중구,소공동주민센터(동북동방향 90M),6,0,,0,0,0,0
서울,중구,모전교남측(남방향 91M),6,0,,0,0,0,0
서울,중구,을지로1가사거리,5,0,,0,0,0,0
서울,중구,염천교앞교차로,5,0,,0,1,0,0
서울,중구,회현동2가1-1(동북동방향 97M),5,0,,0,0,0,0
서울,중구,블랙앤브라운,4,0,,1,0,0,0
서울,중구,신당동282-32(북북동방향 207M),3,0,,1,0,0,0
서울,중구,신평화시장,3,0,,1,0,0,0
서울,중구,을지로3가역앞교차로,3,1,,0,0,0,0
서울,중구,금성빌딩,5,0,,0,1,0,0
서울,중구,운동장평화시장(동남동방향 115M),5,0,,0,0,0,0
서울,중구,약수역앞교차로,6,0,,0,0,0,0
서울,중구,명동1가5-4(서북서방향 120M),7,0,,0,0,0,0
서울,중구,을지로1가,4,0,,0,0,0,0
서울,중구,서울역9-1번출구,11,0,,0,0,0,0
서울,중랑구,부국병원,12,0,,2,2,0,0
서울,중랑구,사가정역앞교차로(남방향 76M),8,0,,1,1,0,0
서울,중랑구,사가정역앞교차로(북방향 63M),5,0,,1,0,0,0
서울,중랑구,연세정내과,8,0,,1,0,0,1
서울,중랑구,먹골역앞교차로,8,0,,2,1,0,0
서울,중랑구,사가정역앞교차로(남서방향 165M),5,0,,2,0,0,0
서울,중랑구,면목역앞교차로,8,0,,3,1,0,0
서울,중랑구,면목교,6,0,,1,0,0,0
서울,중랑구,성누가의원,7,0,,1,0,0,0
서울,중랑구,상봉삼거리,6,0,,0,0,0,0
서울,중랑구,망우역앞교차로,6,0,,1,1,0,0
서울,중랑구,혜원사거리(남방향 223M),6,0,,0,0,0,0
서울,중랑구,중랑구청사거리,5,0,,1,1,0,0
서울,중랑구,봉화삼거리(동북동방향 61M),3,2,,1,0,0,0
서울,중랑구,신내동316-4,5,0,,0,0,0,0
서울,중랑구,상봉지하차도교차로(남남동방향 59M),9,0,,0,0,0,0
서울,중랑구,우림시장앞교차로(남동방향 80M),5,0,,0,0,0,0
서울,중랑구,건영상가,6,0,,0,1,0,0
서울,중랑구,동부시장앞교차로(서방향 119M),7,0,,0,1,0,0
서울,중랑구,신내동393-4,7,0,,1,0,0,0
서울,중랑구,청림빌딩,8,0,,0,0,0,0
서울,중랑구,신내지하차도앞교차로,8,0,,1,0,0,1
서울,중랑구,면남초등교입구(북방향 101M),7,0,,0,0,0,0
서울,중랑구,망우사거리,7,0,,0,0,0,0
서울,중랑구,면목역앞교차로(서방향 134M),6,1,,1,0,0,1
서울,중랑구,화랑대역5번출구(서남서방향 65M),9,0,,1,0,0,0
서울,중랑구,사가정역앞교차로,9,0,,1,1,0,0
서울,중랑구,중화역앞교차로,9,0,,3,4,0,0
서울,중랑구,상봉2지구대,11,1,,1,1,0,0
서울,중랑구,연세정내과(남방향 64M),11,0,,2,0,0,0
