"동별(1)",동별(2),2025,2025,2025,2025,2025,2025,2025,2025,2025,2025,2025,2025,2025,2025,2025,2025,2025,2025,2025,2025,2025,2025,2025,2025,2025,2025,2025,2025,2025,2025,2025,2025,2025,2025,2025,2025,2025,2025,2025,2025,2025,2025,2025,2025,2025,2025,2025,2025
"동별(1)",동별(2),합계,합계,합계,합계,합계,합계,합계,합계,합계,합계,합계,합계,합계,합계,합계,합계,합계,합계,합계,합계,합계,합계,합계,합계,합계,합계,합계,합계,합계,합계,합계,합계,합계,합계,합계,합계,합계,합계,합계,합계,합계,합계,합계,합계,합계,합계,합계,합계
"동별(1)",동별(2),소계,소계,소계,지체,지체,지체,뇌병변,뇌병변,뇌병변,시각,시각,시각,청각,청각,청각,언어,언어,언어,지적장애,지적장애,지적장애,자폐성,자폐성,자폐성,정신장애,정신장애,정신장애,신장장애,신장장애,신장장애,심장장애,심장장애,심장장애,호흡기,호흡기,호흡기,간,간,간,안면,안면,안면,장루요루,장루요루,장루요루,뇌전증,뇌전증,뇌전증
"동별(1)",동별(2),계,남자,여자,계,남자,여자,계,남자,여자,계,남자,여자,계,남자,여자,계,남자,여자,계,남자,여자,계,남자,여자,계,남자,여자,계,남자,여자,계,남자,여자,계,남자,여자,계,남자,여자,계,남자,여자,계,남자,여자,계,남자,여자
"합계",소계,384934,222453,162481,152586,85830,66756,36833,21647,15186,40062,23889,16173,68085,37059,31026,3153,2213,940,28265,17193,11072,9592,7952,1640,16249,8163,8086,19752,11830,7922,854,561,293,1900,1386,514,2850,1912,938,391,214,177,3200,1989,1211,1162,615,547
"합계",종로구,5538,3190,2348,2220,1214,1006,516,299,217,643,410,233,951,538,413,44,29,15,376,216,160,127,100,27,237,121,116,287,174,113,12,6,6,30,22,8,40,29,11,6,2,4,37,24,13,12,6,6
"합계",중구,5094,2896,2198,2133,1164,969,465,283,182,601,362,239,895,468,427,30,20,10,291,175,116,94,73,21,191,107,84,251,141,110,13,8,5,33,30,3,38,28,10,7,2,5,38,27,11,14,8,6
"합계",용산구,6695,3951,2744,2639,1470,1169,646,405,241,805,500,305,1080,601,479,50,34,16,519,314,205,154,127,27,246,136,110,355,228,127,13,9,4,43,32,11,65,50,15,4,4,-,60,33,27,16,8,8
"합계",성동구,10603,6114,4489,4409,2488,1921,1003,584,419,1074,604,470,1802,990,812,84,66,18,700,410,290,294,256,38,388,198,190,520,311,209,29,16,13,66,48,18,90,58,32,10,6,4,97,59,38,37,20,17
"합계",광진구,11981,6928,5053,4958,2739,2219,1072,627,445,1288,783,505,2025,1169,856,96,65,31,813,483,330,262,220,42,494,241,253,646,376,270,31,21,10,51,41,10,76,52,24,11,7,4,114,80,34,44,24,20
"합계",동대문구,15039,8655,6384,6485,3582,2903,1385,828,557,1458,887,571,2589,1426,1163,121,86,35,947,595,352,276,232,44,620,323,297,749,433,316,31,20,11,67,51,16,124,82,42,17,9,8,131,81,50,39,20,19
"합계",중랑구,19988,11583,8405,8684,4876,3808,2006,1198,808,2106,1270,836,2793,1578,1215,161,112,49,1407,861,546,354,295,59,891,429,462,1048,621,427,40,28,12,130,104,26,117,69,48,18,7,11,166,105,61,67,30,37
"합계",성북구,16825,9587,7238,6950,3784,3166,1619,930,689,1836,1111,725,2708,1468,1240,164,123,41,1164,720,444,380,316,64,615,312,303,927,531,396,29,20,9,86,64,22,131,85,46,16,7,9,152,89,63,48,27,21
"합계",강북구,16609,9321,7288,6743,3715,3028,1505,865,640,1849,1027,822,2882,1562,1320,139,92,47,1227,698,529,255,213,42,729,360,369,855,515,340,25,16,9,91,69,22,106,67,39,7,3,4,147,94,53,49,25,24
"합계",도봉구,15120,8744,6376,6098,3426,2672,1496,866,630,1598,955,643,2493,1389,1104,122,86,36,1181,728,453,263,214,49,707,380,327,777,446,331,32,24,8,63,49,14,104,65,39,19,11,8,135,87,48,32,18,14
"합계",노원구,25361,13958,11403,10187,5479,4708,2523,1424,1099,2611,1456,1155,3733,1931,1802,229,143,86,2317,1371,946,505,410,95,1418,648,770,1199,705,494,76,49,27,122,85,37,125,82,43,32,18,14,185,106,79,99,51,48
"합계",은평구,21099,12244,8855,8169,4433,3736,2049,1211,838,2263,1326,937,3323,1842,1481,164,118,46,1891,1238,653,530,437,93,1104,662,442,991,598,393,44,26,18,113,78,35,172,108,64,24,13,11,198,122,76,64,32,32
"합계",서대문구,11710,6575,5135,4745,2534,2211,1167,646,521,1257,735,522,1868,1011,857,93,64,29,835,533,302,267,231,36,474,248,226,671,371,300,23,16,7,43,30,13,109,68,41,10,6,4,109,62,47,39,20,19
"합계",마포구,12178,6857,5321,4819,2607,2212,1233,678,555,1406,816,590,1930,1046,884,103,76,27,878,520,358,328,273,55,491,251,240,654,375,279,26,16,10,58,35,23,92,62,30,11,4,7,111,74,37,38,24,14
"합계",양천구,17713,10312,7401,6891,4001,2890,1577,909,668,1660,982,678,3872,2103,1769,146,105,41,1230,751,479,410,343,67,628,310,318,814,496,318,46,37,9,86,58,28,141,92,49,14,8,6,149,90,59,49,27,22
"합계",강서구,27618,15943,11675,10741,6198,4543,2581,1542,1039,2694,1618,1076,5149,2746,2403,222,147,75,2101,1241,860,552,445,107,1524,720,804,1347,829,518,52,36,16,163,113,50,153,99,54,31,15,16,201,138,63,107,56,51
"합계",구로구,19579,11432,8147,7388,4364,3024,1598,992,606,1864,1122,742,4732,2512,2220,170,110,60,1339,800,539,432,343,89,683,315,368,906,568,338,49,32,17,87,65,22,109,73,36,32,21,11,144,90,54,46,25,21
"합계",금천구,12227,7224,5003,4748,2907,1841,1063,631,432,1178,727,451,2790,1470,1320,83,69,14,836,509,327,190,163,27,476,228,248,576,344,232,33,15,18,55,42,13,54,37,17,13,7,6,90,49,41,42,26,16
"합계",영등포구,14774,8709,6065,5651,3315,2336,1357,806,551,1469,897,572,3350,1784,1566,120,95,25,875,553,322,330,274,56,449,259,190,788,480,308,41,28,13,58,46,12,106,65,41,14,8,6,133,82,51,33,17,16
"합계",동작구,13911,7960,5951,5400,2969,2431,1404,798,606,1427,874,553,2718,1470,1248,129,91,38,887,539,348,327,266,61,537,272,265,709,428,281,26,16,10,62,45,17,121,87,34,10,9,1,114,74,40,40,22,18
"합계",관악구,20008,11608,8400,7803,4368,3435,1747,1088,659,2144,1297,847,4007,2207,1800,151,114,37,1418,864,554,376,307,69,828,416,412,1063,630,433,35,26,9,73,58,15,133,97,36,18,11,7,164,99,65,48,26,22
"합계",서초구,10179,5990,4189,3706,2080,1626,1155,657,498,1148,694,454,1595,904,691,75,51,24,762,501,261,426,346,80,346,151,195,610,381,229,23,14,9,62,36,26,137,102,35,6,2,4,99,54,45,29,17,12
"합계",강남구,15517,9071,6446,5645,3263,2382,1666,978,688,1577,936,641,2430,1279,1151,124,85,39,1054,602,452,835,688,147,819,367,452,907,568,339,38,29,9,77,57,20,150,98,52,22,12,10,116,80,36,57,29,28
"합계",송파구,20115,11967,8148,7624,4351,3273,2073,1240,833,2037,1242,795,3297,1830,1467,143,106,37,1618,997,621,917,784,133,679,351,328,1138,678,460,46,30,16,94,65,29,209,150,59,17,10,7,171,106,65,52,27,25
"합계",강동구,19453,11634,7819,7750,4503,3247,1927,1162,765,2069,1258,811,3073,1735,1338,190,126,64,1599,974,625,708,596,112,675,358,317,964,603,361,41,23,18,87,63,24,148,107,41,22,12,10,139,84,55,61,30,31
