학교,출발지,모드,도착문,lam,거리_m,교차지점_수,A합,A3이상_수,B위험_m,B주의_m,계단_수,C이벤트
숭실대,11413637721,최단,정문,0,1075.074495988274,2,5.0,1,655.1454461882291,259.6743747243416,0,6.0
숭실대,11413637721,A,정문,50,1144.6872537874062,0,0.0,0,610.6352868326098,290.3756669297075,0,3.0
숭실대,11413637721,B,중문,2,1257.983592414141,5,9.0,0,315.08392938309595,62.569887313257745,0,12.0
숭실대,11413637721,C,정문,200,1265.2547198213138,0,0.0,0,337.63247706265696,351.6628458330604,0,2.0
숭실대,7256876661,최단,정문,0,726.1727697135798,1,3.0,1,468.58594479530234,132.81972559005945,0,2.0
숭실대,7256876661,A,정문,50,828.2273545222558,0,0.0,0,468.58594479530234,139.38971145931728,0,1.0
숭실대,7256876661,B,정문,0,726.1727697135798,1,3.0,1,468.58594479530234,132.81972559005945,0,2.0
숭실대,7256876661,C,정문,200,941.9690346990158,0,0.0,0,452.6384696608958,0.0,0,0.0
숭실대,10589255419,최단,정문,0,696.8454463878763,0,0.0,0,207.51488134975622,0.0,0,0.0
숭실대,10589255419,A,정문,0,696.8454463878763,0,0.0,0,207.51488134975622,0.0,0,0.0
숭실대,10589255419,B,정문,0,696.8454463878763,0,0.0,0,207.51488134975622,0.0,0,0.0
숭실대,10589255419,C,정문,0,696.8454463878763,0,0.0,0,207.51488134975622,0.0,0,0.0
숭실대,10570453205,최단,정문,0,693.0601243278475,0,0.0,0,74.36398303966968,120.91828292732215,0,1.0
숭실대,10570453205,A,정문,0,693.0601243278475,0,0.0,0,74.36398303966968,120.91828292732215,0,1.0
숭실대,10570453205,B,정문,0,693.0601243278475,0,0.0,0,74.36398303966968,120.91828292732215,0,1.0
숭실대,10570453205,C,정문,0,693.0601243278475,0,0.0,0,74.36398303966968,120.91828292732215,0,1.0
숭실대,11413637873,최단,정문,0,526.3922165797721,1,1.0,0,27.763290733558023,8.80170825852311,0,2.0
숭실대,11413637873,A,정문,2,527.9019573274174,0,0.0,0,17.633423250654513,0.0,0,0.0
숭실대,11413637873,B,정문,2,527.9019573274174,0,0.0,0,17.633423250654513,0.0,0,0.0
숭실대,11413637873,C,정문,2,527.9019573274174,0,0.0,0,17.633423250654513,0.0,0,0.0
숭실대,3337436860,최단,정문,0,834.4228554024372,0,0.0,0,187.50241004407542,0.0,0,5.0
숭실대,3337436860,A,정문,0,834.4228554024372,0,0.0,0,187.50241004407542,0.0,0,5.0
숭실대,3337436860,B,정문,0,834.4228554024372,0,0.0,0,187.50241004407542,0.0,0,5.0
숭실대,3337436860,C,정문,0,834.4228554024372,0,0.0,0,187.50241004407542,0.0,0,5.0
숭실대,11413637545,최단,정문,0,929.5547565265731,2,5.0,1,511.19249130844094,138.50199774270905,0,4.0
숭실대,11413637545,A,정문,50,999.1675143257056,0,0.0,0,466.68233195282164,169.20328994807497,0,1.0
숭실대,11413637545,B,중문,2,1098.511252203462,5,9.0,0,183.51795991934003,62.569887313257745,0,10.0
숭실대,11413637545,C,정문,200,1119.734980359613,0,0.0,0,193.67952218286882,230.49046885142792,0,0.0
숭실대,11413637659,최단,정문,0,922.1407889066244,2,5.0,1,502.21173910657956,259.6743747243416,0,4.0
숭실대,11413637659,A,정문,50,991.7535467057568,0,0.0,0,457.70157975096026,290.3756669297075,0,1.0
숭실대,11413637659,B,중문,2,1087.655837750107,3,7.0,0,183.51795991934003,195.01539575658845,0,6.0
숭실대,11413637659,C,정문,200,1112.3210127396644,0,0.0,0,184.69876998100744,351.6628458330604,0,0.0
숭실대,10589255556,최단,정문,0,786.4523448376788,0,0.0,0,344.5266199313696,0.0,0,3.0
숭실대,10589255556,A,정문,0,786.4523448376788,0,0.0,0,344.5266199313696,0.0,0,3.0
숭실대,10589255556,B,정문,0,786.4523448376788,0,0.0,0,344.5266199313696,0.0,0,3.0
숭실대,10589255556,C,정문,50,918.0565373771346,0,0.0,0,279.38692603848676,0.0,0,0.0
숭실대,2825723246,최단,정문,0,316.78691825215344,1,3.0,1,13.381128710361503,132.81972559005945,0,1.0
숭실대,2825723246,A,정문,10,332.09761666341,0,0.0,0,111.84591839577388,0.0,0,0.0
숭실대,2825723246,B,정문,0,316.78691825215344,1,3.0,1,13.381128710361503,132.81972559005945,0,1.0
숭실대,2825723246,C,정문,20,332.09761666341,0,0.0,0,111.84591839577388,0.0,0,0.0
숭실대,2824550279,최단,정문,0,449.4878937298007,0,0.0,0,0.0,0.0,0,0.0
숭실대,2824550279,A,정문,0,449.4878937298007,0,0.0,0,0.0,0.0,0,0.0
숭실대,2824550279,B,정문,0,449.4878937298007,0,0.0,0,0.0,0.0,0,0.0
숭실대,2824550279,C,정문,0,449.4878937298007,0,0.0,0,0.0,0.0,0,0.0
숭실대,2824550284,최단,정문,0,308.67337217946124,0,0.0,0,0.0,0.0,0,0.0
숭실대,2824550284,A,정문,0,308.67337217946124,0,0.0,0,0.0,0.0,0,0.0
숭실대,2824550284,B,정문,0,308.67337217946124,0,0.0,0,0.0,0.0,0,0.0
숭실대,2824550284,C,정문,0,308.67337217946124,0,0.0,0,0.0,0.0,0,0.0
숭실대,11413637598,최단,정문,0,445.59509443502384,1,3.0,1,0.0,241.42448600148006,0,1.0
숭실대,11413637598,A,정문,20,485.5640495908924,0,0.0,0,0.0,16.693604912154917,0,1.0
숭실대,11413637598,B,정문,0,445.59509443502384,1,3.0,1,0.0,241.42448600148006,0,1.0
숭실대,11413637598,C,정문,50,485.73421796401516,0,0.0,0,0.0,7.899328094721255,0,0.0
숭실대,2825730235,최단,북문,0,686.5965550558726,3,9.0,3,143.07871961905013,45.199767503761926,0,4.0
숭실대,2825730235,A,정문,20,733.7304556039007,0,0.0,0,0.0,45.199767503761926,0,0.0
숭실대,2825730235,B,정문,2,693.5913320749095,1,3.0,1,0.0,278.72492541052077,0,1.0
숭실대,2825730235,C,정문,50,733.7304556039007,0,0.0,0,0.0,45.199767503761926,0,0.0
숭실대,1872054413,최단,중문,0,836.8265978089427,5,9.0,0,183.51795991934003,46.66976352204462,0,10.0
숭실대,1872054413,A,정문,10,876.7460386632513,0,0.0,0,196.1335770715184,214.5903450602148,0,0.0
숭실대,1872054413,B,중문,0,836.8265978089427,5,9.0,0,183.51795991934003,46.66976352204462,0,10.0
숭실대,1872054413,C,정문,10,876.7460386632513,0,0.0,0,196.1335770715184,214.5903450602148,0,0.0
숭실대,11413637577,최단,정문,0,785.0682881337788,2,5.0,1,502.21173910657956,122.60187395149592,0,4.0
숭실대,11413637577,A,정문,50,854.6810459329112,0,0.0,0,457.70157975096026,153.30316615686186,0,1.0
숭실대,11413637577,B,중문,2,950.5833369772614,3,7.0,0,183.51795991934003,57.942894983742825,0,6.0
숭실대,11413637577,C,정문,200,975.2485119668188,0,0.0,0,184.69876998100744,214.5903450602148,0,0.0
숭실대,10611854834,최단,정문,0,454.2838414714525,2,5.0,1,298.2022064038381,122.60187395149592,0,5.0
숭실대,10611854834,A,정문,50,523.8965992705849,0,0.0,0,253.6920470482188,153.30316615686186,0,2.0
숭실대,10611854834,B,정문,2,558.1112471214863,1,2.0,0,171.75754694082244,250.53239967719526,0,4.0
숭실대,10611854834,C,정문,100,523.8965992705849,0,0.0,0,253.6920470482188,153.30316615686186,0,2.0
숭실대,10589255561,최단,정문,0,799.2519669987064,0,0.0,0,272.6545752426391,145.59037562167865,0,5.0
숭실대,10589255561,A,정문,0,799.2519669987064,0,0.0,0,272.6545752426391,145.59037562167865,0,5.0
숭실대,10589255561,B,정문,0,799.2519669987064,0,0.0,0,272.6545752426391,145.59037562167865,0,5.0
숭실대,10589255561,C,정문,0,799.2519669987064,0,0.0,0,272.6545752426391,145.59037562167865,0,5.0
숭실대,2825723225,최단,정문,0,257.58682491827733,1,3.0,1,0.0,132.81972559005945,0,1.0
숭실대,2825723225,A,정문,0,257.58682491827733,1,3.0,1,0.0,132.81972559005945,0,1.0
숭실대,2825723225,B,정문,0,257.58682491827733,1,3.0,1,0.0,132.81972559005945,0,1.0
숭실대,2825723225,C,정문,0,257.58682491827733,1,3.0,1,0.0,132.81972559005945,0,1.0
숭실대,13296689136,최단,정문,0,276.13306952101556,1,3.0,1,29.536949791971168,88.91003831758937,0,1.0
숭실대,13296689136,A,정문,5,282.70763014284444,0,0.0,0,29.536949791971168,0.0,0,0.0
숭실대,13296689136,B,정문,0,276.13306952101556,1,3.0,1,29.536949791971168,88.91003831758937,0,1.0
숭실대,13296689136,C,정문,10,282.70763014284444,0,0.0,0,29.536949791971168,0.0,0,0.0
숭실대,11413637916,최단,정문,0,303.4990088500664,1,3.0,1,0.0,233.5251579067588,0,1.0
숭실대,11413637916,A,정문,20,343.6381323790576,0,0.0,0,0.0,0.0,0,0.0
숭실대,11413637916,B,정문,0,303.4990088500664,1,3.0,1,0.0,233.5251579067588,0,1.0
숭실대,11413637916,C,정문,50,343.6381323790576,0,0.0,0,0.0,0.0,0,0.0
숭실대,6963036771,최단,북문,0,551.5564313865648,3,5.0,1,327.0465034010511,19.625768546362043,0,7.0
숭실대,6963036771,A,정문,50,652.3889033346028,1,0.0,0,230.95250632604572,31.437568759609356,0,3.0
숭실대,6963036771,B,북문,0,551.5564313865648,3,5.0,1,327.0465034010511,19.625768546362043,0,7.0
숭실대,6963036771,C,정문,50,712.805382700599,0,0.0,0,193.36001498935542,0.0,0,1.0
숭실대,2825731303,최단,북문,0,633.2854623143458,3,5.0,1,351.6648686911781,76.73643418401615,1,7.0
숭실대,2825731303,A,정문,50,734.1179342623839,1,0.0,0,255.57087161617272,88.54823439726346,1,3.0
숭실대,2825731303,B,정문,2,756.6835247984081,1,3.0,1,0.0,278.72492541052077,0,1.0
숭실대,2825731303,C,정문,50,796.8226483273995,0,0.0,0,0.0,45.199767503761926,0,0.0
숭실대,2825701322,최단,북문,0,783.1801827485419,4,7.0,1,321.11042427160766,114.97628689757174,0,9.0
숭실대,2825701322,A,정문,20,892.5282591899988,0,0.0,0,93.6780138068635,45.199767503761926,0,0.0
숭실대,2825701322,B,정문,2,938.3024411243935,1,3.0,1,0.0,278.72492541052077,0,1.0
숭실대,2825701322,C,정문,50,892.5282591899988,0,0.0,0,93.6780138068635,45.199767503761926,0,0.0
숭실대,13324709490,최단,중문,0,743.9551989861352,4,7.0,0,183.51795991934003,46.66976352204462,0,8.0
숭실대,13324709490,A,정문,10,779.781183288894,1,0.0,0,195.2611535386353,203.3172135985166,0,2.0
숭실대,13324709490,B,중문,0,743.9551989861352,4,7.0,0,183.51795991934003,46.66976352204462,0,8.0
숭실대,13324709490,C,정문,10,784.9936816727484,0,0.0,0,196.6329934467937,203.3172135985166,0,0.0
숭실대,13324709401,최단,정문,0,513.1891204897147,2,5.0,1,302.766192805156,122.60187395149592,0,4.0
숭실대,13324709401,A,정문,50,582.8018782888472,0,0.0,0,258.2560334495367,153.30316615686186,0,1.0
숭실대,13324709401,B,정문,2,617.0165261397485,1,2.0,0,176.32153334214036,250.53239967719526,0,3.0
숭실대,13324709401,C,정문,100,582.8018782888472,0,0.0,0,258.2560334495367,153.30316615686186,0,1.0
숭실대,2825723404,최단,정문,0,333.32815679469525,2,5.0,1,126.44465946301565,122.60187395149592,0,4.0
숭실대,2825723404,A,정문,50,402.9409145938277,0,0.0,0,81.93450010739635,153.30316615686186,0,1.0
숭실대,2825723404,B,정문,0,333.32815679469525,2,5.0,1,126.44465946301565,122.60187395149592,0,4.0
숭실대,2825723404,C,정문,100,402.9409145938277,0,0.0,0,81.93450010739635,153.30316615686186,0,1.0
숭실대,2825726591,최단,정문,0,280.3095238185496,1,2.0,0,0.0,219.51760014883897,0,2.0
숭실대,2825726591,A,정문,2,280.4690831717097,0,0.0,0,0.0,201.55595615846156,0,0.0
숭실대,2825726591,B,정문,0,280.3095238185496,1,2.0,0,0.0,219.51760014883897,0,2.0
숭실대,2825726591,C,정문,2,280.4690831717097,0,0.0,0,0.0,201.55595615846156,0,0.0
숭실대,13149390528,최단,정문,0,2.9462906055091023,0,0.0,0,0.0,0.0,0,0.0
숭실대,13149390528,A,정문,0,2.9462906055091023,0,0.0,0,0.0,0.0,0,0.0
숭실대,13149390528,B,정문,0,2.9462906055091023,0,0.0,0,0.0,0.0,0,0.0
숭실대,13149390528,C,정문,0,2.9462906055091023,0,0.0,0,0.0,0.0,0,0.0
숭실대,2825711413,최단,북문,0,143.07871961905013,0,0.0,0,143.07871961905013,0.0,0,1.0
숭실대,2825711413,A,북문,0,143.07871961905013,0,0.0,0,143.07871961905013,0.0,0,1.0
숭실대,2825711413,B,북문,0,143.07871961905013,0,0.0,0,143.07871961905013,0.0,0,1.0
숭실대,2825711413,C,북문,0,143.07871961905013,0,0.0,0,143.07871961905013,0.0,0,1.0
숭실대,3713157340,최단,북문,0,0.6097821228548,0,0.0,0,0.6097821228548,0.0,0,0.0
숭실대,3713157340,A,북문,0,0.6097821228548,0,0.0,0,0.6097821228548,0.0,0,0.0
숭실대,3713157340,B,북문,0,0.6097821228548,0,0.0,0,0.6097821228548,0.0,0,0.0
숭실대,3713157340,C,북문,0,0.6097821228548,0,0.0,0,0.6097821228548,0.0,0,0.0
숭실대,2824550315,최단,북문,0,504.4784146942028,2,5.0,1,279.96848670868917,19.625768546362043,0,5.0
숭실대,2824550315,A,정문,50,605.3108866422408,0,0.0,0,183.87448963368377,31.437568759609356,0,1.0
숭실대,2824550315,B,정문,2,549.175249264068,3,8.0,2,171.47951295051433,284.5884952127302,0,5.0
숭실대,2824550315,C,정문,50,605.3108866422408,0,0.0,0,183.87448963368377,31.437568759609356,0,1.0
숭실대,4621466918,최단,북문,0,599.8289330454124,3,5.0,1,279.96848670868917,114.97628689757174,0,7.0
숭실대,4621466918,A,정문,50,700.6614049934506,1,0.0,0,183.87448963368377,126.78808711081905,0,3.0
숭실대,4621466918,B,북문,0,599.8289330454124,3,5.0,1,279.96848670868917,114.97628689757174,0,7.0
숭실대,4621466918,C,정문,50,700.6614049934506,1,0.0,0,183.87448963368377,126.78808711081905,0,3.0
숭실대,4621475837,최단,북문,0,742.0382451856233,4,7.0,1,279.96848670868917,114.97628689757174,0,9.0
숭실대,4621475837,A,정문,50,933.6701967529175,0,0.0,0,134.81995136978202,45.199767503761926,0,0.0
숭실대,4621475837,B,북문,0,742.0382451856233,4,7.0,1,279.96848670868917,114.97628689757174,0,9.0
숭실대,4621475837,C,정문,50,933.6701967529175,0,0.0,0,134.81995136978202,45.199767503761926,0,0.0
숭실대,2162056432,최단,중문,0,871.5740854020897,5,11.0,1,304.71538956733934,241.7709705117056,0,9.0
숭실대,2162056432,A,정문,20,991.8373254829517,0,0.0,0,288.3151607439442,342.22166408326683,0,0.0
숭실대,2162056432,B,중문,0,871.5740854020897,5,11.0,1,304.71538956733934,241.7709705117056,0,9.0
숭실대,2162056432,C,정문,20,991.8373254829517,0,0.0,0,288.3151607439442,342.22166408326683,0,0.0
숭실대,2477234585,최단,중문,0,819.7236520686079,3,7.0,0,207.5241597811242,75.73208957521663,0,7.0
숭실대,2477234585,A,정문,10,855.5496363713668,0,0.0,0,219.2673534004195,232.3795396516886,0,1.0
숭실대,2477234585,B,중문,0,819.7236520686079,3,7.0,0,207.5241597811242,75.73208957521663,0,7.0
숭실대,2477234585,C,정문,10,855.5496363713668,0,0.0,0,219.2673534004195,232.3795396516886,0,1.0
숭실대,2825728925,최단,중문,0,644.3853121226675,4,8.0,0,211.4942970515647,46.66976352204462,0,8.0
숭실대,2825728925,A,정문,20,754.865399106594,0,0.0,0,214.549709450754,252.65003939585662,0,2.0
숭실대,2825728925,B,중문,0,644.3853121226675,4,8.0,0,211.4942970515647,46.66976352204462,0,8.0
숭실대,2825728925,C,정문,20,741.5259001313221,1,1.0,0,226.52605161185335,203.3172135985166,0,2.0
숭실대,436821653,최단,중문,0,343.6358509951548,1,2.0,0,155.28520226388636,29.78554701175539,0,3.0
숭실대,436821653,A,정문,50,419.48242743884924,0,0.0,0,157.36579750139322,203.61151036295107,0,0.0
숭실대,436821653,B,중문,0,343.6358509951548,1,2.0,0,155.28520226388636,29.78554701175539,0,3.0
숭실대,436821653,C,정문,50,419.48242743884924,0,0.0,0,157.36579750139322,203.61151036295107,0,0.0
숭실대,2825727124,최단,정문,0,338.57276950993617,2,5.0,1,130.78031478665275,178.3517224899813,0,3.0
숭실대,2825727124,A,정문,5,346.9817690160219,0,0.0,0,84.8651390785659,203.61151036295107,0,0.0
숭실대,2825727124,B,정문,2,348.7778697266255,1,2.0,0,83.59661396707544,221.278857588894,0,2.0
숭실대,2825727124,C,정문,10,346.9817690160219,0,0.0,0,84.8651390785659,203.61151036295107,0,0.0
숭실대,4666594482,최단,중문,0,103.75666324960252,1,2.0,0,92.76602003666515,0.0,0,2.0
숭실대,4666594482,A,정문,20,128.9968779312064,0,0.0,0,0.0,96.27029883748739,0,0.0
숭실대,4666594482,B,정문,2,128.9968779312064,0,0.0,0,0.0,96.27029883748739,0,0.0
숭실대,4666594482,C,정문,20,128.9968779312064,0,0.0,0,0.0,96.27029883748739,0,0.0
숭실대,4654271182,최단,북문,0,123.50093289251089,0,0.0,0,123.50093289251089,0.0,0,0.0
숭실대,4654271182,A,북문,0,123.50093289251089,0,0.0,0,123.50093289251089,0.0,0,0.0
숭실대,4654271182,B,북문,0,123.50093289251089,0,0.0,0,123.50093289251089,0.0,0,0.0
숭실대,4654271182,C,북문,0,123.50093289251089,0,0.0,0,123.50093289251089,0.0,0,0.0
숭실대,8537501421,최단,중문,0,816.0272258158823,6,14.0,2,354.0198483577696,136.9196521350679,0,10.0
숭실대,8537501421,A,정문,20,907.9359088576358,2,6.0,2,351.9227282622626,333.8972193220785,0,3.0
숭실대,8537501421,B,중문,0,816.0272258158823,6,14.0,2,354.0198483577696,136.9196521350679,0,10.0
숭실대,8537501421,C,정문,20,907.9359088576358,2,6.0,2,351.9227282622626,333.8972193220785,0,3.0
숭실대,10792799832,최단,중문,0,766.722767025452,4,8.0,0,304.71538956733934,136.9196521350679,0,8.0
숭실대,10792799832,A,정문,20,858.6314500672055,0,0.0,0,302.6182694718323,333.8972193220785,0,1.0
숭실대,10792799832,B,중문,0,766.722767025452,4,8.0,0,304.71538956733934,136.9196521350679,0,8.0
숭실대,10792799832,C,정문,20,858.6314500672055,0,0.0,0,302.6182694718323,333.8972193220785,0,1.0
숭실대,2825728935,최단,중문,0,661.4161188983956,5,11.0,0,228.5251038272926,46.66976352204462,0,9.0
숭실대,2825728935,A,정문,20,761.5911408929295,0,0.0,0,221.27545123708933,252.65003939585662,0,2.0
숭실대,2825728935,B,중문,2,665.7511860560744,4,8.0,0,223.37257133259632,54.731662145297854,0,8.0
숭실대,2825728935,C,정문,20,761.5911408929295,0,0.0,0,221.27545123708933,252.65003939585662,0,2.0
숭실대,4620932585,최단,남문,0,232.20287287045394,1,2.0,0,0.0,170.82831699813465,0,3.0
숭실대,4620932585,A,남문,0,232.20287287045394,1,2.0,0,0.0,170.82831699813465,0,3.0
숭실대,4620932585,B,남문,0,232.20287287045394,1,2.0,0,0.0,170.82831699813465,0,3.0
숭실대,4620932585,C,남문,0,232.20287287045394,1,2.0,0,0.0,170.82831699813465,0,3.0
숭실대,2890319302,최단,남문,0,9.327751769096233,1,2.0,0,0.0,0.0,0,2.0
숭실대,2890319302,A,남문,0,9.327751769096233,1,2.0,0,0.0,0.0,0,2.0
숭실대,2890319302,B,남문,0,9.327751769096233,1,2.0,0,0.0,0.0,0,2.0
숭실대,2890319302,C,남문,0,9.327751769096233,1,2.0,0,0.0,0.0,0,2.0
숭실대,4686503139,최단,후문,0,0.0,0,0.0,0,0.0,0.0,0,0.0
숭실대,4686503139,A,후문,0,0.0,0,0.0,0,0.0,0.0,0,0.0
숭실대,4686503139,B,후문,0,0.0,0,0.0,0,0.0,0.0,0,0.0
숭실대,4686503139,C,후문,0,0.0,0,0.0,0,0.0,0.0,0,0.0
숭실대,8761605888,최단,후문,0,480.9506050039806,2,5.0,0,288.43181111382984,168.58645753764938,1,4.0
숭실대,8761605888,A,후문,20,540.4459727547438,0,0.0,0,295.6270377625208,244.81893499222303,1,3.0
숭실대,8761605888,B,후문,2,489.274083723372,2,5.0,0,167.95083506533376,168.58645753764938,1,5.0
숭실대,8761605888,C,후문,100,540.4459727547438,0,0.0,0,295.6270377625208,244.81893499222303,1,3.0
숭실대,2824759229,최단,남문,0,807.4782779935972,6,12.0,0,511.6714238237871,228.08302815478538,0,10.0
숭실대,2824759229,A,정문,20,1007.281860578748,0,0.0,0,404.5100026400246,290.97551003927623,0,4.0
숭실대,2824759229,B,중문,2,943.8495360692687,4,8.0,0,356.5631228654211,93.05713278871744,1,9.0
숭실대,2824759229,C,정문,50,1011.30346813462,0,0.0,0,436.49461220772343,252.65003939585662,0,3.0
숭실대,2824759097,최단,남문,0,544.947086040764,4,6.0,0,358.38107984886506,177.2382544228027,0,7.0
숭실대,2824759097,A,남문,0,544.947086040764,4,6.0,0,358.38107984886506,177.2382544228027,0,7.0
숭실대,2824759097,B,남문,0,544.947086040764,4,6.0,0,358.38107984886506,177.2382544228027,0,7.0
숭실대,2824759097,C,남문,0,544.947086040764,4,6.0,0,358.38107984886506,177.2382544228027,0,7.0
숭실대,8482687939,최단,남문,0,490.83911959859563,3,6.0,0,246.14561348589217,235.3657543436072,0,7.0
숭실대,8482687939,A,남문,0,490.83911959859563,3,6.0,0,246.14561348589217,235.3657543436072,0,7.0
숭실대,8482687939,B,남문,0,490.83911959859563,3,6.0,0,246.14561348589217,235.3657543436072,0,7.0
숭실대,8482687939,C,남문,0,490.83911959859563,3,6.0,0,246.14561348589217,235.3657543436072,0,7.0
숭실대,13322228150,최단,남문,0,72.28145347385006,1,2.0,0,0.0,55.319533877905755,0,2.0
숭실대,13322228150,A,남문,0,72.28145347385006,1,2.0,0,0.0,55.319533877905755,0,2.0
숭실대,13322228150,B,남문,0,72.28145347385006,1,2.0,0,0.0,55.319533877905755,0,2.0
숭실대,13322228150,C,남문,0,72.28145347385006,1,2.0,0,0.0,55.319533877905755,0,2.0
숭실대,2825711424,최단,후문,0,97.2330326728827,0,0.0,0,0.0,97.2330326728827,0,0.0
숭실대,2825711424,A,후문,0,97.2330326728827,0,0.0,0,0.0,97.2330326728827,0,0.0
숭실대,2825711424,B,후문,0,97.2330326728827,0,0.0,0,0.0,97.2330326728827,0,0.0
숭실대,2825711424,C,후문,0,97.2330326728827,0,0.0,0,0.0,97.2330326728827,0,0.0
숭실대,8857857355,최단,후문,0,341.5651776585071,2,5.0,0,149.0463837683563,168.58645753764938,1,4.0
숭실대,8857857355,A,후문,20,401.0605454092703,0,0.0,0,156.24161041704724,244.81893499222303,1,3.0
숭실대,8857857355,B,후문,0,341.5651776585071,2,5.0,0,149.0463837683563,168.58645753764938,1,4.0
숭실대,8857857355,C,후문,100,401.0605454092703,0,0.0,0,156.24161041704724,244.81893499222303,1,3.0
숭실대,2824759222,최단,후문,0,384.67207514267614,3,5.0,0,127.60145993505749,233.13827885511722,0,6.0
숭실대,2824759222,A,후문,20,444.1674428934393,1,0.0,0,134.79668658374842,309.3707563096909,0,5.0
숭실대,2824759222,B,후문,0,384.67207514267614,3,5.0,0,127.60145993505749,233.13827885511722,0,6.0
숭실대,2824759222,C,후문,100,444.1674428934393,1,0.0,0,134.79668658374842,309.3707563096909,0,5.0
숭실대,2824759203,최단,후문,0,530.2436100302177,3,5.0,0,337.72481614006693,168.58645753764938,0,6.0
숭실대,2824759203,A,후문,20,589.7389777809809,1,0.0,0,344.9200427887579,244.81893499222303,0,5.0
숭실대,2824759203,B,후문,2,539.6065462971359,4,5.0,0,282.53593108951725,233.13827885511722,0,8.0
숭실대,2824759203,C,후문,100,589.7389777809809,1,0.0,0,344.9200427887579,244.81893499222303,0,5.0
숭실대,4619539867,최단,남문,0,921.83022606978,3,7.0,0,857.182940422778,55.319533877905755,0,8.0
숭실대,4619539867,A,남문,0,921.83022606978,3,7.0,0,857.182940422778,55.319533877905755,0,8.0
숭실대,4619539867,B,남문,10,1129.4330308294875,4,9.0,0,820.4002685867995,55.319533877905755,0,10.0
숭실대,4619539867,C,남문,0,921.83022606978,3,7.0,0,857.182940422778,55.319533877905755,0,8.0
숭실대,13322228135,최단,남문,0,294.93403483755486,2,4.0,0,230.2867491905529,55.319533877905755,0,4.0
숭실대,13322228135,A,남문,0,294.93403483755486,2,4.0,0,230.2867491905529,55.319533877905755,0,4.0
숭실대,13322228135,B,남문,0,294.93403483755486,2,4.0,0,230.2867491905529,55.319533877905755,0,4.0
숭실대,13322228135,C,남문,0,294.93403483755486,2,4.0,0,230.2867491905529,55.319533877905755,0,4.0
숭실대,12785639994,최단,남문,0,242.64880919169732,2,4.0,0,116.79179463789632,55.319533877905755,0,4.0
숭실대,12785639994,A,남문,0,242.64880919169732,2,4.0,0,116.79179463789632,55.319533877905755,0,4.0
숭실대,12785639994,B,남문,0,242.64880919169732,2,4.0,0,116.79179463789632,55.319533877905755,0,4.0
숭실대,12785639994,C,남문,0,242.64880919169732,2,4.0,0,116.79179463789632,55.319533877905755,0,4.0
숭실대,8761605856,최단,후문,0,749.3466530108797,2,5.0,0,556.8278591207288,168.58645753764938,1,5.0
숭실대,8761605856,A,후문,20,808.8420207616427,0,0.0,0,564.0230857694198,244.81893499222303,1,4.0
숭실대,8761605856,B,후문,0,749.3466530108797,2,5.0,0,556.8278591207288,168.58645753764938,1,5.0
숭실대,8761605856,C,후문,100,808.8420207616427,0,0.0,0,564.0230857694198,244.81893499222303,1,4.0
숭실대,8761605867,최단,후문,0,559.1894327431513,2,5.0,0,366.67063885300047,168.58645753764938,1,4.0
숭실대,8761605867,A,후문,20,618.6848004939145,0,0.0,0,373.8658655016914,244.81893499222303,1,3.0
숭실대,8761605867,B,후문,0,559.1894327431513,2,5.0,0,366.67063885300047,168.58645753764938,1,4.0
숭실대,8761605867,C,후문,100,618.6848004939145,0,0.0,0,373.8658655016914,244.81893499222303,1,3.0
숭실대,2824759300,최단,후문,0,320.1202538252083,2,5.0,0,127.60145993505749,168.58645753764938,0,4.0
숭실대,2824759300,A,후문,20,379.6156215759715,0,0.0,0,134.79668658374842,244.81893499222303,0,3.0
숭실대,2824759300,B,후문,0,320.1202538252083,2,5.0,0,127.60145993505749,168.58645753764938,0,4.0
숭실대,2824759300,C,후문,100,379.6156215759715,0,0.0,0,134.79668658374842,244.81893499222303,0,3.0
숭실대,4697324250,최단,후문,0,900.9307264316438,4,5.0,0,293.86603994257166,583.1323501365708,0,13.0
숭실대,4697324250,A,후문,20,960.426094182407,2,0.0,0,301.0612665912626,659.3648275911445,0,12.0
숭실대,4697324250,B,후문,0,900.9307264316438,4,5.0,0,293.86603994257166,583.1323501365708,0,13.0
숭실대,4697324250,C,후문,100,1026.169574849924,2,0.0,0,302.9559156687846,659.3648275911445,0,8.0
숭실대,5406793565,최단,남문,0,819.5252120901637,2,4.0,0,754.8779264431616,55.319533877905755,0,7.0
숭실대,5406793565,A,남문,0,819.5252120901637,2,4.0,0,754.8779264431616,55.319533877905755,0,7.0
숭실대,5406793565,B,남문,10,1027.1280168498713,3,6.0,0,718.095254607183,55.319533877905755,0,9.0
숭실대,5406793565,C,남문,0,819.5252120901637,2,4.0,0,754.8779264431616,55.319533877905755,0,7.0
숭실대,2826156923,최단,남문,0,907.4656293157693,2,4.0,0,842.8183436687673,55.319533877905755,0,7.0
숭실대,2826156923,A,남문,0,907.4656293157693,2,4.0,0,842.8183436687673,55.319533877905755,0,7.0
숭실대,2826156923,B,남문,10,1115.0684340754767,3,6.0,0,806.0356718327887,55.319533877905755,0,9.0
숭실대,2826156923,C,남문,0,907.4656293157693,2,4.0,0,842.8183436687673,55.319533877905755,0,7.0
숭실대,8482827916,최단,남문,0,655.9735665051207,3,7.0,0,591.3262808581187,55.319533877905755,0,6.0
숭실대,8482827916,A,남문,0,655.9735665051207,3,7.0,0,591.3262808581187,55.319533877905755,0,6.0
숭실대,8482827916,B,남문,5,686.9533811811182,4,10.0,0,582.5406973124143,55.319533877905755,0,6.0
숭실대,8482827916,C,남문,0,655.9735665051207,3,7.0,0,591.3262808581187,55.319533877905755,0,6.0
숭실대,5406793616,최단,남문,0,505.2935049607934,2,4.0,0,440.64621931379145,55.319533877905755,0,5.0
숭실대,5406793616,A,남문,0,505.2935049607934,2,4.0,0,440.64621931379145,55.319533877905755,0,5.0
숭실대,5406793616,B,남문,0,505.2935049607934,2,4.0,0,440.64621931379145,55.319533877905755,0,5.0
숭실대,5406793616,C,남문,0,505.2935049607934,2,4.0,0,440.64621931379145,55.319533877905755,0,5.0
숭실대,5406793597,최단,남문,0,616.1078999502172,2,4.0,0,431.8411036570205,55.319533877905755,0,5.0
숭실대,5406793597,A,남문,0,616.1078999502172,2,4.0,0,431.8411036570205,55.319533877905755,0,5.0
숭실대,5406793597,B,남문,0,616.1078999502172,2,4.0,0,431.8411036570205,55.319533877905755,0,5.0
숭실대,5406793597,C,남문,0,616.1078999502172,2,4.0,0,431.8411036570205,55.319533877905755,0,5.0
숭실대,5406793613,최단,후문,0,684.1227704988946,2,5.0,0,491.6039766087438,168.58645753764938,1,5.0
숭실대,5406793613,A,후문,20,743.6181382496577,0,0.0,0,498.7992032574347,244.81893499222303,1,4.0
숭실대,5406793613,B,후문,0,684.1227704988946,2,5.0,0,491.6039766087438,168.58645753764938,1,5.0
숭실대,5406793613,C,후문,100,743.6181382496577,0,0.0,0,498.7992032574347,244.81893499222303,1,4.0
숭실대,4697324249,최단,후문,0,844.4123200348414,4,5.0,0,202.9939218064644,583.1323501365708,0,12.0
숭실대,4697324249,A,후문,20,903.9076877856045,2,0.0,0,210.18914845515536,659.3648275911445,0,11.0
숭실대,4697324249,B,후문,0,844.4123200348414,4,5.0,0,202.9939218064644,583.1323501365708,0,12.0
숭실대,4697324249,C,후문,100,903.9076877856045,2,0.0,0,210.18914845515536,659.3648275911445,0,11.0
숭실대,4697324237,최단,후문,0,970.4203049803525,4,5.0,0,258.95798805590044,583.1323501365708,0,9.0
숭실대,4697324237,A,후문,20,1029.9156727311156,2,0.0,0,266.1532147045914,659.3648275911445,0,8.0
숭실대,4697324237,B,후문,0,970.4203049803525,4,5.0,0,258.95798805590044,583.1323501365708,0,9.0
숭실대,4697324237,C,후문,100,1029.9156727311156,2,0.0,0,266.1532147045914,659.3648275911445,0,8.0
숭실대,8482789908,최단,남문,0,539.2242193494932,2,4.0,0,474.57693370249115,55.319533877905755,0,4.0
숭실대,8482789908,A,남문,0,539.2242193494932,2,4.0,0,474.57693370249115,55.319533877905755,0,4.0
숭실대,8482789908,B,남문,0,539.2242193494932,2,4.0,0,474.57693370249115,55.319533877905755,0,4.0
숭실대,8482789908,C,남문,0,539.2242193494932,2,4.0,0,474.57693370249115,55.319533877905755,0,4.0
숭실대,1667060931,최단,남문,0,1044.602879622287,2,4.0,0,979.9555939752851,55.319533877905755,0,5.0
숭실대,1667060931,A,남문,0,1044.602879622287,2,4.0,0,979.9555939752851,55.319533877905755,0,5.0
숭실대,1667060931,B,남문,10,1252.2056843819946,3,6.0,0,943.1729221393064,55.319533877905755,0,7.0
숭실대,1667060931,C,남문,0,1044.602879622287,2,4.0,0,979.9555939752851,55.319533877905755,0,5.0
숭실대,4697324255,최단,후문,0,734.6661464241298,4,5.0,0,127.60145993505749,583.1323501365708,0,8.0
숭실대,4697324255,A,후문,20,794.1615141748929,2,0.0,0,134.79668658374842,659.3648275911445,0,7.0
숭실대,4697324255,B,후문,0,734.6661464241298,4,5.0,0,127.60145993505749,583.1323501365708,0,8.0
숭실대,4697324255,C,후문,100,794.1615141748929,2,0.0,0,134.79668658374842,659.3648275911445,0,7.0
숭실대,5406793629,최단,남문,0,775.4632152056954,2,4.0,0,710.8159295586934,55.319533877905755,0,5.0
숭실대,5406793629,A,남문,0,775.4632152056954,2,4.0,0,710.8159295586934,55.319533877905755,0,5.0
숭실대,5406793629,B,남문,10,983.0660199654028,3,6.0,0,674.0332577227148,55.319533877905755,0,7.0
숭실대,5406793629,C,남문,0,775.4632152056954,2,4.0,0,710.8159295586934,55.319533877905755,0,5.0
숭실대,6428306251,최단,남문,0,1534.2050358786441,2,4.0,0,1123.6825078460786,250.007682495109,1,5.0
숭실대,6428306251,A,남문,0,1534.2050358786441,2,4.0,0,1123.6825078460786,250.007682495109,1,5.0
숭실대,6428306251,B,남문,10,1741.8078406383515,3,6.0,0,1086.8998360101,250.007682495109,1,7.0
숭실대,6428306251,C,정문,500,1953.396384343857,1,2.0,0,1216.4485278827437,553.034183599034,1,3.0
숭실대,1667060481,최단,남문,0,1312.9929974791485,2,4.0,0,1053.657563214943,250.007682495109,0,5.0
숭실대,1667060481,A,남문,0,1312.9929974791485,2,4.0,0,1053.657563214943,250.007682495109,0,5.0
숭실대,1667060481,B,남문,10,1520.5958022388559,3,6.0,0,1016.8748913789643,250.007682495109,0,7.0
숭실대,1667060481,C,남문,0,1312.9929974791485,2,4.0,0,1053.657563214943,250.007682495109,0,5.0
숭실대,2943859173,최단,남문,0,1034.6326693405035,2,4.0,0,969.9853836935015,55.319533877905755,0,5.0
숭실대,2943859173,A,남문,0,1034.6326693405035,2,4.0,0,969.9853836935015,55.319533877905755,0,5.0
숭실대,2943859173,B,남문,10,1242.235474100211,3,6.0,0,933.2027118575229,55.319533877905755,0,7.0
숭실대,2943859173,C,남문,0,1034.6326693405035,2,4.0,0,969.9853836935015,55.319533877905755,0,5.0
숭실대,1667060965,최단,남문,0,1118.304848861945,2,4.0,0,1053.657563214943,55.319533877905755,0,5.0
숭실대,1667060965,A,남문,0,1118.304848861945,2,4.0,0,1053.657563214943,55.319533877905755,0,5.0
숭실대,1667060965,B,남문,10,1325.9076536216526,3,6.0,0,1016.8748913789643,55.319533877905755,0,7.0
숭실대,1667060965,C,남문,0,1118.304848861945,2,4.0,0,1053.657563214943,55.319533877905755,0,5.0
중앙대,4621496741,최단,후문,0,507.9106595984979,6,10.0,2,170.880652403552,127.27590468228422,0,10.0
중앙대,4621496741,A,후문,5,545.2263543423521,3,2.0,0,170.880652403552,125.50963896075295,0,6.0
중앙대,4621496741,B,후문,0,507.9106595984979,6,10.0,2,170.880652403552,127.27590468228422,0,10.0
중앙대,4621496741,C,후문,50,589.7333120957323,2,2.0,0,190.66486672822134,184.9367676056226,0,4.0
중앙대,4626863240,최단,후문,0,682.8614238804447,4,8.0,0,330.4859005642294,13.303162224245675,1,6.0
중앙대,4626863240,A,후문,50,738.7486199403265,1,0.0,0,166.09157663400478,0.0,1,3.0
중앙대,4626863240,B,후문,2,760.3916212389693,2,3.0,0,84.03999396778941,62.83197352230113,0,4.0
중앙대,4626863240,C,후문,50,758.6220540624283,1,0.0,0,199.88629376456464,0.0,1,2.0
중앙대,11871139989,최단,후문,0,445.0655686646762,2,2.0,0,143.5816477867958,137.17153188054877,0,4.0
중앙대,11871139989,A,후문,0,445.0655686646762,2,2.0,0,143.5816477867958,137.17153188054877,0,4.0
중앙대,11871139989,B,후문,0,445.0655686646762,2,2.0,0,143.5816477867958,137.17153188054877,0,4.0
중앙대,11871139989,C,후문,0,445.0655686646762,2,2.0,0,143.5816477867958,137.17153188054877,0,4.0
중앙대,1831853297,최단,후문,0,468.8772990607571,6,10.0,2,143.5816477867958,185.02707434593597,0,10.0
중앙대,1831853297,A,후문,5,506.1929938046112,3,2.0,0,143.5816477867958,183.2608086244047,0,6.0
중앙대,1831853297,B,후문,0,468.8772990607571,6,10.0,2,143.5816477867958,185.02707434593597,0,10.0
중앙대,1831853297,C,후문,10,506.1929938046112,3,2.0,0,143.5816477867958,183.2608086244047,0,6.0
중앙대,14136808395,최단,후문,0,594.2294343139163,7,13.0,3,168.06866804839848,185.02707434593597,0,13.0
중앙대,14136808395,A,후문,5,631.5451290577705,4,5.0,1,168.06866804839848,183.2608086244047,0,9.0
중앙대,14136808395,B,후문,0,594.2294343139163,7,13.0,3,168.06866804839848,185.02707434593597,0,13.0
중앙대,14136808395,C,후문,10,631.5451290577705,4,5.0,1,168.06866804839848,183.2608086244047,0,9.0
중앙대,13363593899,최단,후문,0,687.4226678917977,5,8.0,0,173.93554646568293,129.80312106484087,0,9.0
중앙대,13363593899,A,후문,50,776.3661625483337,4,6.0,0,173.93554646568293,274.14986231994266,0,7.0
중앙대,13363593899,B,후문,0,687.4226678917977,5,8.0,0,173.93554646568293,129.80312106484087,0,9.0
중앙대,13363593899,C,후문,50,776.3661625483337,4,6.0,0,173.93554646568293,274.14986231994266,0,7.0
중앙대,2825706570,최단,후문,0,753.8104885717297,1,0.0,0,159.67321614934482,84.88541146377696,0,3.0
중앙대,2825706570,A,후문,0,753.8104885717297,1,0.0,0,159.67321614934482,84.88541146377696,0,3.0
중앙대,2825706570,B,후문,2,866.212848067936,1,0.0,0,41.141937562918514,271.50435623794147,0,2.0
중앙대,2825706570,C,후문,50,780.2995426045502,1,0.0,0,134.81995136978202,271.50435623794147,0,2.0
중앙대,2825730230,최단,후문,0,708.6107210679679,1,0.0,0,159.67321614934482,39.68564396001503,0,3.0
중앙대,2825730230,A,후문,0,708.6107210679679,1,0.0,0,159.67321614934482,39.68564396001503,0,3.0
중앙대,2825730230,B,후문,2,821.0130805641741,1,0.0,0,41.141937562918514,226.30458873417956,0,2.0
중앙대,2825730230,C,후문,50,735.0997751007884,1,0.0,0,134.81995136978202,226.30458873417956,0,2.0
중앙대,8483442364,최단,후문,0,479.0536299324027,4,8.0,0,268.4495158469307,13.303162224245675,0,6.0
중앙대,8483442364,A,후문,50,534.3624464125182,1,0.0,0,104.05519191670612,0.0,0,3.0
중앙대,8483442364,B,후문,2,523.7235267161199,3,6.0,0,65.99520234248132,52.9888061842607,0,5.0
중앙대,8483442364,C,후문,50,554.2358805346202,1,0.0,0,137.84990904726595,0.0,0,2.0
중앙대,8483442362,최단,후문,0,472.6717569851959,2,2.0,0,230.3895262727059,27.003411745982216,0,4.0
중앙대,8483442362,A,후문,50,514.8571665577499,1,0.0,0,65.99520234248132,27.003411745982216,0,3.0
중앙대,8483442362,B,후문,2,514.8571665577499,1,0.0,0,65.99520234248132,27.003411745982216,0,3.0
중앙대,8483442362,C,후문,50,534.7306006798519,1,0.0,0,99.78991947304117,27.003411745982216,0,2.0
중앙대,4621486060,최단,후문,0,156.0368245557268,1,0.0,0,143.5816477867958,0.0,0,2.0
중앙대,4621486060,A,후문,0,156.0368245557268,1,0.0,0,143.5816477867958,0.0,0,2.0
중앙대,4621486060,B,후문,0,156.0368245557268,1,0.0,0,143.5816477867958,0.0,0,2.0
중앙대,4621486060,C,후문,0,156.0368245557268,1,0.0,0,143.5816477867958,0.0,0,2.0
중앙대,4621488501,최단,후문,0,301.81424368438525,2,2.0,0,143.5816477867958,0.0,0,4.0
중앙대,4621488501,A,후문,0,301.81424368438525,2,2.0,0,143.5816477867958,0.0,0,4.0
중앙대,4621488501,B,후문,0,301.81424368438525,2,2.0,0,143.5816477867958,0.0,0,4.0
중앙대,4621488501,C,후문,0,301.81424368438525,2,2.0,0,143.5816477867958,0.0,0,4.0
중앙대,13363604110,최단,후문,0,624.9388970157842,5,8.0,0,173.93554646568293,129.80312106484087,0,9.0
중앙대,13363604110,A,후문,50,713.8823916723202,4,6.0,0,173.93554646568293,274.14986231994266,0,7.0
중앙대,13363604110,B,후문,0,624.9388970157842,5,8.0,0,173.93554646568293,129.80312106484087,0,9.0
중앙대,13363604110,C,후문,50,713.8823916723202,4,6.0,0,173.93554646568293,274.14986231994266,0,7.0
중앙대,12056780871,최단,후문,0,770.1630731310902,6,10.0,0,417.8381280142986,129.80312106484087,0,11.0
중앙대,12056780871,A,후문,50,859.1065677876262,5,8.0,0,417.8381280142986,274.14986231994266,0,9.0
중앙대,12056780871,B,후문,0,770.1630731310902,6,10.0,0,417.8381280142986,129.80312106484087,0,11.0
중앙대,12056780871,C,후문,50,859.1065677876262,5,8.0,0,417.8381280142986,274.14986231994266,0,9.0
중앙대,2825731308,최단,후문,0,658.1752963250472,1,0.0,0,159.67321614934482,39.68564396001503,0,3.0
중앙대,2825731308,A,후문,0,658.1752963250472,1,0.0,0,159.67321614934482,39.68564396001503,0,3.0
중앙대,2825731308,B,후문,2,770.5776558212535,1,0.0,0,41.141937562918514,226.30458873417956,0,2.0
중앙대,2825731308,C,후문,50,684.6643503578676,1,0.0,0,134.81995136978202,226.30458873417956,0,2.0
중앙대,2824550321,최단,후문,0,330.17751370586467,1,0.0,0,65.99520234248132,0.0,0,7.0
중앙대,2824550321,A,후문,0,330.17751370586467,1,0.0,0,65.99520234248132,0.0,0,7.0
중앙대,2824550321,B,후문,2,349.1915001426124,1,0.0,0,0.0,226.30458873417956,0,2.0
중앙대,2824550321,C,후문,5,349.1915001426124,1,0.0,0,0.0,226.30458873417956,0,2.0
중앙대,2825701309,최단,후문,0,233.79740542424364,1,0.0,0,65.99520234248132,0.0,0,3.0
중앙대,2825701309,A,후문,0,233.79740542424364,1,0.0,0,65.99520234248132,0.0,0,3.0
중앙대,2825701309,B,후문,0,233.79740542424364,1,0.0,0,65.99520234248132,0.0,0,3.0
중앙대,2825701309,C,후문,0,233.79740542424364,1,0.0,0,65.99520234248132,0.0,0,3.0
중앙대,4621486051,최단,후문,0,115.46838397826185,1,0.0,0,0.0,0.0,0,3.0
중앙대,4621486051,A,후문,0,115.46838397826185,1,0.0,0,0.0,0.0,0,3.0
중앙대,4621486051,B,후문,0,115.46838397826185,1,0.0,0,0.0,0.0,0,3.0
중앙대,4621486051,C,후문,0,115.46838397826185,1,0.0,0,0.0,0.0,0,3.0
중앙대,2824550328,최단,후문,0,12.455176768931,0,0.0,0,0.0,0.0,0,0.0
중앙대,2824550328,A,후문,0,12.455176768931,0,0.0,0,0.0,0.0,0,0.0
중앙대,2824550328,B,후문,0,12.455176768931,0,0.0,0,0.0,0.0,0,0.0
중앙대,2824550328,C,후문,0,12.455176768931,0,0.0,0,0.0,0.0,0,0.0
중앙대,4621493642,최단,후문,0,540.0611157534875,3,4.0,0,173.93554646568293,141.0239247659105,0,5.0
중앙대,4621493642,A,후문,100,699.1198324886697,1,2.0,0,426.496002159254,209.70368306047547,0,8.0
중앙대,4621493642,B,후문,0,540.0611157534875,3,4.0,0,173.93554646568293,141.0239247659105,0,5.0
중앙대,4621493642,C,후문,0,540.0611157534875,3,4.0,0,173.93554646568293,141.0239247659105,0,5.0
중앙대,4621493615,최단,후문,0,618.3789280021421,3,4.0,0,273.52555320993724,210.55029928870835,0,6.0
중앙대,4621493615,A,후문,100,795.9553303472212,2,2.0,0,273.52555320993724,166.34499509175,0,5.0
중앙대,4621493615,B,후문,2,721.9762371137462,3,4.0,0,209.86469974194029,264.5969578991262,0,6.0
중앙대,4621493615,C,후문,200,795.9553303472212,2,2.0,0,273.52555320993724,166.34499509175,0,5.0
중앙대,2829530350,최단,정문,0,777.6140069757912,5,15.0,1,636.7991006281634,131.77547652385738,0,8.0
중앙대,2829530350,A,정문,0,777.6140069757912,5,15.0,1,636.7991006281634,131.77547652385738,0,8.0
중앙대,2829530350,B,정문,0,777.6140069757912,5,15.0,1,636.7991006281634,131.77547652385738,0,8.0
중앙대,2829530350,C,정문,200,1003.1304204402393,5,15.0,1,757.3241030153454,68.03126912818979,0,6.0
중앙대,2824550315,최단,후문,0,675.0835349822079,2,2.0,0,65.99520234248132,95.3505183512097,0,9.0
중앙대,2824550315,A,후문,100,781.6165384037614,1,0.0,0,137.69158432497028,96.79630959766914,1,3.0
중앙대,2824550315,B,후문,2,694.0975214189557,2,2.0,0,0.0,321.65510708538926,0,4.0
중앙대,2824550315,C,후문,100,808.1055924365819,1,0.0,0,112.83831954540747,283.41525437183367,1,2.0
중앙대,2825731322,최단,후문,0,497.4201355187464,2,2.0,0,65.99520234248132,0.0,0,9.0
중앙대,2825731322,A,후문,100,633.2122799703418,1,0.0,0,127.94344702231525,39.68564396001503,0,3.0
중앙대,2825731322,B,후문,2,516.4341219554942,2,2.0,0,0.0,226.30458873417956,0,4.0
중앙대,2825731322,C,후문,5,516.4341219554942,2,2.0,0,0.0,226.30458873417956,0,4.0
중앙대,4621475837,최단,후문,0,437.52370449078717,1,0.0,0,65.99520234248132,0.0,0,7.0
중앙대,4621475837,A,후문,0,437.52370449078717,1,0.0,0,65.99520234248132,0.0,0,7.0
중앙대,4621475837,B,후문,2,456.53769092753487,1,0.0,0,0.0,226.30458873417956,0,2.0
중앙대,4621475837,C,후문,5,456.53769092753487,1,0.0,0,0.0,226.30458873417956,0,2.0
중앙대,8761605951,최단,후문,0,205.21209590505234,1,0.0,0,0.0,82.32518449661944,0,2.0
중앙대,8761605951,A,후문,0,205.21209590505234,1,0.0,0,0.0,82.32518449661944,0,2.0
중앙대,8761605951,B,후문,0,205.21209590505234,1,0.0,0,0.0,82.32518449661944,0,2.0
중앙대,8761605951,C,후문,0,205.21209590505234,1,0.0,0,0.0,82.32518449661944,0,2.0
중앙대,2829147711,최단,후문,0,122.88691140843291,1,0.0,0,0.0,0.0,0,2.0
중앙대,2829147711,A,후문,0,122.88691140843291,1,0.0,0,0.0,0.0,0,2.0
중앙대,2829147711,B,후문,0,122.88691140843291,1,0.0,0,0.0,0.0,0,2.0
중앙대,2829147711,C,후문,0,122.88691140843291,1,0.0,0,0.0,0.0,0,2.0
중앙대,4613243829,최단,중문,0,253.47015892103417,0,0.0,0,253.47015892103417,0.0,0,2.0
중앙대,4613243829,A,중문,0,253.47015892103417,0,0.0,0,253.47015892103417,0.0,0,2.0
중앙대,4613243829,B,중문,2,292.4904125940133,1,3.0,1,174.14886564050758,0.0,0,3.0
중앙대,4613243829,C,중문,20,264.24951305525894,0,0.0,0,264.24951305525894,0.0,0,1.0
중앙대,4621493631,최단,후문,0,471.52432986682356,1,2.0,0,471.52432986682356,0.0,0,6.0
중앙대,4621493631,A,후문,0,471.52432986682356,1,2.0,0,471.52432986682356,0.0,0,6.0
중앙대,4621493631,B,후문,0,471.52432986682356,1,2.0,0,471.52432986682356,0.0,0,6.0
중앙대,4621493631,C,후문,0,471.52432986682356,1,2.0,0,471.52432986682356,0.0,0,6.0
중앙대,2829530337,최단,정문,0,497.98194775462235,4,12.0,1,357.16704140699454,131.77547652385738,0,5.0
중앙대,2829530337,A,정문,0,497.98194775462235,4,12.0,1,357.16704140699454,131.77547652385738,0,5.0
중앙대,2829530337,B,정문,5,607.9771642228706,4,12.0,1,310.0978768719838,131.77547652385738,0,7.0
중앙대,2829530337,C,정문,0,497.98194775462235,4,12.0,1,357.16704140699454,131.77547652385738,0,5.0
중앙대,4613270035,최단,정문,0,494.0999671925765,4,12.0,1,430.74470215110296,54.31583521770307,0,5.0
중앙대,4613270035,A,정문,0,494.0999671925765,4,12.0,1,430.74470215110296,54.31583521770307,0,5.0
중앙대,4613270035,B,정문,0,494.0999671925765,4,12.0,1,430.74470215110296,54.31583521770307,0,5.0
중앙대,4613270035,C,정문,0,494.0999671925765,4,12.0,1,430.74470215110296,54.31583521770307,0,5.0
중앙대,4613267682,최단,정문,0,708.4420557079748,5,15.0,1,565.0040993315099,134.39852655269422,0,6.0
중앙대,4613267682,A,정문,100,902.6695766716723,4,12.0,1,589.2351295410973,134.39852655269422,0,9.0
중앙대,4613267682,B,정문,0,708.4420557079748,5,15.0,1,565.0040993315099,134.39852655269422,0,6.0
중앙대,4613267682,C,정문,0,708.4420557079748,5,15.0,1,565.0040993315099,134.39852655269422,0,6.0
중앙대,4654271182,최단,후문,0,1303.0628825689216,5,7.0,1,469.4646219436813,114.97628689757174,0,16.0
중앙대,4654271182,A,후문,50,1450.3937012323702,2,3.0,1,445.30594272660426,84.88541146377696,0,6.0
중앙대,4654271182,B,후문,2,1322.0768690056693,5,7.0,1,403.4694196012,341.2808756317513,0,11.0
중앙대,4654271182,C,후문,50,1476.8827552651906,2,3.0,1,420.4526779470415,271.50435623794147,0,5.0
중앙대,4613243688,최단,후문,0,208.54603934451958,0,0.0,0,208.54603934451958,0.0,0,0.0
중앙대,4613243688,A,후문,0,208.54603934451958,0,0.0,0,208.54603934451958,0.0,0,0.0
중앙대,4613243688,B,중문,2,237.4583630777185,1,3.0,1,192.69833499538424,0.0,0,2.0
중앙대,4613243688,C,후문,0,208.54603934451958,0,0.0,0,208.54603934451958,0.0,0,0.0
중앙대,4621493630,최단,후문,0,426.496002159254,1,2.0,0,426.496002159254,0.0,0,6.0
중앙대,4621493630,A,후문,0,426.496002159254,1,2.0,0,426.496002159254,0.0,0,6.0
중앙대,4621493630,B,후문,0,426.496002159254,1,2.0,0,426.496002159254,0.0,0,6.0
중앙대,4621493630,C,후문,0,426.496002159254,1,2.0,0,426.496002159254,0.0,0,6.0
중앙대,11179633109,최단,정문,0,357.16704140699454,1,3.0,1,357.16704140699454,0.0,0,2.0
중앙대,11179633109,A,정문,0,357.16704140699454,1,3.0,1,357.16704140699454,0.0,0,2.0
중앙대,11179633109,B,정문,0,357.16704140699454,1,3.0,1,357.16704140699454,0.0,0,2.0
중앙대,11179633109,C,정문,0,357.16704140699454,1,3.0,1,357.16704140699454,0.0,0,2.0
중앙대,2829530608,최단,정문,0,321.59770476417657,1,3.0,1,321.59770476417657,0.0,0,2.0
중앙대,2829530608,A,정문,0,321.59770476417657,1,3.0,1,321.59770476417657,0.0,0,2.0
중앙대,2829530608,B,정문,0,321.59770476417657,1,3.0,1,321.59770476417657,0.0,0,2.0
중앙대,2829530608,C,정문,0,321.59770476417657,1,3.0,1,321.59770476417657,0.0,0,2.0
중앙대,8761605888,최단,후문,0,901.0448335521398,1,0.0,0,695.8327376470875,82.32518449661944,1,6.0
중앙대,8761605888,A,후문,0,901.0448335521398,1,0.0,0,695.8327376470875,82.32518449661944,1,6.0
중앙대,8761605888,B,후문,0,901.0448335521398,1,0.0,0,695.8327376470875,82.32518449661944,1,6.0
중앙대,8761605888,C,후문,0,901.0448335521398,1,0.0,0,695.8327376470875,82.32518449661944,1,6.0
중앙대,2829530627,최단,중문,0,54.3225220484118,1,3.0,1,9.562493966077522,0.0,0,2.0
중앙대,2829530627,A,중문,0,54.3225220484118,1,3.0,1,9.562493966077522,0.0,0,2.0
중앙대,2829530627,B,중문,0,54.3225220484118,1,3.0,1,9.562493966077522,0.0,0,2.0
중앙대,2829530627,C,중문,0,54.3225220484118,1,3.0,1,9.562493966077522,0.0,0,2.0
중앙대,2829530668,최단,정문,0,157.06438100325897,1,3.0,1,0.0,0.0,0,3.0
중앙대,2829530668,A,정문,0,157.06438100325897,1,3.0,1,0.0,0.0,0,3.0
중앙대,2829530668,B,정문,0,157.06438100325897,1,3.0,1,0.0,0.0,0,3.0
중앙대,2829530668,C,정문,50,180.71421644245862,1,3.0,1,0.0,0.0,0,2.0
중앙대,4613243680,최단,정문,0,233.24830414612046,1,3.0,1,233.24830414612046,0.0,0,2.0
중앙대,4613243680,A,정문,0,233.24830414612046,1,3.0,1,233.24830414612046,0.0,0,2.0
중앙대,4613243680,B,정문,0,233.24830414612046,1,3.0,1,233.24830414612046,0.0,0,2.0
중앙대,4613243680,C,정문,0,233.24830414612046,1,3.0,1,233.24830414612046,0.0,0,2.0
중앙대,4613243675,최단,정문,0,476.5764796349372,1,3.0,1,312.5480979841548,0.0,0,2.0
중앙대,4613243675,A,정문,0,476.5764796349372,1,3.0,1,312.5480979841548,0.0,0,2.0
중앙대,4613243675,B,정문,5,586.5716961031853,1,3.0,1,265.478933449144,0.0,0,4.0
중앙대,4613243675,C,정문,0,476.5764796349372,1,3.0,1,312.5480979841548,0.0,0,2.0
중앙대,4613249965,최단,정문,0,700.568821984725,5,15.0,1,401.98256591227516,54.31583521770307,0,8.0
중앙대,4613249965,A,정문,0,700.568821984725,5,15.0,1,401.98256591227516,54.31583521770307,0,8.0
중앙대,4613249965,B,정문,5,810.5640384529733,5,15.0,1,354.91340137726434,54.31583521770307,0,10.0
중앙대,4613249965,C,정문,0,700.568821984725,5,15.0,1,401.98256591227516,54.31583521770307,0,8.0
중앙대,2824759242,최단,후문,0,1189.4766446659698,1,0.0,0,984.2645487609173,82.32518449661944,2,6.0
중앙대,2824759242,A,후문,0,1189.4766446659698,1,0.0,0,984.2645487609173,82.32518449661944,2,6.0
중앙대,2824759242,B,정문,2,1423.7028882290306,11,23.0,6,504.3492449726606,424.66038417210245,0,20.0
중앙대,2824759242,C,후문,0,1189.4766446659698,1,0.0,0,984.2645487609173,82.32518449661944,2,6.0
중앙대,8857857355,최단,후문,0,1040.4302608976134,1,0.0,0,835.218164992561,82.32518449661944,1,6.0
중앙대,8857857355,A,후문,0,1040.4302608976134,1,0.0,0,835.218164992561,82.32518449661944,1,6.0
중앙대,8857857355,B,후문,0,1040.4302608976134,1,0.0,0,835.218164992561,82.32518449661944,1,6.0
중앙대,8857857355,C,후문,0,1040.4302608976134,1,0.0,0,835.218164992561,82.32518449661944,1,6.0
중앙대,10232790207,최단,정문,0,270.6749697833506,2,6.0,2,0.0,0.0,0,5.0
중앙대,10232790207,A,정문,0,270.6749697833506,2,6.0,2,0.0,0.0,0,5.0
중앙대,10232790207,B,정문,0,270.6749697833506,2,6.0,2,0.0,0.0,0,5.0
중앙대,10232790207,C,정문,0,270.6749697833506,2,6.0,2,0.0,0.0,0,5.0
중앙대,4613243821,최단,정문,0,207.56148440397533,2,6.0,2,0.0,0.0,0,5.0
중앙대,4613243821,A,정문,0,207.56148440397533,2,6.0,2,0.0,0.0,0,5.0
중앙대,4613243821,B,정문,0,207.56148440397533,2,6.0,2,0.0,0.0,0,5.0
중앙대,4613243821,C,정문,0,207.56148440397533,2,6.0,2,0.0,0.0,0,5.0
중앙대,4613243677,최단,정문,0,259.45399815431216,1,3.0,1,102.38961715105316,0.0,0,3.0
중앙대,4613243677,A,정문,0,259.45399815431216,1,3.0,1,102.38961715105316,0.0,0,3.0
중앙대,4613243677,B,정문,2,290.55240143818355,2,6.0,2,83.19822679069935,0.0,0,4.0
중앙대,4613243677,C,정문,50,283.10383359351175,1,3.0,1,102.38961715105316,0.0,0,2.0
중앙대,2829530641,최단,정문,0,504.20965391954417,1,3.0,1,347.1452729162852,0.0,0,4.0
중앙대,2829530641,A,정문,0,504.20965391954417,1,3.0,1,347.1452729162852,0.0,0,4.0
중앙대,2829530641,B,정문,2,621.5928484012745,3,7.0,2,176.46322143133074,0.0,0,8.0
중앙대,2829530641,C,정문,50,527.8594893587438,1,3.0,1,347.1452729162852,0.0,0,3.0
중앙대,10579158603,최단,정문,0,960.8923231001447,5,15.0,1,662.3060670276948,54.31583521770307,0,14.0
중앙대,10579158603,A,정문,0,960.8923231001447,5,15.0,1,662.3060670276948,54.31583521770307,0,14.0
중앙대,10579158603,B,정문,5,1070.8875395683929,5,15.0,1,615.236902492684,54.31583521770307,0,16.0
중앙대,10579158603,C,정문,0,960.8923231001447,5,15.0,1,662.3060670276948,54.31583521770307,0,14.0
중앙대,2824759222,최단,후문,0,1188.8345978505786,2,0.0,0,919.0706806280584,146.87700581408728,2,8.0
중앙대,2824759222,A,후문,0,1188.8345978505786,2,0.0,0,919.0706806280584,146.87700581408728,2,8.0
중앙대,2824759222,B,정문,2,1231.5496069765054,9,23.0,6,376.7477850376031,360.1085628546346,0,16.0
중앙대,2824759222,C,후문,0,1188.8345978505786,2,0.0,0,919.0706806280584,146.87700581408728,2,8.0
중앙대,2824759203,최단,정문,0,1076.6151358220457,8,23.0,6,221.8133138831433,360.1085628546346,0,15.0
중앙대,2824759203,A,후문,20,1334.4061327381203,2,0.0,0,1129.194036833068,82.32518449661944,2,8.0
중앙대,2824759203,B,정문,0,1076.6151358220457,8,23.0,6,221.8133138831433,360.1085628546346,0,15.0
중앙대,2824759203,C,후문,100,1334.4061327381203,2,0.0,0,1129.194036833068,82.32518449661944,2,8.0
중앙대,13816446695,최단,정문,0,854.8018219389022,7,21.0,6,0.0,360.1085628546346,0,13.0
중앙대,13816446695,A,정문,20,955.6800886491698,4,11.0,3,0.0,360.1085628546346,0,8.0
중앙대,13816446695,B,정문,0,854.8018219389022,7,21.0,6,0.0,360.1085628546346,0,13.0
중앙대,13816446695,C,정문,50,955.6800886491698,4,11.0,3,0.0,360.1085628546346,0,8.0
중앙대,12864823352,최단,정문,0,754.4803707416456,6,18.0,5,0.0,360.1085628546346,0,11.0
중앙대,12864823352,A,정문,20,855.3586374519131,3,8.0,2,0.0,360.1085628546346,0,6.0
중앙대,12864823352,B,정문,0,754.4803707416456,6,18.0,5,0.0,360.1085628546346,0,11.0
중앙대,12864823352,C,정문,50,855.3586374519131,3,8.0,2,0.0,360.1085628546346,0,6.0
중앙대,10107993115,최단,정문,0,394.3718078870109,5,15.0,4,0.0,0.0,0,9.0
중앙대,10107993115,A,정문,20,495.25007459727846,2,5.0,1,0.0,0.0,0,4.0
중앙대,10107993115,B,정문,0,394.3718078870109,5,15.0,4,0.0,0.0,0,9.0
중앙대,10107993115,C,정문,50,495.25007459727846,2,5.0,1,0.0,0.0,0,4.0
중앙대,4613243679,최단,정문,0,203.69035882355826,3,10.0,3,0.0,0.0,0,5.0
중앙대,4613243679,A,정문,0,203.69035882355826,3,10.0,3,0.0,0.0,0,5.0
중앙대,4613243679,B,정문,0,203.69035882355826,3,10.0,3,0.0,0.0,0,5.0
중앙대,4613243679,C,정문,0,203.69035882355826,3,10.0,3,0.0,0.0,0,5.0
중앙대,436883256,최단,정문,0,297.98085659866433,3,10.0,3,0.0,0.0,0,5.0
중앙대,436883256,A,정문,10,360.56664076945265,1,3.0,1,0.0,0.0,0,2.0
중앙대,436883256,B,정문,0,297.98085659866433,3,10.0,3,0.0,0.0,0,5.0
중앙대,436883256,C,정문,50,360.56664076945265,1,3.0,1,0.0,0.0,0,2.0
중앙대,10232790156,최단,정문,0,445.1296269699436,2,6.0,2,0.0,0.0,0,6.0
중앙대,10232790156,A,정문,10,461.8246403609427,1,3.0,1,0.0,0.0,0,4.0
중앙대,10232790156,B,정문,0,445.1296269699436,2,6.0,2,0.0,0.0,0,6.0
중앙대,10232790156,C,정문,10,463.7147402739139,1,3.0,1,0.0,55.74312258751466,0,3.0
중앙대,4613243640,최단,정문,0,678.9174934882436,3,8.0,2,249.93192671524375,0.0,0,7.0
중앙대,4613243640,A,정문,0,678.9174934882436,3,8.0,2,249.93192671524375,0.0,0,7.0
중앙대,4613243640,B,정문,2,797.884696346611,6,18.0,5,0.0,218.25928287283378,0,10.0
중앙대,4613243640,C,정문,50,702.5673289274432,3,8.0,2,249.93192671524375,0.0,0,6.0
중앙대,4697324255,최단,정문,0,1455.0963834205227,9,25.0,6,600.2945614816202,360.1085628546346,0,17.0
중앙대,4697324255,A,후문,5,1538.8286691320322,3,0.0,0,919.0706806280584,496.8710770955409,2,10.0
중앙대,4697324255,B,정문,2,1581.5436782579586,10,23.0,6,376.7477850376031,710.1026341360882,0,18.0
중앙대,4697324255,C,후문,20,1538.8286691320322,3,0.0,0,919.0706806280584,496.8710770955409,2,10.0
중앙대,4697324237,최단,정문,0,1492.1522131097338,9,25.0,6,532.9527607354519,360.1085628546346,0,18.0
중앙대,4697324237,A,후문,20,1774.582827688255,3,0.0,0,1050.4272087489012,496.8710770955409,2,11.0
중앙대,4697324237,B,정문,20,1817.2978368141817,10,23.0,6,508.10431315844596,710.1026341360882,0,19.0
중앙대,4697324237,C,후문,100,1774.582827688255,3,0.0,0,1050.4272087489012,496.8710770955409,2,11.0
중앙대,12864823363,최단,정문,0,918.7281675019661,7,21.0,6,0.0,524.3563596149552,0,18.0
중앙대,12864823363,A,정문,20,1019.6064342122337,4,11.0,3,0.0,524.3563596149552,0,13.0
중앙대,12864823363,B,정문,0,918.7281675019661,7,21.0,6,0.0,524.3563596149552,0,18.0
중앙대,12864823363,C,정문,50,1019.6064342122337,4,11.0,3,0.0,524.3563596149552,0,13.0
중앙대,4611246549,최단,정문,0,480.2869319586129,6,19.0,5,0.0,0.0,0,10.0
중앙대,4611246549,A,정문,20,581.1651986688804,3,9.0,2,0.0,0.0,0,5.0
중앙대,4611246549,B,정문,0,480.2869319586129,6,19.0,5,0.0,0.0,0,10.0
중앙대,4611246549,C,정문,50,581.1651986688804,3,9.0,2,0.0,0.0,0,5.0
중앙대,4612938745,최단,정문,0,406.84566272647425,5,14.0,4,0.0,0.0,0,9.0
중앙대,4612938745,A,정문,100,526.9109613354528,1,3.0,1,0.0,0.0,0,2.0
중앙대,4612938745,B,정문,0,406.84566272647425,5,14.0,4,0.0,0.0,0,9.0
중앙대,4612938745,C,정문,50,526.9109613354528,1,3.0,1,0.0,0.0,0,2.0
중앙대,6964092884,최단,정문,0,539.5046697924555,5,14.0,4,0.0,0.0,0,10.0
중앙대,6964092884,A,정문,10,576.2448936429479,2,4.0,1,0.0,0.0,0,6.0
중앙대,6964092884,B,정문,0,539.5046697924555,5,14.0,4,0.0,0.0,0,10.0
중앙대,6964092884,C,정문,10,577.1431012139946,2,4.0,1,0.0,0.0,0,5.0
중앙대,4611250951,최단,정문,0,1406.850234592012,9,25.0,6,552.0484126531097,360.1085628546346,0,17.0
중앙대,4611250951,A,후문,10,1587.0748179605428,3,0.0,0,967.3168294565689,496.8710770955409,2,10.0
중앙대,4611250951,B,정문,2,1629.7898270864694,10,23.0,6,424.9939338661136,710.1026341360882,0,18.0
중앙대,4611250951,C,후문,50,1587.0748179605428,3,0.0,0,967.3168294565689,496.8710770955409,2,10.0
중앙대,4611263521,최단,정문,0,1337.243368933577,9,25.0,6,482.44154699467487,360.1085628546346,0,17.0
중앙대,4611263521,A,후문,20,1656.6816836189776,3,0.0,0,1036.9236951150037,496.8710770955409,2,10.0
중앙대,4611263521,B,정문,0,1337.243368933577,9,25.0,6,482.44154699467487,360.1085628546346,0,17.0
중앙대,4611263521,C,정문,200,1647.4860073859343,6,19.0,5,488.2805337060386,165.7374697937388,0,10.0
중앙대,4611303880,최단,정문,0,1188.4118654846557,8,23.0,6,333.6100435457537,360.1085628546346,0,15.0
중앙대,4611303880,A,정문,20,1289.2901321949234,5,13.0,3,333.6100435457537,360.1085628546346,0,10.0
중앙대,4611303880,B,정문,0,1188.4118654846557,8,23.0,6,333.6100435457537,360.1085628546346,0,15.0
중앙대,4611303880,C,정문,200,1498.654503937013,5,17.0,5,339.44903025711744,165.7374697937388,0,8.0
중앙대,6215701774,최단,정문,0,1023.3547916082624,11,37.0,10,0.0,217.5282922687142,0,21.0
중앙대,6215701774,A,정문,20,1319.7777853387481,5,13.0,4,0.0,165.7374697937388,0,14.0
중앙대,6215701774,B,정문,0,1023.3547916082624,11,37.0,10,0.0,217.5282922687142,0,21.0
중앙대,6215701774,C,정문,50,1247.209162520095,5,17.0,5,0.0,165.7374697937388,0,10.0
중앙대,4612824441,최단,정문,0,685.7361966806827,7,25.0,7,0.0,0.0,0,10.0
중앙대,4612824441,A,정문,10,776.1779131921809,4,15.0,4,0.0,0.0,0,5.0
중앙대,4612824441,B,정문,0,685.7361966806827,7,25.0,7,0.0,0.0,0,10.0
중앙대,4612824441,C,정문,100,871.301540468091,3,11.0,3,37.753483288615726,0.0,1,4.0
중앙대,4611246540,최단,정문,0,582.2215872593328,7,25.0,7,37.753483288615726,0.0,1,10.0
중앙대,4611246540,A,정문,20,749.9350133084406,2,4.0,1,0.0,0.0,0,6.0
중앙대,4611246540,B,정문,2,601.8382479580114,5,17.0,5,0.0,0.0,0,8.0
중앙대,4611246540,C,정문,50,692.2799644695095,2,7.0,2,0.0,0.0,0,3.0
중앙대,13675095847,최단,정문,0,615.9003797619752,6,20.0,6,0.0,0.0,0,10.0
중앙대,13675095847,A,정문,20,761.3458549388596,3,7.0,2,0.0,0.0,0,8.0
중앙대,13675095847,B,정문,0,615.9003797619752,6,20.0,6,0.0,0.0,0,10.0
중앙대,13675095847,C,정문,50,706.3420962734733,3,10.0,3,0.0,0.0,0,5.0
중앙대,4611290232,최단,정문,0,769.6136329743241,9,31.0,8,0.0,51.790822474975414,0,15.0
중앙대,4611290232,A,정문,10,839.0174350921853,7,24.0,6,0.0,51.790822474975414,0,12.0
중앙대,4611290232,B,정문,0,769.6136329743241,9,31.0,8,0.0,51.790822474975414,0,15.0
중앙대,4611290232,C,정문,50,993.4680038861567,3,11.0,3,0.0,0.0,0,4.0
중앙대,4612824445,최단,정문,0,711.8220777666368,8,29.0,8,0.0,0.0,0,11.0
중앙대,4612824445,A,정문,10,802.2637942781349,5,19.0,5,0.0,0.0,0,6.0
중앙대,4612824445,B,정문,0,711.8220777666368,8,29.0,8,0.0,0.0,0,11.0
중앙대,4612824445,C,정문,50,883.5057738165499,3,11.0,3,23.345231208659058,0.0,1,4.0
