학교,기준,바뀐비율%,거리+%,A합,B위험m,C
숭실대,A,55.7,6.8,4.29→1.18,306→290,4.72→2.81
숭실대,AB,36.7,6.2,4.29→2.16,306→264,4.72→3.22
숭실대,ABC,36.7,6.6,4.29→2.23,306→263,4.72→3.11
숭실대,AC,58.2,8.6,4.29→1.15,306→273,4.72→2.52
숭실대,B,34.2,5.2,4.29→4.35,306→265,4.72→4.86
숭실대,BC,38.0,6.5,4.29→2.34,306→263,4.72→3.13
숭실대,C,58.2,8.6,4.29→1.16,306→274,4.72→2.52
중앙대,A,48.6,7.9,9.36→4.47,227→261,7.58→5.57
중앙대,AB,58.1,8.2,9.36→5.81,227→192,7.58→5.81
중앙대,ABC,58.1,8.7,9.36→5.35,227→201,7.58→5.12
중앙대,AC,60.8,8.9,9.36→4.34,227→258,7.58→4.81
중앙대,B,36.5,4.6,9.36→9.99,227→179,7.58→7.72
중앙대,BC,58.1,8.5,9.36→5.45,227→200,7.58→5.11
중앙대,C,60.8,8.8,9.36→4.68,227→249,7.58→4.80
