node,횡단보도수,횡단단수_최대,이단_수,교차로관리번호,지원점수_최대,불일치_수,보행등없음_수,음향_수,위험,인프라,부족,A점수,유형,차도_엣지수,지원수준,위험미확인,학교,x,y,lon,lat
10107993115,2,2,1,6262,2,0.0,1.0,0.0,57,58,1.0,3.0,횡단보도 있음,3,보행등 없음,False,중앙대,196610.32391560962,545260.7026978806,126.9616628,37.50681060000001
12056766167,2,2,2,8261,2,0.0,2.0,0.0,0,51,,,횡단보도 있음,2,보행등 없음,True,중앙대,195583.97590602058,545663.5905663737,126.9500524,37.51043630000001
12056780871,2,2,1,8265,2,0.0,2.0,0.0,0,41,,,횡단보도 있음,2,보행등 없음,True,중앙대,195670.20441348376,545610.9816711084,126.95102799999998,37.509962699999996
12864823352,5,2,1,7129,2,1.0,2.0,3.0,57,45,1.0,3.0,횡단보도 있음,3,보행등 없음,False,중앙대,196541.59643058034,544918.8461270666,126.96088709999998,37.50373019999999
13392265479,4,2,2,449,2,0.0,2.0,2.0,57,41,1.0,3.0,횡단보도 있음,2,보행등 없음,False,중앙대,196743.1928501423,545564.7102000766,126.96316420000001,37.5095502
13597219417,3,2,1,1662,2,1.0,2.0,2.0,15,49,0.0,0.0,횡단보도 있음,2,보행등 없음,False,중앙대,195501.17305689034,544658.8012904185,126.949122,37.5013827
13597219420,3,2,1,1663,2,2.0,2.0,2.0,23,26,1.0,3.0,횡단보도 있음,4,보행등 없음,False,중앙대,195703.48623221254,544366.4876020409,126.95141170000001,37.4987499
13597219423,4,2,3,1664,1,0.0,0.0,2.0,23,27,1.0,2.0,횡단보도 있음,4,보행등만,False,중앙대,195798.67948829837,544229.6030833046,126.95248900000001,37.49751700000001
13597219425,6,2,6,485,1,0.0,0.0,5.0,7,52,0.0,1.0,횡단보도 있음,3,보행등만,False,중앙대,195380.26433253897,544853.6277388064,126.94775340000001,37.50313750000001
13675095844,3,2,3,1590,2,0.0,2.0,1.0,57,45,1.0,3.0,횡단보도 있음,4,보행등 없음,False,중앙대,196811.2188128655,545472.6421380838,126.963934,37.50872090000001
13816446695,1,2,1,1670,2,0.0,1.0,0.0,0,31,,,횡단보도 있음,3,보행등 없음,True,중앙대,196524.40229258226,544821.9948268455,126.9606931,37.502857500000005
2281726768,5,2,3,1591,0,0.0,0.0,5.0,0,22,,,횡단보도 있음,3,보행등+음향,True,중앙대,196129.49198988877,546020.3761144661,126.9562206,37.5136534
2288832804,3,2,3,6261,1,0.0,0.0,0.0,57,55,1.0,2.0,횡단보도 있음,3,보행등만,False,중앙대,196624.8428813523,545328.1215168792,126.96182669999999,37.50741810000001
2824550212,3,1,0,4636,2,0.0,1.0,2.0,7,53,0.0,2.0,횡단보도 있음,3,보행등 없음,False,중앙대,195493.2138839218,545456.8366779939,126.94902710000001,37.508573
2824550220,2,2,1,7833,2,0.0,1.0,0.0,7,43,0.0,2.0,횡단보도 있음,3,보행등 없음,False,중앙대,195738.26558512848,545318.1066978088,126.95179950000002,37.5073242
2824550268,4,1,0,7991,0,0.0,0.0,4.0,23,23,1.0,1.0,횡단보도 있음,4,보행등+음향,False,중앙대,195601.80472133902,544200.3598177679,126.95026280000002,37.4972526
2824550315,1,2,1,8634,0,0.0,0.0,1.0,23,27,0.0,0.0,횡단보도 있음,2,보행등+음향,False,중앙대,195898.7606325783,544458.58603483,126.95361950000002,37.4995806
2824550318,3,2,3,6094,2,0.0,1.0,2.0,23,30,0.0,2.0,횡단보도 있음,2,보행등 없음,False,중앙대,195899.26415096933,544637.0086172346,126.9536242,37.5011882
2824550328,3,2,2,5958,0,0.0,0.0,3.0,0,30,,,횡단보도 있음,3,보행등+음향,True,중앙대,195897.84581875845,545060.3031371689,126.9536058,37.5050021
2824759203,1,1,0,7723,0,0.0,0.0,1.0,0,25,,,횡단보도 있음,3,보행등+음향,True,중앙대,196489.0511352667,544612.3994305275,126.9602943,37.5009689
2824759222,2,2,1,8364,0,0.0,0.0,2.0,0,20,,,횡단보도 있음,3,보행등+음향,True,중앙대,196505.80606986917,544461.4610641884,126.9604845,37.49960899999999
2824759300,4,2,2,4629,0,0.0,0.0,4.0,0,23,,,횡단보도 있음,3,보행등+음향,True,중앙대,196463.553340179,544413.1995432161,126.9600069,37.49917399999999
2825706542,4,2,1,7140,2,1.0,3.0,2.0,23,26,1.0,3.0,횡단보도 있음,2,보행등 없음,False,중앙대,195860.6973572707,544271.2587382605,126.9531901,37.4978926
2825706556,2,2,2,5407,1,0.0,0.0,1.0,23,27,1.0,2.0,횡단보도 있음,2,보행등만,False,중앙대,195871.84298914822,544314.3938642439,126.9533159,37.49828130000001
2825711987,3,2,1,4630,2,0.0,3.0,0.0,0,28,,,횡단보도 있음,2,보행등 없음,True,중앙대,196400.4651885806,544279.5870970178,126.9592941,37.4979699
2825744871,2,1,0,4637,2,0.0,2.0,0.0,7,54,0.0,2.0,횡단보도 있음,2,보행등 없음,False,중앙대,195350.71879688138,545210.7676201832,126.947417,37.50635520000001
2829530328,3,2,1,4635,2,0.0,3.0,0.0,7,41,0.0,2.0,횡단보도 있음,4,보행등 없음,False,중앙대,195714.0650885982,545402.3584300082,126.95152530000001,37.508083199999994
2829530643,4,2,1,8012,0,0.0,0.0,4.0,57,39,1.0,1.0,횡단보도 있음,3,보행등+음향,False,중앙대,196466.86082486087,545580.1613997892,126.9600387,37.5096884
2829530656,4,2,3,7993,0,0.0,0.0,4.0,57,45,1.0,1.0,횡단보도 있음,4,보행등+음향,False,중앙대,196612.34570103098,545492.2655885002,126.9616846,37.508897
2890319153,3,2,2,6375,2,0.0,2.0,0.0,57,47,1.0,3.0,횡단보도 있음,2,보행등 없음,False,중앙대,196327.79873879484,545269.5239890474,126.9584674,37.506889
3119042915,2,2,1,8307,2,0.0,2.0,0.0,7,45,0.0,2.0,횡단보도 있음,2,보행등 없음,False,중앙대,195646.43175519793,545529.9289836226,126.9507596,37.5092323
3119042928,6,2,5,4506,2,0.0,1.0,0.0,57,53,1.0,3.0,횡단보도 있음,3,보행등 없음,False,중앙대,196553.08005269294,545361.5802835223,126.96101489999998,37.5077193
3888649136,2,2,1,6585,2,0.0,1.0,0.0,57,34,1.0,3.0,횡단보도 있음,3,보행등 없음,False,중앙대,197046.2442404846,545199.2716041423,126.9665933,37.5062586
3888649139,2,2,1,6263,2,0.0,1.0,1.0,57,33,1.0,3.0,횡단보도 있음,3,보행등 없음,False,중앙대,197017.12243559078,545133.954945837,126.9662642,37.50567
436821679,1,2,1,1686,0,0.0,0.0,1.0,7,59,0.0,0.0,횡단보도 있음,3,보행등+음향,False,중앙대,195536.50542297633,544968.6583383988,126.94951970000001,37.50417470000001
436839947,1,2,1,7965,2,0.0,1.0,0.0,7,66,0.0,2.0,횡단보도 있음,2,보행등 없음,False,중앙대,195305.9106456515,545136.0983940877,126.9469107,37.50568220000001
436839948,2,2,1,7582,2,0.0,1.0,0.0,7,56,0.0,2.0,횡단보도 있음,2,보행등 없음,False,중앙대,195392.82107566728,545270.3665291142,126.9478928,37.50689239999999
436839951,3,2,2,1658,1,0.0,0.0,0.0,7,59,0.0,1.0,횡단보도 있음,3,보행등만,False,중앙대,195409.8209225064,545313.3535807611,126.9480848,37.5072798
436883217,3,2,1,1659,2,0.0,2.0,1.0,7,53,0.0,2.0,횡단보도 있음,3,보행등 없음,False,중앙대,195635.3676349913,545034.5433692138,126.9506374,37.504768799999994
436883256,1,2,1,8306,2,0.0,1.0,0.0,57,46,1.0,3.0,횡단보도 있음,2,보행등 없음,False,중앙대,196572.18372561302,545418.4311400228,126.9612307,37.50823160000001
4611303880,2,2,2,8879,2,0.0,2.0,0.0,0,32,,,횡단보도 있음,3,보행등 없음,True,중앙대,196852.02851684063,544857.757673311,126.96439819999999,37.50318089999999
4613243688,2,2,2,5366,2,0.0,2.0,0.0,0,29,,,횡단보도 있음,2,보행등 없음,True,중앙대,196035.13110246378,545200.8018491158,126.95515770000002,37.5062686
4613243837,2,2,1,4507,2,0.0,1.0,0.0,57,52,1.0,3.0,횡단보도 있음,2,보행등 없음,False,중앙대,196209.3768951616,545220.8426204141,126.95712830000001,37.5064499
4621486060,3,2,1,1660,2,0.0,2.0,0.0,7,51,0.0,2.0,횡단보도 있음,4,보행등 없음,False,중앙대,195754.8470870561,545047.3782653051,126.9519886,37.504885
4621488498,2,1,0,1661,2,0.0,1.0,0.0,7,43,0.0,2.0,횡단보도 있음,2,보행등 없음,False,중앙대,195777.71597334358,545141.4948531031,126.9522467,37.5057331
4626178456,2,2,1,7832,2,0.0,1.0,1.0,7,49,0.0,2.0,횡단보도 있음,3,보행등 없음,False,중앙대,195665.4068624934,545227.0127395672,126.95097600000001,37.5065031
4627760504,1,1,0,7177,2,0.0,1.0,0.0,0,31,,,횡단보도 있음,3,보행등 없음,True,중앙대,195894.1853897797,545920.5559450525,126.9535596,37.512753
570912259,3,1,0,6010,2,0.0,2.0,1.0,0,34,,,횡단보도 있음,5,보행등 없음,True,중앙대,195781.91432001936,545923.1981204764,126.9522897,37.5127763
5852845203,2,1,0,1592,2,0.0,1.0,1.0,21,36,0.0,2.0,횡단보도 있음,3,보행등 없음,False,중앙대,195283.67143677358,546006.1623442264,126.9466536,37.513521400000016
7775271120,2,2,1,5727,2,0.0,2.0,0.0,57,48,1.0,3.0,횡단보도 있음,3,보행등 없음,False,중앙대,196393.6057536629,545305.6770319275,126.9592115,37.507215
8482522490,3,2,2,1589,2,0.0,1.0,2.0,57,36,1.0,3.0,횡단보도 있음,2,보행등 없음,False,중앙대,197066.07768962183,545278.1098797045,126.96681729999999,37.506969
8757685935,2,2,2,5929,0,0.0,0.0,2.0,0,35,,,횡단보도 있음,2,보행등+음향,True,중앙대,195643.67361160155,545919.007453023,126.95072610000001,37.512737900000005
8757685938,2,2,2,7808,0,0.0,0.0,2.0,0,44,,,횡단보도 있음,2,보행등+음향,True,중앙대,195531.29964543701,545927.502096589,126.949455,37.5128139
436821690,0,1,0,,3,,,,0,33,,,횡단보도 없는 교차로,3,횡단보도 없음,True,중앙대,195941.92666429785,545883.5737444318,126.9540998,37.51242
571454796,0,1,0,,3,,,,0,34,,,횡단보도 없는 교차로,3,횡단보도 없음,True,중앙대,195918.81004555782,545853.2633218393,126.95383850000002,37.5121468
436821694,0,1,0,,3,,,,0,32,,,횡단보도 없는 교차로,4,횡단보도 없음,True,중앙대,195961.1036482263,545903.1758688494,126.9543166,37.5125967
2829530369,0,1,0,,3,,,,0,33,,,횡단보도 없는 교차로,4,횡단보도 없음,True,중앙대,195918.39351922364,545869.2567965635,126.95383370000002,37.5122909
571452260,0,1,0,,3,,,,0,33,,,횡단보도 없는 교차로,4,횡단보도 없음,True,중앙대,195896.4923805168,545901.575976388,126.9535858,37.51258200000001
798559711,0,1,0,,3,,,,0,30,,,횡단보도 없는 교차로,4,횡단보도 없음,True,중앙대,195985.55092915686,545906.7933201339,126.95459310000001,37.51262940000001
2283084228,0,1,0,,3,,,,0,25,,,횡단보도 없는 교차로,3,횡단보도 없음,True,중앙대,196036.0410553528,545960.0319193507,126.9551639,37.5131093
4613274882,0,1,0,,3,,,,0,38,,,횡단보도 없는 교차로,3,횡단보도 없음,True,중앙대,195715.2087568946,545906.2067576875,126.9515353,37.5126229
3888649128,0,1,0,,3,,,,57,45,1.0,4.0,횡단보도 없는 교차로,3,횡단보도 없음,False,중앙대,196926.00500074387,545320.3022878126,126.9652329,37.507348699999994
3888649162,0,1,0,,3,,,,57,43,1.0,4.0,횡단보도 없는 교차로,3,횡단보도 없음,False,중앙대,196994.80864334048,545313.9175859794,126.96601110000002,37.5072914
2288832800,0,1,0,,3,,,,57,50,1.0,4.0,횡단보도 없는 교차로,4,횡단보도 없음,False,중앙대,196735.12817057382,545403.6708959506,126.9630737,37.50809919999999
2829530651,0,1,0,,3,,,,57,31,1.0,4.0,횡단보도 없는 교차로,3,횡단보도 없음,False,중앙대,196596.2272649021,545750.6393896946,126.96150110000002,37.51122490000001
5826295507,0,1,0,,3,,,,21,40,0.0,3.0,횡단보도 없는 교차로,3,횡단보도 없음,False,중앙대,195393.50500323737,545962.604860428,126.94789620000002,37.5131295
4644112573,0,1,0,,3,,,,7,53,0.0,3.0,횡단보도 없는 교차로,3,횡단보도 없음,False,중앙대,195614.3810108504,545126.4850817191,126.9503995,37.50559710000001
4613249930,0,1,0,,3,,,,0,29,,,횡단보도 없는 교차로,3,횡단보도 없음,True,중앙대,196006.65894044033,545915.9729098347,126.9548318,37.5127122
2829530351,0,1,0,,3,,,,0,36,,,횡단보도 없는 교차로,3,횡단보도 없음,True,중앙대,195921.57071800856,545821.7748712109,126.9538699,37.5118631
4644112576,0,1,0,,3,,,,7,59,0.0,3.0,횡단보도 없는 교차로,3,횡단보도 없음,False,중앙대,195554.0249740174,545041.2900584737,126.94971740000001,37.5048292
1831853301,0,1,0,,3,,,,7,51,0.0,3.0,횡단보도 없는 교차로,3,횡단보도 없음,False,중앙대,195620.1549137524,545093.1747874875,126.950465,37.505297
10239817464,0,1,0,,3,,,,7,60,0.0,3.0,횡단보도 없는 교차로,3,횡단보도 없음,False,중앙대,195568.5083062858,544991.804253906,126.94988149999999,37.504383399999995
10239817444,0,1,0,,3,,,,7,52,0.0,3.0,횡단보도 없는 교차로,3,횡단보도 없음,False,중앙대,195665.8804647112,545202.6397041987,126.9509815,37.5062835
10239817451,0,1,0,,3,,,,7,52,0.0,3.0,횡단보도 없는 교차로,3,횡단보도 없음,False,중앙대,195645.8125485797,545208.3438247829,126.95075450000002,37.506334800000005
2825701323,0,1,0,,3,,,,7,56,0.0,3.0,횡단보도 없는 교차로,3,횡단보도 없음,False,중앙대,195601.69454352173,545012.4968511423,126.9502567,37.50457
1994676560,0,1,0,,3,,,,21,44,0.0,3.0,횡단보도 없는 교차로,3,횡단보도 없음,False,중앙대,195424.16639921948,545948.0042028715,126.94824310000001,37.512998100000004
3215381031,0,1,0,,3,,,,0,24,,,횡단보도 없는 교차로,3,횡단보도 없음,True,중앙대,196070.70746172455,545961.8134668586,126.955556,37.513125499999994
3888649121,0,1,0,,3,,,,57,50,1.0,4.0,횡단보도 없는 교차로,3,횡단보도 없음,False,중앙대,196744.21662556933,545401.8804403977,126.96317649999999,37.5080831
2824550249,0,1,0,,3,,,,0,34,,,횡단보도 없는 교차로,3,횡단보도 없음,True,중앙대,195746.94901698147,544818.1938367262,126.95190060000002,37.50282
2825701329,0,1,0,,3,,,,0,31,,,횡단보도 없는 교차로,3,횡단보도 없음,True,중앙대,195723.24662334533,544790.7588678382,126.95163270000002,37.5025727
4621475847,0,1,0,,3,,,,0,33,,,횡단보도 없는 교차로,3,횡단보도 없음,True,중앙대,195750.19830927756,544791.7883392401,126.9519375,37.5025821
2824550259,0,1,0,,3,,,,23,28,0.0,3.0,횡단보도 없는 교차로,3,횡단보도 없음,False,중앙대,195665.6978320596,544444.5421976331,126.9509839,37.499453
4612845662,0,1,0,,3,,,,57,59,1.0,4.0,횡단보도 없는 교차로,4,횡단보도 없음,False,중앙대,196695.41174754148,545270.1134786973,126.96262509999998,37.5068957
2825701311,0,1,0,,3,,,,0,49,,,횡단보도 없는 교차로,3,횡단보도 없음,True,중앙대,195600.81097097267,544729.3469247305,126.95024839999999,37.50201880000001
2825706550,0,1,0,,3,,,,7,58,0.0,3.0,횡단보도 없는 교차로,3,횡단보도 없음,False,중앙대,195460.34617430513,544915.2259271159,126.94865869999998,37.5036929
2825711094,0,1,0,,3,,,,23,29,0.0,3.0,횡단보도 없는 교차로,3,횡단보도 없음,False,중앙대,195901.6168731505,544189.3855564379,126.9536533,37.4971551
2825711047,0,1,0,,3,,,,23,31,0.0,3.0,횡단보도 없는 교차로,3,횡단보도 없음,False,중앙대,195921.43401338588,544189.8752637213,126.9538774,37.49715960000002
2825711413,0,1,0,,3,,,,23,33,0.0,3.0,횡단보도 없는 교차로,3,횡단보도 없음,False,중앙대,195977.32906992562,544188.2165527578,126.9545095,37.49714490000001
2829530337,0,1,0,,3,,,,0,43,,,횡단보도 없는 교차로,3,횡단보도 없음,True,중앙대,196007.16596158806,545535.5526707183,126.9548396,37.5092846
2829530336,0,1,0,,3,,,,0,36,,,횡단보도 없는 교차로,3,횡단보도 없음,True,중앙대,196078.845076075,545576.1732079409,126.95565010000001,37.509650900000004
4613249929,0,1,0,,3,,,,0,36,,,횡단보도 없는 교차로,3,횡단보도 없음,True,중앙대,196070.20576330204,545573.5135902341,126.9555524,37.50962690000001
11179633109,0,1,0,,3,,,,0,40,,,횡단보도 없는 교차로,3,횡단보도 없음,True,중앙대,196116.59780213106,545538.0979727798,126.95607729999999,37.509308000000004
2829530350,0,1,0,,3,,,,0,42,,,횡단보도 없는 교차로,3,횡단보도 없음,True,중앙대,195869.42779866428,545683.6991188729,126.9532809,37.51061880000001
2829530357,0,1,0,,3,,,,0,42,,,횡단보도 없는 교차로,3,횡단보도 없음,True,중앙대,195879.58781288748,545686.4576636928,126.9533958,37.5106437
2829530628,0,1,0,,3,,,,57,50,1.0,4.0,횡단보도 없는 교차로,4,횡단보도 없음,False,중앙대,196478.4730114081,545337.5827963052,126.9601712,37.5075028
4613249956,0,1,0,,3,,,,0,22,,,횡단보도 없는 교차로,3,횡단보도 없음,True,중앙대,196123.08218959344,545982.1772627148,126.9561483,37.5133092
4612845666,0,1,0,,3,,,,57,49,1.0,4.0,횡단보도 없는 교차로,3,횡단보도 없음,False,중앙대,196819.89468529957,545386.2463687437,126.96403249999999,37.5079425
3888649131,0,1,0,,3,,,,57,48,1.0,4.0,횡단보도 없는 교차로,3,횡단보도 없음,False,중앙대,196914.56737912033,545258.2424844479,126.9651038,37.50678949999999
4611246549,0,1,0,,3,,,,57,56,1.0,4.0,횡단보도 없는 교차로,3,횡단보도 없음,False,중앙대,196728.40721800178,545265.3390889954,126.96299830000001,37.5068528
4611329617,0,1,0,,3,,,,57,58,1.0,4.0,횡단보도 없는 교차로,3,횡단보도 없음,False,중앙대,196771.80058635483,545306.0655380005,126.9634889,37.5072199
4611290216,0,1,0,,3,,,,57,57,1.0,4.0,횡단보도 없는 교차로,3,횡단보도 없음,False,중앙대,196755.0493864341,545315.838927449,126.9632994,37.50730790000001
4613249923,0,1,0,,3,,,,0,40,,,횡단보도 없는 교차로,3,횡단보도 없음,True,중앙대,195915.45436213847,545699.2257108816,126.9538014,37.5107589
4613249924,0,1,0,,3,,,,0,36,,,횡단보도 없는 교차로,3,횡단보도 없음,True,중앙대,195952.68886482783,545798.0638862323,126.95422199999999,37.5116496
4613249938,0,1,0,,3,,,,0,35,,,횡단보도 없는 교차로,3,횡단보도 없음,True,중앙대,196171.18432329202,545671.301773453,126.956694,37.510508400000006
4613249952,0,1,0,,3,,,,0,28,,,횡단보도 없는 교차로,3,횡단보도 없음,True,중앙대,196186.48138680152,545713.3700213024,126.9568668,37.5108875
4613274878,0,1,0,,3,,,,0,39,,,횡단보도 없는 교차로,4,횡단보도 없음,True,중앙대,195672.31334719606,545840.9351286252,126.95105049999998,37.5120346
4613276492,0,1,0,,3,,,,7,47,0.0,3.0,횡단보도 없는 교차로,3,횡단보도 없음,False,중앙대,195289.8465350569,545466.8826836231,126.9467269,37.5086625
4613276500,0,1,0,,3,,,,7,53,0.0,3.0,횡단보도 없는 교차로,3,횡단보도 없음,False,중앙대,195345.4706529855,545407.373316038,126.94735640000002,37.5081266
4613277152,0,1,0,,3,,,,7,49,0.0,3.0,횡단보도 없는 교차로,3,횡단보도 없음,False,중앙대,195343.98593698247,545503.3670149505,126.947339,37.50899150000001
5826295506,0,1,0,,3,,,,0,37,,,횡단보도 없는 교차로,3,횡단보도 없음,True,중앙대,195566.7174251917,545928.6041177885,126.94985560000002,37.512824
5826295509,0,1,0,,3,,,,0,34,,,횡단보도 없는 교차로,4,횡단보도 없음,True,중앙대,195579.7772709321,545915.0456162873,126.9500034,37.51270190000001
