univ_id,univ_name,campus_status,gate_name,official_name,tier,lat,lon,coordinate_source,item_status,analysis_ready
11124718,숭실대학교,후문귀속검토,숭실대학교 정문,정문,A_공식명칭+좌표,37.4959716382717,126.954504228758,Kakao(기존수집),기존수집_재검증필요,False
11124718,숭실대학교,후문귀속검토,숭실대학교 후문,,B_좌표만,37.4975118612233,126.958025918926,Kakao(기존수집),기존수집_재검증필요,False
11124718,숭실대학교,후문귀속검토,숭실대학교 남문,남문,A_공식명칭+좌표,37.49526235075583,126.95888773551715,Kakao(기존수집),기존수집_재검증필요,False
11124718,숭실대학교,후문귀속검토,숭실대학교 북문,북문,A_공식명칭+좌표,37.49788848499963,126.95557060175777,Kakao(기존수집),기존수집_재검증필요,False
11124718,숭실대학교,후문귀속검토,숭실대학교 중문,중문,A_공식명칭+좌표,37.4954282647667,126.956725502974,Kakao(기존수집),기존수집_재검증필요,False
7813437,연세대학교 신촌캠퍼스,기존문재검증,연세대학교 정문,정문,A_공식명칭+좌표,37.5604968585685,126.936840480172,Kakao(기존수집),기존수집_재검증필요,False
7813437,연세대학교 신촌캠퍼스,기존문재검증,연세대학교 동문,동문,A_공식명칭+좌표,37.5660622423696,126.945759633944,Kakao(기존수집),기존수집_재검증필요,False
7813437,연세대학교 신촌캠퍼스,기존문재검증,연세대학교 서문,서문,A_공식명칭+좌표,37.5637749061639,126.933953735176,Kakao(기존수집),기존수집_재검증필요,False
7813437,연세대학교 신촌캠퍼스,기존문재검증,연세대학교 남문,남문,A_공식명칭+좌표,37.5614750339922,126.933014087396,Kakao(기존수집),기존수집_재검증필요,False
7813437,연세대학교 신촌캠퍼스,기존문재검증,연세대학교 북문,북문,A_공식명칭+좌표,37.5726756675515,126.93864138705,Kakao(기존수집),기존수집_재검증필요,False
11038502,경희대학교 서울캠퍼스,기존문재검증,경희대학교 정문,정문,A_공식명칭+좌표,37.5938315697917,127.052697920723,Kakao(기존수집),기존수집_재검증필요,False
11038502,경희대학교 서울캠퍼스,기존문재검증,경희대학교 후문,후문,A_공식명칭+좌표,37.5981142355862,127.05412773906,Kakao(기존수집),기존수집_재검증필요,False
11038502,경희대학교 서울캠퍼스,기존문재검증,경희대학교 남문,,B_좌표만,37.5945543473825,127.056208639286,Kakao(기존수집),기존수집_재검증필요,False
8505917,장로회신학대학교,공식근거미확보,장로회신학대학교 서문,,B_좌표만,37.5503594632698,127.102160290498,Kakao(기존수집),기존수집_재검증필요,False
8505917,장로회신학대학교,공식근거미확보,장로회신학대학교 남문,,B_좌표만,37.5492641798734,127.104866809209,Kakao(기존수집),기존수집_재검증필요,False
8505917,장로회신학대학교,공식근거미확보,장로회신학대학교 북문,,B_좌표만,37.5516819391163,127.103412597755,Kakao(기존수집),기존수집_재검증필요,False
11160006,중앙대학교 서울캠퍼스,기존문재검증,중앙대학교 서울캠퍼스 정문,정문,A_공식명칭+좌표,37.5067563369528,126.958469749756,Kakao(기존수집),기존수집_재검증필요,False
11160006,중앙대학교 서울캠퍼스,기존문재검증,중앙대학교 서울캠퍼스 후문,후문,A_공식명칭+좌표,37.5049202595248,126.954064506402,Kakao(기존수집),기존수집_재검증필요,False
11160006,중앙대학교 서울캠퍼스,기존문재검증,중앙대학교 서울캠퍼스 중문,중문,A_공식명칭+좌표,37.5059431853532,126.957222722899,Kakao(기존수집),기존수집_재검증필요,False
11350554,경기대학교 서울캠퍼스,기존문재검증,경기대학교 서울캠퍼스 후문,후문,A_공식명칭+좌표,37.564039417736,126.961611716429,Kakao(기존수집),기존수집_재검증필요,False
11350554,경기대학교 서울캠퍼스,기존문재검증,경기대학교 서울캠퍼스 정문,,B_좌표만,37.5646956381472,126.962530460914,Kakao(기존수집),기존수집_재검증필요,False
11369827,고려대학교 서울캠퍼스,표본경계검토,고려대학교 서울캠퍼스 정문,,B_좌표만,37.58815247199953,127.03424727911144,Kakao(기존수집),기존수집_재검증필요,False
11369827,고려대학교 서울캠퍼스,표본경계검토,고려대학교 서울캠퍼스 후문,,B_좌표만,37.5909234976879,127.031585819286,Kakao(기존수집),기존수집_재검증필요,False
11369827,고려대학교 서울캠퍼스,표본경계검토,고려대학교 정경관후문,,B_좌표만,37.5868333780378,127.030107690954,Kakao,키워드추가_보행미검증,False
11369827,고려대학교 서울캠퍼스,표본경계검토,고려대학교 의과대학 후문,,B_좌표만,37.5880714049665,127.026055948019,Kakao,키워드추가_보행미검증,False
11325169,국민대학교,기존문재검증,국민대학교 정문,정문,A_공식명칭+좌표,37.611078257923545,126.99462592662364,Kakao(기존수집),기존수집_재검증필요,False
11325169,국민대학교,기존문재검증,국민대학교 후문,,B_좌표만,37.6111819935464,126.99966022671174,Kakao(기존수집),기존수집_재검증필요,False
17932927,동국대학교 서울캠퍼스,추가명명문확보,동국대학교 서울캠퍼스 정문,정문,A_공식명칭+좌표,37.5565862667084,127.003021774672,Kakao(기존수집),기존수집_재검증필요,False
17932927,동국대학교 서울캠퍼스,추가명명문확보,동국대학교 서울캠퍼스 후문,후문,A_공식명칭+좌표,37.56071287063473,126.99936392096474,Kakao(기존수집),기존수집_재검증필요,False
17932927,동국대학교 서울캠퍼스,추가명명문확보,동국대학교 서울캠퍼스 혜화문,혜화문,A_공식명칭+좌표,37.558491876337975,127.00301053382917,Kakao,명명문_현행보행미검증,False
7927244,삼육대학교,별칭확인,삼육대학교 정문,정문,A_공식명칭+좌표,37.6384726542803,127.107407603219,Kakao(기존수집),기존수집_재검증필요,False
7927244,삼육대학교,별칭확인,삼육대학교 후문,후문,A_공식명칭+좌표,37.643703255477476,127.10894931173725,Kakao(기존수집),기존수집_재검증필요,False
11265361,서강대학교,추가명명문확보,서강대학교 정문,정문,A_공식명칭+좌표,37.5516352233547,126.937925314256,Kakao(기존수집),기존수집_재검증필요,False
11265361,서강대학교,추가명명문확보,서강대학교 후문,후문,A_공식명칭+좌표,37.5507696837461,126.943969110916,Kakao(기존수집),기존수집_재검증필요,False
11265361,서강대학교,추가명명문확보,서강대학교 남문,남문,A_공식명칭+좌표,37.5494986137581,126.938996489276,Kakao,명명문_현행보행미검증,False
11137036,서울대학교 관악캠퍼스,내부나들문구분,서울대학교 관악캠퍼스 정문,,B_좌표만,37.466352968363864,126.9484033871627,Kakao(기존수집),기존수집_재검증필요,False
11137036,서울대학교 관악캠퍼스,내부나들문구분,서울대학교 관악캠퍼스 후문,,B_좌표만,37.46435380870474,126.95796646773651,Kakao(기존수집),기존수집_재검증필요,False
10498806,서울시립대학교,추가문좌표필요,서울시립대학교 정문,정문,A_공식명칭+좌표,37.5834771622868,127.055113438416,Kakao(기존수집),기존수집_재검증필요,False
10498806,서울시립대학교,추가문좌표필요,서울시립대학교 후문,,B_좌표만,37.58521140994416,127.06094546401724,Kakao(기존수집),기존수집_재검증필요,False
10498806,서울시립대학교,추가문좌표필요,미래문,미래문,C_공식명칭_좌표없음,,,,좌표확보필요,False
10498806,서울시립대학교,추가문좌표필요,이음문,이음문,C_공식명칭_좌표없음,,,,좌표확보필요,False
10498806,서울시립대학교,추가문좌표필요,하늘문,하늘문,C_공식명칭_좌표없음,,,,좌표확보필요,False
26351246,성균관대학교 인문사회과학캠퍼스,추가문좌표필요,성균관대학교 인문사회과학캠퍼스 정문,정문,A_공식명칭+좌표,37.5850002309339,126.996838384994,Kakao(기존수집),기존수집_재검증필요,False
26351246,성균관대학교 인문사회과학캠퍼스,추가문좌표필요,성균관대학교 후문,후문,A_공식명칭+좌표,37.5892983133587,126.990086054512,Kakao(기존수집),기존수집_재검증필요,False
26351246,성균관대학교 인문사회과학캠퍼스,추가문좌표필요,동문,동문,C_공식명칭_좌표없음,,,,좌표확보필요,False
11331177,성신여자대학교 돈암수정캠퍼스,명칭대응검토,성신여자대학교 돈암수정캠퍼스 후문,후문,A_공식명칭+좌표,37.58972730081695,127.02228272795851,Kakao(기존수집),기존수집_재검증필요,False
11331177,성신여자대학교 돈암수정캠퍼스,명칭대응검토,성신여자대학교 돈암수정캠퍼스 중문,,B_좌표만,37.590898620551144,127.02212455934625,Kakao(기존수집),기존수집_재검증필요,False
11184697,이화여자대학교,추가명명문확보,이화여자대학교 정문,정문,A_공식명칭+좌표,37.5594236592153,126.94566937595,Kakao(기존수집),기존수집_재검증필요,False
11184697,이화여자대학교,추가명명문확보,이화여자대학교 후문,후문,A_공식명칭+좌표,37.5635317504439,126.944692996803,Kakao(기존수집),기존수집_재검증필요,False
11184697,이화여자대학교,추가명명문확보,이화여자대학교 북아현문,북아현문,A_공식명칭+좌표,37.56809505093891,126.95021794364267,Kakao,명명문_현행보행미검증,False
11184697,이화여자대학교,추가명명문확보,서문,서문,C_공식명칭_좌표없음,,,,좌표확보필요,False
11184697,이화여자대학교,추가명명문확보,북문,북문,C_공식명칭_좌표없음,,,,좌표확보필요,False
11184697,이화여자대학교,추가명명문확보,공학관문,공학관문,C_공식명칭_좌표없음,,,,좌표확보필요,False
11211235,한양대학교 서울캠퍼스,지하접근분리,한양대학교 서울캠퍼스 정문,정문,A_공식명칭+좌표,37.5579753193835,127.042173212423,Kakao(기존수집),기존수집_재검증필요,False
11211235,한양대학교 서울캠퍼스,지하접근분리,한양대학교 후문,후문,A_공식명칭+좌표,37.5558504729312,127.049864448928,Kakao(기존수집),기존수집_재검증필요,False
11211235,한양대학교 서울캠퍼스,지하접근분리,한양대학교 서울캠퍼스 애지문,애지문,제외_보류,37.5559970175326,127.043854997598,Kakao,지하접근_별도층_보류,False
11211235,한양대학교 서울캠퍼스,지하접근분리,사근동출입로,사근동출입로,C_공식명칭_좌표없음,,,,좌표확보필요,False
11211235,한양대학교 서울캠퍼스,지하접근분리,건축관출입로,건축관출입로,C_공식명칭_좌표없음,,,,좌표확보필요,False
8663561,홍익대학교 서울캠퍼스,기존문재검증,홍익대학교 서울캠퍼스 정문,정문,A_공식명칭+좌표,37.55275180872968,126.92443913897051,Kakao(기존수집),기존수집_재검증필요,False
8663561,홍익대학교 서울캠퍼스,기존문재검증,홍익대학교 후문,후문,A_공식명칭+좌표,37.5514381904153,126.927369234147,Kakao(기존수집),기존수집_재검증필요,False
17384594,KAIST 서울캠퍼스,추가좌표검토,KAIST 서울캠퍼스 중문,,B_좌표만,37.5913978228737,127.041871630289,Kakao(기존수집),기존수집_재검증필요,False
10148561,광운대학교,추가근거부족,광운대학교 후문,,B_좌표만,37.6202031137874,127.061053306516,Kakao(기존수집),기존수집_재검증필요,False
8262964,덕성여자대학교,추가문좌표필요,덕성여자대학교 후문,후문,A_공식명칭+좌표,37.6525503981283,127.017288184806,Kakao(기존수집),기존수집_재검증필요,False
8262964,덕성여자대학교,추가문좌표필요,정문,정문,C_공식명칭_좌표없음,,,,좌표확보필요,False
11333604,명지대학교 인문캠퍼스,추가좌표확보,명지대학교 후문,,B_좌표만,37.5811955492862,126.924764756554,Kakao(기존수집),기존수집_재검증필요,False
11333604,명지대학교 인문캠퍼스,추가좌표확보,명지대학교 입구,,B_좌표만,37.5798245779138,126.923891021078,Kakao,추가위치_보행미검증,False
8356870,상명대학교 서울캠퍼스,추가근거부족,상명대학교 서울캠퍼스 후문,,B_좌표만,37.6040681518797,126.957266254381,Kakao(기존수집),기존수집_재검증필요,False
7946584,서경대학교,추가문좌표필요,서경대학교 서문입구,서문,A_공식명칭+좌표,37.6162361929177,127.009061234256,Kakao(기존수집),기존수집_재검증필요,False
7946584,서경대학교,추가문좌표필요,정문,정문,C_공식명칭_좌표없음,,,,좌표확보필요,False
9108449,서울과학기술대학교,추가좌표확보,서울과학기술대학교 정문,정문,A_공식명칭+좌표,37.63022194847668,127.07672337790524,Kakao(기존수집),기존수집_재검증필요,False
9108449,서울과학기술대학교,추가좌표확보,서울과학기술대학교 창의문,창의문,A_공식명칭+좌표,37.63152013408023,127.08305249432318,Kakao,명명문_OSM보행태그일치,False
9108449,서울과학기술대학교,추가좌표확보,서울과학기술대학교 협동문,협동문,A_공식명칭+좌표,37.6363709900495,127.075613734931,Kakao,명명문_OSM보행태그일치,False
9879420,서울여자대학교 서울캠퍼스,추가문좌표필요,서울여자대학교 서울캠퍼스 후문,,B_좌표만,37.6254026275759,127.088244593526,Kakao(기존수집),기존수집_재검증필요,False
9879420,서울여자대학교 서울캠퍼스,추가문좌표필요,정문,정문,C_공식명칭_좌표없음,,,,좌표확보필요,False
9879420,서울여자대학교 서울캠퍼스,추가문좌표필요,남문,남문,C_공식명칭_좌표없음,,,,좌표확보필요,False
7949668,세종대학교,추가문좌표필요,세종대학교 정문,,B_좌표만,37.5491013244794,127.074995883714,Kakao(기존수집),기존수집_재검증필요,False
7949668,세종대학교,추가문좌표필요,후문,후문,C_공식명칭_좌표없음,,,,좌표확보필요,False
7813439,숙명여자대학교,추가좌표확보,숙명여자대학교 제1캠퍼스 정문,,B_좌표만,37.5452474193529,126.964862197806,Kakao(기존수집),기존수집_재검증필요,False
7813439,숙명여자대학교,추가좌표확보,숙명여자대학교 지혜문,,B_좌표만,37.5457100606441,126.963309444239,Kakao,추가위치_보행미검증,False
7813439,숙명여자대학교,추가좌표확보,숙명여자대학교 제2창학캠퍼스 후문,,제외_보류,37.5441342779426,126.966562327127,Kakao,별도하위캠퍼스_보류,False
11244281,한국외국어대학교 서울캠퍼스,추가근거부족,한국외대정문,,B_좌표만,37.5965021772992,127.060096346596,Kakao(기존수집),기존수집_재검증필요,False
11272875,한성대학교,추가근거부족,한성대학교 남문,,B_좌표만,37.5811424451233,127.010811769121,Kakao(기존수집),기존수집_재검증필요,False
8127185,가톨릭대학교 성의교정,공유부지검토,가톨릭대학교 출입구,,제외_보류,37.5025143867259,127.005080156141,Kakao,병원공유부지_보류,False
12840668,건국대학교 서울캠퍼스,추가좌표확보,건국대학교 건국문,건국문,A_공식명칭+좌표,37.545150296654754,127.07663044995195,Kakao,명명문_현행보행미검증,False
12840668,건국대학교 서울캠퍼스,추가좌표확보,건국대학교 상허문,상허문,A_공식명칭+좌표,37.539599090412,127.072587598758,Kakao,명명문_현행보행미검증,False
12840668,건국대학교 서울캠퍼스,추가좌표확보,건국대학교 일감문,일감문,A_공식명칭+좌표,37.5390502671874,127.074220931761,Kakao,명명문_현행보행미검증,False
12840668,건국대학교 서울캠퍼스,추가좌표확보,건국대학교 출입구4,,B_좌표만,37.5429365798393,127.07228305438,Kakao,번호문_보행미검증,False
12840668,건국대학교 서울캠퍼스,추가좌표확보,건국대학교 출입문3,,B_좌표만,37.541952973462,127.071815914684,Kakao,번호문_보행미검증,False
12840668,건국대학교 서울캠퍼스,추가좌표확보,건국대학교 출입구1,,제외_보류,37.5390502472709,127.074252613335,Kakao,중복제외_일감문,False
12840668,건국대학교 서울캠퍼스,추가좌표확보,건국 대학교 출입구2,,제외_보류,37.5395558702549,127.072542297135,Kakao,중복제외_상허문,False
7940291,서울교육대학교,추가좌표확보,서울교육대학교 사향문,,B_좌표만,37.4892180773366,127.016576555259,Kakao,명명문_현행보행미검증,False
7940291,서울교육대학교,추가좌표확보,서울교육대학교 청람문,,B_좌표만,37.4903283840274,127.014564064946,Kakao,명명문_현행보행미검증,False
7940291,서울교육대학교,추가좌표확보,서울교육대학교 쪽문,,B_좌표만,37.4915192138678,127.016837140498,Kakao,쪽문_명칭보행미검증,False
11219441,한국체육대학교,추가좌표확보,한체대 정문,정문,A_공식명칭+좌표,37.5177329,127.1315594,OSM,명명문_OSM보행태그있음,False
11219441,한국체육대학교,추가좌표확보,한체대 후문,후문,A_공식명칭+좌표,37.5210963,127.1319403,OSM,명명문_보행미검증,False
