univ_id,univ_name,place_name,category_name,lat,lon,campus_distance_m,nearest_existing_gate_m,source,place_url
11038502,경희대학교 서울캠퍼스,전담 GATE 경희대점,"서비스,산업 > 식품 > 담배",37.5917224524691,127.052463183324,608.6,235.4,게이트·문 추가검색,http://place.map.kakao.com/346634332
11369827,고려대학교 서울캠퍼스,고려대학교 정경관후문,"교통,수송 > 입출구",37.5868333780378,127.030107690954,357.3,393.1,기존검색,http://place.map.kakao.com/17569302
11369827,고려대학교 서울캠퍼스,고려대학교 의과대학 후문,"교통,수송 > 입출구",37.5880714049665,127.026055948019,575.1,581.4,기존검색,http://place.map.kakao.com/1045105981
11137036,서울대학교 관악캠퍼스,서울대학교 관악캠퍼스 나들문 G2,"교통,수송 > 입출구",37.4601753791265,126.949908665216,115.7,699.6,기존검색,http://place.map.kakao.com/1163182632
11137036,서울대학교 관악캠퍼스,서울대학교 관악캠퍼스 나들문 G13,"교통,수송 > 입출구",37.4605759167854,126.948944250338,211.5,644.2,기존검색,http://place.map.kakao.com/1162290245
11137036,서울대학교 관악캠퍼스,서울대학교 관악캠퍼스 나들문 G3,"교통,수송 > 입출구",37.4583613136908,126.949141292457,236.0,891.0,기존검색,http://place.map.kakao.com/1163110223
11137036,서울대학교 관악캠퍼스,서울대학교 관악캠퍼스 나들문 G11,"교통,수송 > 입출구",37.4581944775842,126.948796674231,271.1,907.8,기존검색,http://place.map.kakao.com/1162488137
11137036,서울대학교 관악캠퍼스,서울대학교 관악캠퍼스 나들문 G4,"교통,수송 > 입출구",37.4574955641623,126.949428963706,295.4,989.0,기존검색,http://place.map.kakao.com/1163076388
11137036,서울대학교 관악캠퍼스,서울대학교 관악캠퍼스 나들문 G1,"교통,수송 > 입출구",37.4627403532963,126.949423170907,361.2,411.7,기존검색,http://place.map.kakao.com/1163444811
11137036,서울대학교 관악캠퍼스,서울대학교 관악캠퍼스 나들문 G18,"교통,수송 > 입출구",37.457413660833,126.95405967164,369.7,845.2,기존검색,http://place.map.kakao.com/523053095
11137036,서울대학교 관악캠퍼스,서울대학교 관악캠퍼스 나들문 G12,"교통,수송 > 입출구",37.4614362044532,126.955166049872,401.2,407.8,기존검색,http://place.map.kakao.com/1162358737
11137036,서울대학교 관악캠퍼스,서울대학교 관악캠퍼스 나들문 G7,"교통,수송 > 입출구",37.4602321467396,126.956763878354,500.3,470.4,기존검색,http://place.map.kakao.com/1162820686
11137036,서울대학교 관악캠퍼스,서울대학교 관악캠퍼스 나들문 G5,"교통,수송 > 입출구",37.4551676056574,126.95003632949,522.4,1238.3,기존검색,http://place.map.kakao.com/1163062508
11137036,서울대학교 관악캠퍼스,서울대학교 관악캠퍼스 나들문 G6,"교통,수송 > 입출구",37.4539025216326,126.952062492445,659.4,1273.6,기존검색,http://place.map.kakao.com/1162944054
11137036,서울대학교 관악캠퍼스,서울대학교 관악캠퍼스 나들문 G9,"교통,수송 > 입출구",37.4657712935186,126.951421902366,666.1,274.1,기존검색,http://place.map.kakao.com/1162552208
11137036,서울대학교 관악캠퍼스,서울대학교 관악캠퍼스 나들문 G8,"교통,수송 > 입출구",37.4659881144379,126.952849436558,706.3,394.5,기존검색,http://place.map.kakao.com/1162741523
11137036,서울대학교 관악캠퍼스,서울대학교 관악캠퍼스 나들문 G14,"교통,수송 > 입출구",37.4657186119272,126.954901244682,739.2,310.2,기존검색,http://place.map.kakao.com/1162265498
11137036,서울대학교 관악캠퍼스,서울대학교 관악캠퍼스 나들문 G19,"교통,수송 > 입출구",37.4667527135059,126.951957074627,778.2,316.8,기존검색,http://place.map.kakao.com/522860757
11137036,서울대학교 관악캠퍼스,서울대학교 관악캠퍼스 나들문 G16,"교통,수송 > 입출구",37.4665878451498,126.954269963448,805.7,410.1,기존검색,http://place.map.kakao.com/1162167021
11137036,서울대학교 관악캠퍼스,서울대학교 관악캠퍼스 나들문 G20,"교통,수송 > 입출구",37.451004110509,126.952430513349,983.3,1562.8,기존검색,http://place.map.kakao.com/522843956
11137036,서울대학교 관악캠퍼스,서울대학교 관악캠퍼스 나들문 G10,"교통,수송 > 입출구",37.4502173778964,126.952064844156,1067.2,1656.0,기존검색,http://place.map.kakao.com/1162497790
11137036,서울대학교 관악캠퍼스,서울대학교 관악캠퍼스 나들문 G17,"교통,수송 > 입출구",37.4485486144466,126.951853446179,1251.2,1838.4,기존검색,http://place.map.kakao.com/523074675
11137036,서울대학교 관악캠퍼스,서울대학교 관악캠퍼스 나들문 G15,"교통,수송 > 입출구",37.4482577182474,126.952176846,1285.2,1861.3,기존검색,http://place.map.kakao.com/1162195903
11137036,서울대학교 관악캠퍼스,전담 GATE 서울대벤처타운점,"서비스,산업 > 식품 > 담배 > 전자담배",37.4695070490823,126.934903807203,1793.8,1242.0,게이트·문 추가검색,http://place.map.kakao.com/463301531
11137036,서울대학교 관악캠퍼스,전담 GATE 서울대샤로수길점,"서비스,산업 > 식품 > 담배 > 전자담배",37.4783962344861,126.955981235878,2113.3,1496.8,게이트·문 추가검색,http://place.map.kakao.com/969389701
7813437,연세대학교 신촌캠퍼스,연세대학교 후문,"교육,학문 > 학교부속시설",37.57220871795817,126.93819237130116,877.7,65.3,기존검색,http://place.map.kakao.com/12803265
11211235,한양대학교 서울캠퍼스,전담 GATE 한양대점,"서비스,산업 > 식품 > 담배",37.5600606630786,127.040932799571,494.7,256.4,게이트·문 추가검색,http://place.map.kakao.com/1398823073
