univ_id,univ_name,osm_way_id,lat,lon,highway,foot,access,geometry_evidence,status,source_url
11124718,숭실대학교,367389875,37.497926799999995,126.9555384,service,,,경계양측교차,기하후보_출입문미검증,https://www.openstreetmap.org/way/367389875
11124718,숭실대학교,1381098993,37.495104710710656,126.95892993894203,service,,,경계양측교차,기하후보_출입문미검증,https://www.openstreetmap.org/way/1381098993
11124718,숭실대학교,1381653407,37.49546421650426,126.96076384124804,service,,,경계양측교차,기하후보_출입문미검증,https://www.openstreetmap.org/way/1381653407
11124718,숭실대학교,1381930919,37.49748344071796,126.95801714022319,service,,,경계양측교차,기하후보_출입문미검증,https://www.openstreetmap.org/way/1381930919
11124718,숭실대학교,1381930939,37.495476312303026,126.95646175493131,footway,,,경계접점_외부연결미확인,기하후보_출입문미검증,https://www.openstreetmap.org/way/1381930939
11124718,숭실대학교,1381930941,37.49543981257457,126.95670420300215,service,,,경계양측교차,기하후보_출입문미검증,https://www.openstreetmap.org/way/1381930941
11124718,숭실대학교,1382013430,37.4957394,126.9547141,footway,,,경계접점_외부연결미확인,기하후보_출입문미검증,https://www.openstreetmap.org/way/1382013430
11124718,숭실대학교,1382625626,37.495380735043476,126.96074650910818,footway,,,경계양측교차,기하후보_출입문미검증,https://www.openstreetmap.org/way/1382625626
11124718,숭실대학교,1382625639,37.495633763957564,126.95541584763933,service,,,경계양측교차,기하후보_출입문미검증,https://www.openstreetmap.org/way/1382625639
11124718,숭실대학교,1382626815,37.496123427061114,126.95408302454814,pedestrian,,,경계양측교차,기하후보_출입문미검증,https://www.openstreetmap.org/way/1382626815
11124718,숭실대학교,1382626815,37.49574539051763,126.95467427206803,pedestrian,,,경계양측교차,기하후보_출입문미검증,https://www.openstreetmap.org/way/1382626815
7813437,연세대학교 신촌캠퍼스,246158666,37.56419340520272,126.94354453281824,service,,,경계양측교차,기하후보_출입문미검증,https://www.openstreetmap.org/way/246158666
7813437,연세대학교 신촌캠퍼스,338082883,37.5661592,126.9458904,residential,,,경계양측교차,기하후보_출입문미검증,https://www.openstreetmap.org/way/338082883
7813437,연세대학교 신촌캠퍼스,444688035,37.56478492627908,126.94429763580182,service,,,경계양측교차,기하후보_출입문미검증,https://www.openstreetmap.org/way/444688035
7813437,연세대학교 신촌캠퍼스,445915033,37.563423456128604,126.94101231872666,service,,,경계양측교차,기하후보_출입문미검증,https://www.openstreetmap.org/way/445915033
7813437,연세대학교 신촌캠퍼스,476205409,37.564353152219255,126.94184588491235,service,,,경계양측교차,기하후보_출입문미검증,https://www.openstreetmap.org/way/476205409
7813437,연세대학교 신촌캠퍼스,612786311,37.56028842906066,126.93634391752128,service,,,경계양측교차,기하후보_출입문미검증,https://www.openstreetmap.org/way/612786311
7813437,연세대학교 신촌캠퍼스,612786312,37.56021566762284,126.93719373710928,service,,,경계양측교차,기하후보_출입문미검증,https://www.openstreetmap.org/way/612786312
7813437,연세대학교 신촌캠퍼스,780736486,37.56551358712004,126.9453844052971,service,,,경계양측교차,기하후보_출입문미검증,https://www.openstreetmap.org/way/780736486
7813437,연세대학교 신촌캠퍼스,780736486,37.56551709688588,126.94532113474386,service,,,경계양측교차,기하후보_출입문미검증,https://www.openstreetmap.org/way/780736486
7813437,연세대학교 신촌캠퍼스,780736486,37.56547607766485,126.94545773136866,service,,,경계양측교차,기하후보_출입문미검증,https://www.openstreetmap.org/way/780736486
7813437,연세대학교 신촌캠퍼스,780736486,37.56544291345153,126.9455225629257,service,,,경계양측교차,기하후보_출입문미검증,https://www.openstreetmap.org/way/780736486
7813437,연세대학교 신촌캠퍼스,832628695,37.56128922599306,126.93320505251096,service,,,경계양측교차,기하후보_출입문미검증,https://www.openstreetmap.org/way/832628695
7813437,연세대학교 신촌캠퍼스,832628696,37.56132243823828,126.93316570511328,service,,,경계양측교차,기하후보_출입문미검증,https://www.openstreetmap.org/way/832628696
7813437,연세대학교 신촌캠퍼스,1039520177,37.5703719253808,126.94145681770384,path,,,경계양측교차,기하후보_출입문미검증,https://www.openstreetmap.org/way/1039520177
7813437,연세대학교 신촌캠퍼스,1178727815,37.563146203019656,126.93943025366558,service,,,경계양측교차,기하후보_출입문미검증,https://www.openstreetmap.org/way/1178727815
7813437,연세대학교 신촌캠퍼스,1179640215,37.56026600250618,126.93725483412754,footway,,,경계접점_외부연결미확인,기하후보_출입문미검증,https://www.openstreetmap.org/way/1179640215
7813437,연세대학교 신촌캠퍼스,1182081714,37.56028902030513,126.93634325626122,footway,,,경계양측교차,기하후보_출입문미검증,https://www.openstreetmap.org/way/1182081714
7813437,연세대학교 신촌캠퍼스,1182081722,37.560229199999995,126.936625,footway,,,경계양측교차,기하후보_출입문미검증,https://www.openstreetmap.org/way/1182081722
7813437,연세대학교 신촌캠퍼스,1182081723,37.5602208,126.93674080000001,footway,,,경계양측교차,기하후보_출입문미검증,https://www.openstreetmap.org/way/1182081723
7813437,연세대학교 신촌캠퍼스,1182081724,37.560207,126.93697389999998,footway,,,경계양측교차,기하후보_출입문미검증,https://www.openstreetmap.org/way/1182081724
7813437,연세대학교 신촌캠퍼스,1182081726,37.56020449999999,126.93707500000001,footway,,,경계양측교차,기하후보_출입문미검증,https://www.openstreetmap.org/way/1182081726
7813437,연세대학교 신촌캠퍼스,1354768863,37.5638357,126.93391240000001,service,,,경계접점_외부연결미확인,기하후보_출입문미검증,https://www.openstreetmap.org/way/1354768863
7813437,연세대학교 신촌캠퍼스,1356780456,37.563473900000005,126.9382072,steps,,,경계접점_외부연결미확인,기하후보_출입문미검증,https://www.openstreetmap.org/way/1356780456
7813437,연세대학교 신촌캠퍼스,1356900705,37.56126775271083,126.93323049243146,footway,,,경계양측교차,기하후보_출입문미검증,https://www.openstreetmap.org/way/1356900705
7813437,연세대학교 신촌캠퍼스,1357787279,37.57484740000001,126.93864790000002,steps,,,경계양측교차,기하후보_출입문미검증,https://www.openstreetmap.org/way/1357787279
7813437,연세대학교 신촌캠퍼스,1358511844,37.56134514793513,126.93313880032449,footway,,,경계양측교차,기하후보_출입문미검증,https://www.openstreetmap.org/way/1358511844
7813437,연세대학교 신촌캠퍼스,1358516383,37.57232400000001,126.93834260000001,footway,,,경계양측교차,기하후보_출입문미검증,https://www.openstreetmap.org/way/1358516383
7813437,연세대학교 신촌캠퍼스,1358894365,37.5641731317391,126.94352321150103,footway,,,경계양측교차,기하후보_출입문미검증,https://www.openstreetmap.org/way/1358894365
7813437,연세대학교 신촌캠퍼스,1358895731,37.5661498,126.94594129999999,footway,,,경계접점_외부연결미확인,기하후보_출입문미검증,https://www.openstreetmap.org/way/1358895731
7813437,연세대학교 신촌캠퍼스,1359820717,37.562908400000005,126.9315791,footway,,,경계양측교차,기하후보_출입문미검증,https://www.openstreetmap.org/way/1359820717
7813437,연세대학교 신촌캠퍼스,1359823453,37.56340420000001,126.9385494,footway,,,경계접점_외부연결미확인,기하후보_출입문미검증,https://www.openstreetmap.org/way/1359823453
7813437,연세대학교 신촌캠퍼스,1359824957,37.561316700000006,126.93778260000002,service,,,경계접점_외부연결미확인,기하후보_출입문미검증,https://www.openstreetmap.org/way/1359824957
7813437,연세대학교 신촌캠퍼스,1359824958,37.5612044879945,126.93776785831761,path,,,경계양측교차,기하후보_출입문미검증,https://www.openstreetmap.org/way/1359824958
7813437,연세대학교 신촌캠퍼스,1359824959,37.56026242227444,126.93725401844043,footway,,,경계접점_외부연결미확인,기하후보_출입문미검증,https://www.openstreetmap.org/way/1359824959
7813437,연세대학교 신촌캠퍼스,1368560379,37.56336699999999,126.9381705,footway,,,경계접점_외부연결미확인,기하후보_출입문미검증,https://www.openstreetmap.org/way/1368560379
7813437,연세대학교 신촌캠퍼스,1368560385,37.5638584,126.93832400000001,footway,,,경계접점_외부연결미확인,기하후보_출입문미검증,https://www.openstreetmap.org/way/1368560385
7813437,연세대학교 신촌캠퍼스,1382504463,37.560403922469376,126.93541473847607,steps,,,경계양측교차,기하후보_출입문미검증,https://www.openstreetmap.org/way/1382504463
7813437,연세대학교 신촌캠퍼스,1441572667,37.56053539579145,126.93453076742873,footway,,,경계양측교차,기하후보_출입문미검증,https://www.openstreetmap.org/way/1441572667
7813437,연세대학교 신촌캠퍼스,1444448652,37.5639816,126.9383988,footway,,,경계접점_외부연결미확인,기하후보_출입문미검증,https://www.openstreetmap.org/way/1444448652
7813437,연세대학교 신촌캠퍼스,1444448656,37.563115499999995,126.93845510000001,footway,,,경계접점_외부연결미확인,기하후보_출입문미검증,https://www.openstreetmap.org/way/1444448656
7813437,연세대학교 신촌캠퍼스,1444464288,37.5602208,126.93674080000001,path,,,경계접점_외부연결미확인,기하후보_출입문미검증,https://www.openstreetmap.org/way/1444464288
7813437,연세대학교 신촌캠퍼스,1447304983,37.56622680000001,126.934521,footway,,,경계접점_외부연결미확인,기하후보_출입문미검증,https://www.openstreetmap.org/way/1447304983
7813437,연세대학교 신촌캠퍼스,1447310141,37.57171659449262,126.94093824226228,steps,,,경계양측교차,기하후보_출입문미검증,https://www.openstreetmap.org/way/1447310141
7813437,연세대학교 신촌캠퍼스,1447640742,37.5639525,126.93854270000001,footway,,,경계접점_외부연결미확인,기하후보_출입문미검증,https://www.openstreetmap.org/way/1447640742
7813437,연세대학교 신촌캠퍼스,1495162163,37.572353699999994,126.9383169,service,,,경계양측교차,기하후보_출입문미검증,https://www.openstreetmap.org/way/1495162163
7813437,연세대학교 신촌캠퍼스,1500968552,37.56338520562829,126.94099214433362,footway,,,경계양측교차,기하후보_출입문미검증,https://www.openstreetmap.org/way/1500968552
7813437,연세대학교 신촌캠퍼스,1500970360,37.56430311971797,126.94139741284853,footway,,,경계양측교차,기하후보_출입문미검증,https://www.openstreetmap.org/way/1500970360
7813437,연세대학교 신촌캠퍼스,1500970379,37.56282370739858,126.93907182956511,service,,,경계접점_외부연결미확인,기하후보_출입문미검증,https://www.openstreetmap.org/way/1500970379
7813437,연세대학교 신촌캠퍼스,1502774573,37.563294500000005,126.93814720000002,footway,,,경계접점_외부연결미확인,기하후보_출입문미검증,https://www.openstreetmap.org/way/1502774573
7813437,연세대학교 신촌캠퍼스,1539364486,37.56416751737207,126.94130670748366,steps,,,경계접점_외부연결미확인,기하후보_출입문미검증,https://www.openstreetmap.org/way/1539364486
11038502,경희대학교 서울캠퍼스,327249374,37.59393621633589,127.05349891868708,service,,,경계양측교차,기하후보_출입문미검증,https://www.openstreetmap.org/way/327249374
11038502,경희대학교 서울캠퍼스,327249374,37.593824881151434,127.05329505000195,service,,,경계양측교차,기하후보_출입문미검증,https://www.openstreetmap.org/way/327249374
11038502,경희대학교 서울캠퍼스,328810578,37.59367188892324,127.05239849033009,service,,,경계양측교차,기하후보_출입문미검증,https://www.openstreetmap.org/way/328810578
11038502,경희대학교 서울캠퍼스,328810582,37.59379867074428,127.052562939568,service,,,경계양측교차,기하후보_출입문미검증,https://www.openstreetmap.org/way/328810582
11038502,경희대학교 서울캠퍼스,329613754,37.59811256006941,127.05418328920152,residential,,,경계양측교차,기하후보_출입문미검증,https://www.openstreetmap.org/way/329613754
11038502,경희대학교 서울캠퍼스,329614907,37.59436815813669,127.04978755978229,residential,,,경계양측교차,기하후보_출입문미검증,https://www.openstreetmap.org/way/329614907
11038502,경희대학교 서울캠퍼스,329614907,37.593370810366615,127.05060227944857,residential,,,경계양측교차,기하후보_출입문미검증,https://www.openstreetmap.org/way/329614907
11038502,경희대학교 서울캠퍼스,329614907,37.59385212368153,127.05035664460166,residential,,,경계양측교차,기하후보_출입문미검증,https://www.openstreetmap.org/way/329614907
11038502,경희대학교 서울캠퍼스,329614909,37.5938023,127.05421610000002,residential,,,경계양측교차,기하후보_출입문미검증,https://www.openstreetmap.org/way/329614909
11038502,경희대학교 서울캠퍼스,329991267,37.59326645373741,127.05190309039068,service,,,경계양측교차,기하후보_출입문미검증,https://www.openstreetmap.org/way/329991267
11038502,경희대학교 서울캠퍼스,329991273,37.59310210513136,127.05095423740175,service,,,경계양측교차,기하후보_출입문미검증,https://www.openstreetmap.org/way/329991273
11038502,경희대학교 서울캠퍼스,329991273,37.59308832521234,127.05117186399114,service,,,경계양측교차,기하후보_출입문미검증,https://www.openstreetmap.org/way/329991273
11038502,경희대학교 서울캠퍼스,329991273,37.593126732373655,127.0505652827924,service,,,경계양측교차,기하후보_출입문미검증,https://www.openstreetmap.org/way/329991273
11038502,경희대학교 서울캠퍼스,329991285,37.59298184349379,127.0511633193812,residential,,,경계양측교차,기하후보_출입문미검증,https://www.openstreetmap.org/way/329991285
11038502,경희대학교 서울캠퍼스,330229757,37.5975372,127.0553682,footway,,,경계접점_외부연결미확인,기하후보_출입문미검증,https://www.openstreetmap.org/way/330229757
11038502,경희대학교 서울캠퍼스,330229758,37.5975372,127.0553682,steps,,,경계접점_외부연결미확인,기하후보_출입문미검증,https://www.openstreetmap.org/way/330229758
11038502,경희대학교 서울캠퍼스,330548313,37.59668845706071,127.05582801636683,footway,,,경계양측교차,기하후보_출입문미검증,https://www.openstreetmap.org/way/330548313
11038502,경희대학교 서울캠퍼스,330548316,37.596232297708504,127.05591722773741,residential,,,경계양측교차,기하후보_출입문미검증,https://www.openstreetmap.org/way/330548316
11038502,경희대학교 서울캠퍼스,468739411,37.594186122215014,127.04900790519301,footway,,,경계접점_외부연결미확인,기하후보_출입문미검증,https://www.openstreetmap.org/way/468739411
11038502,경희대학교 서울캠퍼스,478410775,37.59378083526734,127.05255225323405,footway,,,경계양측교차,기하후보_출입문미검증,https://www.openstreetmap.org/way/478410775
11038502,경희대학교 서울캠퍼스,478410776,37.59380666852474,127.05276010469234,footway,,,경계양측교차,기하후보_출입문미검증,https://www.openstreetmap.org/way/478410776
11038502,경희대학교 서울캠퍼스,536392394,37.5975778,127.055907,residential,,,경계접점_외부연결미확인,기하후보_출입문미검증,https://www.openstreetmap.org/way/536392394
11038502,경희대학교 서울캠퍼스,794535609,37.5931125125607,127.05184256010112,service,,,경계양측교차,기하후보_출입문미검증,https://www.openstreetmap.org/way/794535609
11038502,경희대학교 서울캠퍼스,941814957,37.593672773308285,127.0524361318707,footway,,,경계양측교차,기하후보_출입문미검증,https://www.openstreetmap.org/way/941814957
11160006,중앙대학교 서울캠퍼스,285364022,37.50679658997202,126.95850503509975,service,,,경계양측교차,기하후보_출입문미검증,https://www.openstreetmap.org/way/285364022
11160006,중앙대학교 서울캠퍼스,285364023,37.50619819546877,126.95712162032773,residential,,,경계양측교차,기하후보_출입문미검증,https://www.openstreetmap.org/way/285364023
11160006,중앙대학교 서울캠퍼스,285364024,37.50301423083966,126.95548525795309,service,,,경계양측교차,기하후보_출입문미검증,https://www.openstreetmap.org/way/285364024
11160006,중앙대학교 서울캠퍼스,285364024,37.50495669408849,126.9539088155204,service,,,경계양측교차,기하후보_출입문미검증,https://www.openstreetmap.org/way/285364024
11160006,중앙대학교 서울캠퍼스,285364024,37.50408221304216,126.95450636050587,service,,,경계양측교차,기하후보_출입문미검증,https://www.openstreetmap.org/way/285364024
11160006,중앙대학교 서울캠퍼스,466546144,37.50597462483531,126.9569929603533,service,,,경계양측교차,기하후보_출입문미검증,https://www.openstreetmap.org/way/466546144
11160006,중앙대학교 서울캠퍼스,744062066,37.5050133,126.9539423,pedestrian,,,경계접점_외부연결미확인,기하후보_출입문미검증,https://www.openstreetmap.org/way/744062066
11350554,경기대학교 서울캠퍼스,1181825453,37.56421592340909,126.96164864227386,service,,,경계양측교차,기하후보_출입문미검증,https://www.openstreetmap.org/way/1181825453
11369827,고려대학교 서울캠퍼스,183064799,37.58804505818888,127.03426441625382,service,,,경계양측교차,기하후보_출입문미검증,https://www.openstreetmap.org/way/183064799
11369827,고려대학교 서울캠퍼스,183895287,37.5881507856514,127.03437644123434,service,,,경계양측교차,기하후보_출입문미검증,https://www.openstreetmap.org/way/183895287
11369827,고려대학교 서울캠퍼스,183895288,37.58827666481566,127.0345098187894,service,,,경계양측교차,기하후보_출입문미검증,https://www.openstreetmap.org/way/183895288
11369827,고려대학교 서울캠퍼스,183895297,37.58793734766197,127.03415029053428,service,,,경계양측교차,기하후보_출입문미검증,https://www.openstreetmap.org/way/183895297
11369827,고려대학교 서울캠퍼스,332080701,37.58680830352996,127.02992453297851,footway,,,경계양측교차,기하후보_출입문미검증,https://www.openstreetmap.org/way/332080701
11369827,고려대학교 서울캠퍼스,332096193,37.58648123933809,127.03156936045507,footway,,,경계접점_외부연결미확인,기하후보_출입문미검증,https://www.openstreetmap.org/way/332096193
11369827,고려대학교 서울캠퍼스,379553738,37.59164095595261,127.03317899736118,residential,,,경계양측교차,기하후보_출입문미검증,https://www.openstreetmap.org/way/379553738
11369827,고려대학교 서울캠퍼스,379555984,37.5824885,127.02825230000002,service,,,경계접점_외부연결미확인,기하후보_출입문미검증,https://www.openstreetmap.org/way/379555984
11369827,고려대학교 서울캠퍼스,392740616,37.5909312,127.03156200000001,footway,,,경계양측교차,기하후보_출입문미검증,https://www.openstreetmap.org/way/392740616
11369827,고려대학교 서울캠퍼스,392747236,37.58648348657034,127.03162073108085,service,,,경계양측교차,기하후보_출입문미검증,https://www.openstreetmap.org/way/392747236
11369827,고려대학교 서울캠퍼스,392752140,37.58365241297218,127.02887980953031,service,,,경계양측교차,기하후보_출입문미검증,https://www.openstreetmap.org/way/392752140
11369827,고려대학교 서울캠퍼스,448705122,37.5916217,127.036157,service,,,경계양측교차,기하후보_출입문미검증,https://www.openstreetmap.org/way/448705122
11369827,고려대학교 서울캠퍼스,448713866,37.591203322183254,127.03006047921447,service,,,경계양측교차,기하후보_출입문미검증,https://www.openstreetmap.org/way/448713866
11369827,고려대학교 서울캠퍼스,448713867,37.590430237364544,127.0292998812325,residential,,,경계양측교차,기하후보_출입문미검증,https://www.openstreetmap.org/way/448713867
11369827,고려대학교 서울캠퍼스,448713869,37.59114455803267,127.03053051409738,service,,,경계양측교차,기하후보_출입문미검증,https://www.openstreetmap.org/way/448713869
11369827,고려대학교 서울캠퍼스,468731303,37.5893208906107,127.02740837124487,footway,yes,no,경계양측교차,기하후보_출입문미검증,https://www.openstreetmap.org/way/468731303
11369827,고려대학교 서울캠퍼스,802936064,37.59198204611157,127.03470023414961,service,,,경계양측교차,기하후보_출입문미검증,https://www.openstreetmap.org/way/802936064
11369827,고려대학교 서울캠퍼스,803623182,37.58651628273173,127.03244136481982,footway,,,경계양측교차,기하후보_출입문미검증,https://www.openstreetmap.org/way/803623182
11369827,고려대학교 서울캠퍼스,803623211,37.58654760000001,127.0303889,footway,,,경계접점_외부연결미확인,기하후보_출입문미검증,https://www.openstreetmap.org/way/803623211
11369827,고려대학교 서울캠퍼스,803710523,37.58611379349116,127.02477953695488,footway,,,경계양측교차,기하후보_출입문미검증,https://www.openstreetmap.org/way/803710523
11369827,고려대학교 서울캠퍼스,810622932,37.58967755114249,127.03585488091834,footway,,,경계양측교차,기하후보_출입문미검증,https://www.openstreetmap.org/way/810622932
11369827,고려대학교 서울캠퍼스,810622932,37.589650277269875,127.03583913572142,footway,,,경계양측교차,기하후보_출입문미검증,https://www.openstreetmap.org/way/810622932
11369827,고려대학교 서울캠퍼스,810622932,37.58832133040585,127.03455714517393,footway,,,경계양측교차,기하후보_출입문미검증,https://www.openstreetmap.org/way/810622932
11369827,고려대학교 서울캠퍼스,810622948,37.58956525701953,127.0357743035651,footway,,,경계접점_외부연결미확인,기하후보_출입문미검증,https://www.openstreetmap.org/way/810622948
11369827,고려대학교 서울캠퍼스,810622951,37.58791480000001,127.0341264,footway,yes,,경계양측교차,기하후보_출입문미검증,https://www.openstreetmap.org/way/810622951
11369827,고려대학교 서울캠퍼스,815146780,37.58654760000001,127.0303889,footway,,,경계접점_외부연결미확인,기하후보_출입문미검증,https://www.openstreetmap.org/way/815146780
11369827,고려대학교 서울캠퍼스,816482155,37.58636669918317,127.02832235292693,footway,,,경계양측교차,기하후보_출입문미검증,https://www.openstreetmap.org/way/816482155
11369827,고려대학교 서울캠퍼스,816482167,37.58615530275622,127.0280136796331,footway,,,경계양측교차,기하후보_출입문미검증,https://www.openstreetmap.org/way/816482167
11369827,고려대학교 서울캠퍼스,816482177,37.58620114597657,127.02496835948702,footway,,,경계양측교차,기하후보_출입문미검증,https://www.openstreetmap.org/way/816482177
11369827,고려대학교 서울캠퍼스,816482178,37.58628786603685,127.02515589401943,footway,,,경계양측교차,기하후보_출입문미검증,https://www.openstreetmap.org/way/816482178
11369827,고려대학교 서울캠퍼스,816482180,37.58641294765717,127.02535790218741,footway,,,경계접점_외부연결미확인,기하후보_출입문미검증,https://www.openstreetmap.org/way/816482180
11369827,고려대학교 서울캠퍼스,820818753,37.59122915837682,127.03295087732232,service,,,경계양측교차,기하후보_출입문미검증,https://www.openstreetmap.org/way/820818753
11369827,고려대학교 서울캠퍼스,875533629,37.59135519943931,127.03330585213301,footway,,,경계양측교차,기하후보_출입문미검증,https://www.openstreetmap.org/way/875533629
11369827,고려대학교 서울캠퍼스,875533630,37.59124441374274,127.0329741011597,footway,,,경계양측교차,기하후보_출입문미검증,https://www.openstreetmap.org/way/875533630
11369827,고려대학교 서울캠퍼스,910329296,37.5911625762926,127.03614648719861,service,,,경계양측교차,기하후보_출입문미검증,https://www.openstreetmap.org/way/910329296
11369827,고려대학교 서울캠퍼스,914629934,37.58739528950744,127.02867694529067,pedestrian,yes,,경계양측교차,기하후보_출입문미검증,https://www.openstreetmap.org/way/914629934
11369827,고려대학교 서울캠퍼스,923232049,37.59062914706743,127.03104407897462,footway,,,경계양측교차,기하후보_출입문미검증,https://www.openstreetmap.org/way/923232049
11369827,고려대학교 서울캠퍼스,1460799277,37.58808834744907,127.02599305916668,service,,,경계양측교차,기하후보_출입문미검증,https://www.openstreetmap.org/way/1460799277
11369827,고려대학교 서울캠퍼스,1461310974,37.592924071116634,127.02756909826905,service,,,경계양측교차,기하후보_출입문미검증,https://www.openstreetmap.org/way/1461310974
11369827,고려대학교 서울캠퍼스,1461310978,37.59292909911942,127.02772843034201,footway,,,경계양측교차,기하후보_출입문미검증,https://www.openstreetmap.org/way/1461310978
11325169,국민대학교,86165653,37.611424117211435,126.9932158610365,residential,,,경계양측교차,기하후보_출입문미검증,https://www.openstreetmap.org/way/86165653
11325169,국민대학교,86165653,37.61166485390339,126.9926593791989,residential,,,경계양측교차,기하후보_출입문미검증,https://www.openstreetmap.org/way/86165653
11325169,국민대학교,474844542,37.61006629999999,126.99911070000002,footway,,,경계접점_외부연결미확인,기하후보_출입문미검증,https://www.openstreetmap.org/way/474844542
11325169,국민대학교,550486468,37.61120337691605,126.99955642681633,service,,private,경계양측교차,접근제한태그_보류,https://www.openstreetmap.org/way/550486468
11325169,국민대학교,560449174,37.609377966728374,126.9978124721514,steps,,,경계양측교차,기하후보_출입문미검증,https://www.openstreetmap.org/way/560449174
11325169,국민대학교,573170756,37.61107543171691,126.99462542951811,service,,private,경계양측교차,접근제한태그_보류,https://www.openstreetmap.org/way/573170756
11325169,국민대학교,573175934,37.61063303808516,126.99500622794336,steps,,,경계접점_외부연결미확인,기하후보_출입문미검증,https://www.openstreetmap.org/way/573175934
11325169,국민대학교,1455063476,37.610008125954565,126.99622700502378,footway,,,경계양측교차,기하후보_출입문미검증,https://www.openstreetmap.org/way/1455063476
17932927,동국대학교 서울캠퍼스,244214818,37.55661420787046,127.00283977936293,service,,,경계양측교차,기하후보_출입문미검증,https://www.openstreetmap.org/way/244214818
17932927,동국대학교 서울캠퍼스,244215086,37.55670478659727,127.00154838124668,service,,,경계양측교차,기하후보_출입문미검증,https://www.openstreetmap.org/way/244215086
17932927,동국대학교 서울캠퍼스,272225857,37.559324793832886,127.00036026897112,footway,,,경계양측교차,기하후보_출입문미검증,https://www.openstreetmap.org/way/272225857
17932927,동국대학교 서울캠퍼스,272227916,37.56063337526122,126.99930141223858,footway,,,경계양측교차,기하후보_출입문미검증,https://www.openstreetmap.org/way/272227916
17932927,동국대학교 서울캠퍼스,272228597,37.559493326265624,126.99820395200055,steps,,,경계양측교차,기하후보_출입문미검증,https://www.openstreetmap.org/way/272228597
17932927,동국대학교 서울캠퍼스,272232101,37.558624272301316,126.9979461147421,pedestrian,,,경계양측교차,기하후보_출입문미검증,https://www.openstreetmap.org/way/272232101
17932927,동국대학교 서울캠퍼스,272537129,37.556938848594946,126.99928005905147,footway,,,경계양측교차,기하후보_출입문미검증,https://www.openstreetmap.org/way/272537129
17932927,동국대학교 서울캠퍼스,566334259,37.55878670451474,127.0035586988804,footway,designated,,경계양측교차,기하후보_출입문미검증,https://www.openstreetmap.org/way/566334259
17932927,동국대학교 서울캠퍼스,566334263,37.558739260316464,127.00355361331478,footway,,,경계양측교차,기하후보_출입문미검증,https://www.openstreetmap.org/way/566334263
17932927,동국대학교 서울캠퍼스,566334263,37.558828967502734,127.00335757761303,footway,,,경계양측교차,기하후보_출입문미검증,https://www.openstreetmap.org/way/566334263
7927244,삼육대학교,478968062,37.64183224319211,127.09943280734826,path,,,경계양측교차,기하후보_출입문미검증,https://www.openstreetmap.org/way/478968062
7927244,삼육대학교,845732268,37.6437037935894,127.10903142978725,residential,,,경계양측교차,기하후보_출입문미검증,https://www.openstreetmap.org/way/845732268
7927244,삼육대학교,1124331465,37.642813115485644,127.1015617305144,path,,,경계양측교차,기하후보_출입문미검증,https://www.openstreetmap.org/way/1124331465
7927244,삼육대학교,1124331473,37.64125295791542,127.09858753168835,path,,,경계양측교차,기하후보_출입문미검증,https://www.openstreetmap.org/way/1124331473
7927244,삼육대학교,1124331473,37.64138546801775,127.09859347857935,path,,,경계양측교차,기하후보_출입문미검증,https://www.openstreetmap.org/way/1124331473
7927244,삼육대학교,1124331473,37.64147567524192,127.09859752698151,path,,,경계양측교차,기하후보_출입문미검증,https://www.openstreetmap.org/way/1124331473
7927244,삼육대학교,1524803658,37.63851600548811,127.10728225780387,footway,designated,,경계양측교차,기하후보_출입문미검증,https://www.openstreetmap.org/way/1524803658
11265361,서강대학교,173552121,37.55079665268801,126.94400263718514,service,,,경계양측교차,기하후보_출입문미검증,https://www.openstreetmap.org/way/173552121
11265361,서강대학교,173882916,37.55159690170073,126.93777263349152,service,,,경계양측교차,기하후보_출입문미검증,https://www.openstreetmap.org/way/173882916
11265361,서강대학교,173882916,37.551766880062665,126.93774053583458,service,,,경계양측교차,기하후보_출입문미검증,https://www.openstreetmap.org/way/173882916
11265361,서강대학교,237264721,37.55333087316248,126.94300975110262,residential,,,경계양측교차,기하후보_출입문미검증,https://www.openstreetmap.org/way/237264721
11265361,서강대학교,237264721,37.5529887,126.9431827,residential,,,경계양측교차,기하후보_출입문미검증,https://www.openstreetmap.org/way/237264721
11265361,서강대학교,237264721,37.552824,126.94377060000001,residential,,,경계양측교차,기하후보_출입문미검증,https://www.openstreetmap.org/way/237264721
11265361,서강대학교,408514791,37.55069629858238,126.94397332245079,footway,,,경계양측교차,기하후보_출입문미검증,https://www.openstreetmap.org/way/408514791
11265361,서강대학교,533500677,37.55130504385391,126.93790911851497,footway,,,경계접점_외부연결미확인,기하후보_출입문미검증,https://www.openstreetmap.org/way/533500677
11265361,서강대학교,533502297,37.54953166720224,126.93896523466684,footway,,,경계양측교차,기하후보_출입문미검증,https://www.openstreetmap.org/way/533502297
11265361,서강대학교,541475561,37.55153055519021,126.93779706463908,footway,,,경계양측교차,기하후보_출입문미검증,https://www.openstreetmap.org/way/541475561
11265361,서강대학교,784681854,37.55427000000001,126.9426378,path,,,경계양측교차,기하후보_출입문미검증,https://www.openstreetmap.org/way/784681854
11265361,서강대학교,1086833122,37.55164112400261,126.93775634924009,service,,,경계양측교차,기하후보_출입문미검증,https://www.openstreetmap.org/way/1086833122
11265361,서강대학교,1086833124,37.5515835353608,126.9377775554575,service,,,경계양측교차,기하후보_출입문미검증,https://www.openstreetmap.org/way/1086833124
11265361,서강대학교,1254528670,37.54959259055921,126.93939758865956,steps,,,경계양측교차,기하후보_출입문미검증,https://www.openstreetmap.org/way/1254528670
11265361,서강대학교,1254528671,37.54969109962474,126.93880776815821,footway,,,경계양측교차,기하후보_출입문미검증,https://www.openstreetmap.org/way/1254528671
11265361,서강대학교,1254537970,37.55015525292006,126.94342194365275,footway,,,경계양측교차,기하후보_출입문미검증,https://www.openstreetmap.org/way/1254537970
11265361,서강대학교,1254537971,37.54968795426694,126.94107391501531,steps,,,경계양측교차,기하후보_출입문미검증,https://www.openstreetmap.org/way/1254537971
11265361,서강대학교,1254537972,37.54983575559536,126.94181654161655,footway,,,경계양측교차,기하후보_출입문미검증,https://www.openstreetmap.org/way/1254537972
11265361,서강대학교,1254537974,37.55001655992343,126.94272502744667,footway,,,경계양측교차,기하후보_출입문미검증,https://www.openstreetmap.org/way/1254537974
11265361,서강대학교,1497928837,37.55179825595098,126.9377427133414,footway,,,경계양측교차,기하후보_출입문미검증,https://www.openstreetmap.org/way/1497928837
11265361,서강대학교,1501418362,37.55335226108231,126.94090901669769,path,,,경계양측교차,기하후보_출입문미검증,https://www.openstreetmap.org/way/1501418362
11137036,서울대학교 관악캠퍼스,37929015,37.45338430000001,126.953379,service,,,경계접점_외부연결미확인,기하후보_출입문미검증,https://www.openstreetmap.org/way/37929015
11137036,서울대학교 관악캠퍼스,37929015,37.4538813,126.95023319999999,service,,,경계접점_외부연결미확인,기하후보_출입문미검증,https://www.openstreetmap.org/way/37929015
11137036,서울대학교 관악캠퍼스,167595746,37.46141260000001,126.95651440000002,service,,,경계접점_외부연결미확인,기하후보_출입문미검증,https://www.openstreetmap.org/way/167595746
11137036,서울대학교 관악캠퍼스,167595749,37.4605456,126.94905889999998,service,,,경계접점_외부연결미확인,기하후보_출입문미검증,https://www.openstreetmap.org/way/167595749
11137036,서울대학교 관악캠퍼스,167659978,37.4559894,126.955211,service,,,경계접점_외부연결미확인,기하후보_출입문미검증,https://www.openstreetmap.org/way/167659978
11137036,서울대학교 관악캠퍼스,167660278,37.4550249,126.9545069,service,,,경계접점_외부연결미확인,기하후보_출입문미검증,https://www.openstreetmap.org/way/167660278
11137036,서울대학교 관악캠퍼스,167667799,37.44839710000001,126.9493014,service,,,경계접점_외부연결미확인,기하후보_출입문미검증,https://www.openstreetmap.org/way/167667799
11137036,서울대학교 관악캠퍼스,185937118,37.4682219,126.95096160000001,service,,,경계접점_외부연결미확인,기하후보_출입문미검증,https://www.openstreetmap.org/way/185937118
11137036,서울대학교 관악캠퍼스,185937120,37.46460390000001,126.948716,service,,,경계접점_외부연결미확인,기하후보_출입문미검증,https://www.openstreetmap.org/way/185937120
11137036,서울대학교 관악캠퍼스,250289594,37.46465849753697,126.95812743240522,service,,,경계양측교차,기하후보_출입문미검증,https://www.openstreetmap.org/way/250289594
11137036,서울대학교 관악캠퍼스,310022286,37.46473995581313,126.95811942617942,pedestrian,,,경계양측교차,기하후보_출입문미검증,https://www.openstreetmap.org/way/310022286
11137036,서울대학교 관악캠퍼스,310022286,37.465643389085805,126.95794340763584,pedestrian,,,경계양측교차,기하후보_출입문미검증,https://www.openstreetmap.org/way/310022286
11137036,서울대학교 관악캠퍼스,320669166,37.4552295,126.9498189,service,,,경계접점_외부연결미확인,기하후보_출입문미검증,https://www.openstreetmap.org/way/320669166
11137036,서울대학교 관악캠퍼스,356701921,37.450765262465886,126.9529350453004,service,,,경계양측교차,기하후보_출입문미검증,https://www.openstreetmap.org/way/356701921
11137036,서울대학교 관악캠퍼스,424949441,37.4537948,126.95363360000002,service,,,경계접점_외부연결미확인,기하후보_출입문미검증,https://www.openstreetmap.org/way/424949441
11137036,서울대학교 관악캠퍼스,424949443,37.45448350000001,126.9541219,service,,,경계접점_외부연결미확인,기하후보_출입문미검증,https://www.openstreetmap.org/way/424949443
11137036,서울대학교 관악캠퍼스,429687395,37.46141260000001,126.95651440000002,service,,,경계접점_외부연결미확인,기하후보_출입문미검증,https://www.openstreetmap.org/way/429687395
11137036,서울대학교 관악캠퍼스,455015949,37.4618893,126.94930310000001,service,,,경계접점_외부연결미확인,기하후보_출입문미검증,https://www.openstreetmap.org/way/455015949
11137036,서울대학교 관악캠퍼스,456356719,37.4665814,126.94811520000002,footway,,,경계양측교차,기하후보_출입문미검증,https://www.openstreetmap.org/way/456356719
11137036,서울대학교 관악캠퍼스,456356720,37.4658338,126.9483944,footway,,,경계양측교차,기하후보_출입문미검증,https://www.openstreetmap.org/way/456356720
11137036,서울대학교 관악캠퍼스,456356726,37.4644262,126.94875460000002,footway,,,경계양측교차,기하후보_출입문미검증,https://www.openstreetmap.org/way/456356726
11137036,서울대학교 관악캠퍼스,456356728,37.4638902,126.9488675,footway,,,경계양측교차,기하후보_출입문미검증,https://www.openstreetmap.org/way/456356728
11137036,서울대학교 관악캠퍼스,456356729,37.462896900000004,126.94908040000001,footway,,,경계양측교차,기하후보_출입문미검증,https://www.openstreetmap.org/way/456356729
11137036,서울대학교 관악캠퍼스,456487335,37.4627369,126.94911790000002,service,,,경계접점_외부연결미확인,기하후보_출입문미검증,https://www.openstreetmap.org/way/456487335
11137036,서울대학교 관악캠퍼스,456934312,37.4550918,126.94986260000002,service,,,경계접점_외부연결미확인,기하후보_출입문미검증,https://www.openstreetmap.org/way/456934312
11137036,서울대학교 관악캠퍼스,457001563,37.45206629999999,126.95279680000002,service,,,경계접점_외부연결미확인,기하후보_출입문미검증,https://www.openstreetmap.org/way/457001563
11137036,서울대학교 관악캠퍼스,468202819,37.4605456,126.94905889999998,service,,,경계접점_외부연결미확인,기하후보_출입문미검증,https://www.openstreetmap.org/way/468202819
11137036,서울대학교 관악캠퍼스,468665859,37.4512253,126.95241319999998,service,,,경계접점_외부연결미확인,기하후보_출입문미검증,https://www.openstreetmap.org/way/468665859
11137036,서울대학교 관악캠퍼스,468665862,37.4517847,126.9526683,service,,,경계접점_외부연결미확인,기하후보_출입문미검증,https://www.openstreetmap.org/way/468665862
11137036,서울대학교 관악캠퍼스,481901201,37.468399578350976,126.95874167389707,service,,,경계양측교차,기하후보_출입문미검증,https://www.openstreetmap.org/way/481901201
11137036,서울대학교 관악캠퍼스,481901202,37.467870594078576,126.95799277324268,residential,,,경계양측교차,기하후보_출입문미검증,https://www.openstreetmap.org/way/481901202
11137036,서울대학교 관악캠퍼스,482127375,37.447124300000006,126.951377,unclassified,,yes,경계접점_외부연결미확인,기하후보_출입문미검증,https://www.openstreetmap.org/way/482127375
11137036,서울대학교 관악캠퍼스,482425588,37.4636027,126.95794679999999,service,,,경계접점_외부연결미확인,기하후보_출입문미검증,https://www.openstreetmap.org/way/482425588
11137036,서울대학교 관악캠퍼스,482456392,37.461437600000004,126.95887320000001,footway,,,경계양측교차,기하후보_출입문미검증,https://www.openstreetmap.org/way/482456392
11137036,서울대학교 관악캠퍼스,482456392,37.461315600000006,126.9588406,footway,,,경계양측교차,기하후보_출입문미검증,https://www.openstreetmap.org/way/482456392
11137036,서울대학교 관악캠퍼스,777628598,37.45122544418475,126.95246973616341,footway,,,경계양측교차,기하후보_출입문미검증,https://www.openstreetmap.org/way/777628598
11137036,서울대학교 관악캠퍼스,777628687,37.44807652077472,126.95211444329497,footway,,,경계양측교차,기하후보_출입문미검증,https://www.openstreetmap.org/way/777628687
11137036,서울대학교 관악캠퍼스,777628878,37.45180569999999,126.9526779,footway,,,경계접점_외부연결미확인,기하후보_출입문미검증,https://www.openstreetmap.org/way/777628878
11137036,서울대학교 관악캠퍼스,847953679,37.4655684,126.9485078,service,,,경계접점_외부연결미확인,기하후보_출입문미검증,https://www.openstreetmap.org/way/847953679
11137036,서울대학교 관악캠퍼스,875251691,37.4617442,126.95459540000002,path,,,경계접점_외부연결미확인,기하후보_출입문미검증,https://www.openstreetmap.org/way/875251691
11137036,서울대학교 관악캠퍼스,1066022287,37.4527028,126.9503298,service,,,경계접점_외부연결미확인,기하후보_출입문미검증,https://www.openstreetmap.org/way/1066022287
11137036,서울대학교 관악캠퍼스,1134613856,37.4649142,126.96059539999999,path,,,경계양측교차,기하후보_출입문미검증,https://www.openstreetmap.org/way/1134613856
11137036,서울대학교 관악캠퍼스,1138536994,37.45959331198332,126.95771676852961,path,,,경계양측교차,기하후보_출입문미검증,https://www.openstreetmap.org/way/1138536994
11137036,서울대학교 관악캠퍼스,1154919682,37.4668128,126.94842070000001,service,,,경계접점_외부연결미확인,기하후보_출입문미검증,https://www.openstreetmap.org/way/1154919682
11137036,서울대학교 관악캠퍼스,1154919682,37.467151,126.94911590000001,service,,,경계접점_외부연결미확인,기하후보_출입문미검증,https://www.openstreetmap.org/way/1154919682
11137036,서울대학교 관악캠퍼스,1278208824,37.4689802,126.95199289999998,footway,,,경계양측교차,기하후보_출입문미검증,https://www.openstreetmap.org/way/1278208824
11137036,서울대학교 관악캠퍼스,1442039156,37.4673519,126.9494916,footway,,,경계양측교차,기하후보_출입문미검증,https://www.openstreetmap.org/way/1442039156
11137036,서울대학교 관악캠퍼스,1544364780,37.461364800000005,126.9559353,footway,,,경계양측교차,기하후보_출입문미검증,https://www.openstreetmap.org/way/1544364780
11137036,서울대학교 관악캠퍼스,1544364781,37.462121191397635,126.95701711375692,footway,,,경계양측교차,기하후보_출입문미검증,https://www.openstreetmap.org/way/1544364781
11137036,서울대학교 관악캠퍼스,1544364782,37.46267650000001,126.9575773,footway,,,경계양측교차,기하후보_출입문미검증,https://www.openstreetmap.org/way/1544364782
11137036,서울대학교 관악캠퍼스,1544364783,37.4622664,126.9571602,service,,,경계접점_외부연결미확인,기하후보_출입문미검증,https://www.openstreetmap.org/way/1544364783
11137036,서울대학교 관악캠퍼스,1544364786,37.4615282,126.9565689,footway,,,경계양측교차,기하후보_출입문미검증,https://www.openstreetmap.org/way/1544364786
11137036,서울대학교 관악캠퍼스,1544364822,37.46066909999999,126.94910540000001,footway,,,경계양측교차,기하후보_출입문미검증,https://www.openstreetmap.org/way/1544364822
11137036,서울대학교 관악캠퍼스,1544364835,37.461685100000004,126.9493447,service,,,경계접점_외부연결미확인,기하후보_출입문미검증,https://www.openstreetmap.org/way/1544364835
11137036,서울대학교 관악캠퍼스,1544364837,37.46193040000001,126.9492961,footway,,,경계양측교차,기하후보_출입문미검증,https://www.openstreetmap.org/way/1544364837
11137036,서울대학교 관악캠퍼스,1544574883,37.46659255566251,126.95789920787884,footway,,,경계양측교차,기하후보_출입문미검증,https://www.openstreetmap.org/way/1544574883
11137036,서울대학교 관악캠퍼스,1544574885,37.46669785894769,126.95789793571616,footway,,,경계양측교차,기하후보_출입문미검증,https://www.openstreetmap.org/way/1544574885
11137036,서울대학교 관악캠퍼스,1544574885,37.46782156357443,126.95798492956523,footway,,,경계양측교차,기하후보_출입문미검증,https://www.openstreetmap.org/way/1544574885
11137036,서울대학교 관악캠퍼스,1544574886,37.464722944019556,126.95812030082189,footway,,,경계양측교차,기하후보_출입문미검증,https://www.openstreetmap.org/way/1544574886
11137036,서울대학교 관악캠퍼스,1544574887,37.46347960498985,126.9579159727757,footway,,,경계양측교차,기하후보_출입문미검증,https://www.openstreetmap.org/way/1544574887
11137036,서울대학교 관악캠퍼스,1544574901,37.468407394383206,126.95868185871319,footway,,,경계양측교차,기하후보_출입문미검증,https://www.openstreetmap.org/way/1544574901
11137036,서울대학교 관악캠퍼스,1544574905,37.46437437851457,126.95808581918226,footway,,,경계양측교차,기하후보_출입문미검증,https://www.openstreetmap.org/way/1544574905
11137036,서울대학교 관악캠퍼스,1544574905,37.46460562060404,126.95813427945717,footway,,,경계양측교차,기하후보_출입문미검증,https://www.openstreetmap.org/way/1544574905
11137036,서울대학교 관악캠퍼스,1544714446,37.4552295,126.9498189,footway,,,경계양측교차,기하후보_출입문미검증,https://www.openstreetmap.org/way/1544714446
11137036,서울대학교 관악캠퍼스,1544714458,37.455222195018855,126.94972103015205,footway,,,경계양측교차,기하후보_출입문미검증,https://www.openstreetmap.org/way/1544714458
11137036,서울대학교 관악캠퍼스,1544778666,37.45409961042453,126.95016536094325,footway,,,경계양측교차,기하후보_출입문미검증,https://www.openstreetmap.org/way/1544778666
11137036,서울대학교 관악캠퍼스,1560095918,37.46664659002749,126.95789855509338,residential,,,경계양측교차,기하후보_출입문미검증,https://www.openstreetmap.org/way/1560095918
10498806,서울시립대학교,183521111,37.583494010427906,127.05492429194481,residential,no,,경계양측교차,접근제한태그_보류,https://www.openstreetmap.org/way/183521111
10498806,서울시립대학교,793089338,37.585081350613,127.05578362442253,residential,,,경계양측교차,기하후보_출입문미검증,https://www.openstreetmap.org/way/793089338
10498806,서울시립대학교,793089338,37.585174715864866,127.0557895344598,residential,,,경계양측교차,기하후보_출입문미검증,https://www.openstreetmap.org/way/793089338
10498806,서울시립대학교,793089338,37.5850203235443,127.05573356116344,residential,,,경계양측교차,기하후보_출입문미검증,https://www.openstreetmap.org/way/793089338
10498806,서울시립대학교,793089338,37.58503294075543,127.05574391162305,residential,,,경계양측교차,기하후보_출입문미검증,https://www.openstreetmap.org/way/793089338
10498806,서울시립대학교,793089338,37.58497983630852,127.05570034771148,residential,,,경계양측교차,기하후보_출입문미검증,https://www.openstreetmap.org/way/793089338
10498806,서울시립대학교,927488147,37.58388033575999,127.06380255295346,path,,,경계양측교차,기하후보_출입문미검증,https://www.openstreetmap.org/way/927488147
10498806,서울시립대학교,927488147,37.58413467139958,127.06392346174516,path,,,경계양측교차,기하후보_출입문미검증,https://www.openstreetmap.org/way/927488147
10498806,서울시립대학교,927488147,37.58420968472916,127.06395912255226,path,,,경계양측교차,기하후보_출입문미검증,https://www.openstreetmap.org/way/927488147
10498806,서울시립대학교,927488147,37.58465902419384,127.06417273697792,path,,,경계양측교차,기하후보_출입문미검증,https://www.openstreetmap.org/way/927488147
10498806,서울시립대학교,1213960441,37.5827982985579,127.06328817248355,path,,,경계양측교차,기하후보_출입문미검증,https://www.openstreetmap.org/way/1213960441
10498806,서울시립대학교,1213960442,37.58283145285537,127.06330393318453,path,,,경계양측교차,기하후보_출입문미검증,https://www.openstreetmap.org/way/1213960442
10498806,서울시립대학교,1213960443,37.58132214344601,127.06258646157353,path,,,경계양측교차,기하후보_출입문미검증,https://www.openstreetmap.org/way/1213960443
10498806,서울시립대학교,1213960443,37.581546897493666,127.06269329961248,path,,,경계양측교차,기하후보_출입문미검증,https://www.openstreetmap.org/way/1213960443
10498806,서울시립대학교,1213960443,37.5826852572366,127.0632344356579,path,,,경계양측교차,기하후보_출입문미검증,https://www.openstreetmap.org/way/1213960443
10498806,서울시립대학교,1213960443,37.58071778292744,127.06232404755562,path,,,경계양측교차,기하후보_출입문미검증,https://www.openstreetmap.org/way/1213960443
10498806,서울시립대학교,1213960443,37.581077392024746,127.06237401150703,path,,,경계양측교차,기하후보_출입문미검증,https://www.openstreetmap.org/way/1213960443
10498806,서울시립대학교,1213960443,37.581724939676704,127.06277793340895,path,,,경계양측교차,기하후보_출입문미검증,https://www.openstreetmap.org/way/1213960443
10498806,서울시립대학교,1213960443,37.58145090161115,127.06264766737132,path,,,경계양측교차,기하후보_출입문미검증,https://www.openstreetmap.org/way/1213960443
10498806,서울시립대학교,1216407045,37.58505967852879,127.05803752090377,service,,,경계접점_외부연결미확인,기하후보_출입문미검증,https://www.openstreetmap.org/way/1216407045
10498806,서울시립대학교,1216407045,37.58505920986229,127.0580040351931,service,,,경계접점_외부연결미확인,기하후보_출입문미검증,https://www.openstreetmap.org/way/1216407045
10498806,서울시립대학교,1216407050,37.58231044826228,127.05938439443365,steps,,,경계양측교차,기하후보_출입문미검증,https://www.openstreetmap.org/way/1216407050
10498806,서울시립대학교,1216407051,37.58231831878071,127.05886137109235,steps,,,경계양측교차,기하후보_출입문미검증,https://www.openstreetmap.org/way/1216407051
10498806,서울시립대학교,1269259494,37.582230045895116,127.05907716679383,footway,yes,,경계양측교차,기하후보_출입문미검증,https://www.openstreetmap.org/way/1269259494
10498806,서울시립대학교,1270741255,37.58535138981802,127.05779522088672,service,,,경계양측교차,기하후보_출입문미검증,https://www.openstreetmap.org/way/1270741255
10498806,서울시립대학교,1270741255,37.5853084458344,127.05779898627075,service,,,경계양측교차,기하후보_출입문미검증,https://www.openstreetmap.org/way/1270741255
10498806,서울시립대학교,1270741256,37.585075684368775,127.05781023969006,service,,,경계양측교차,기하후보_출입문미검증,https://www.openstreetmap.org/way/1270741256
10498806,서울시립대학교,1339488235,37.58342909820222,127.05494079246098,footway,,,경계양측교차,기하후보_출입문미검증,https://www.openstreetmap.org/way/1339488235
10498806,서울시립대학교,1339488259,37.583557247716904,127.05491497846515,footway,,,경계양측교차,기하후보_출입문미검증,https://www.openstreetmap.org/way/1339488259
26351246,성균관대학교 인문사회과학캠퍼스,170207575,37.586880152340214,126.99050320703579,service,,,경계양측교차,기하후보_출입문미검증,https://www.openstreetmap.org/way/170207575
26351246,성균관대학교 인문사회과학캠퍼스,277256544,37.58855176917,126.98947897058191,steps,,,경계양측교차,기하후보_출입문미검증,https://www.openstreetmap.org/way/277256544
26351246,성균관대학교 인문사회과학캠퍼스,277256545,37.58488680234123,126.99698547468277,service,,permissive,경계양측교차,기하후보_출입문미검증,https://www.openstreetmap.org/way/277256545
26351246,성균관대학교 인문사회과학캠퍼스,378308772,37.5848518264582,126.99544166464466,service,,,경계양측교차,기하후보_출입문미검증,https://www.openstreetmap.org/way/378308772
26351246,성균관대학교 인문사회과학캠퍼스,398681164,37.58856575286035,126.99379284690745,steps,,,경계양측교차,기하후보_출입문미검증,https://www.openstreetmap.org/way/398681164
26351246,성균관대학교 인문사회과학캠퍼스,685035120,37.589518337898,126.99103698051347,footway,,,경계양측교차,기하후보_출입문미검증,https://www.openstreetmap.org/way/685035120
26351246,성균관대학교 인문사회과학캠퍼스,685035120,37.589565864866906,126.9913014589225,footway,,,경계양측교차,기하후보_출입문미검증,https://www.openstreetmap.org/way/685035120
26351246,성균관대학교 인문사회과학캠퍼스,685035120,37.58957535017528,126.99135424326813,footway,,,경계양측교차,기하후보_출입문미검증,https://www.openstreetmap.org/way/685035120
26351246,성균관대학교 인문사회과학캠퍼스,685035120,37.58960125237151,126.99149838591727,footway,,,경계양측교차,기하후보_출입문미검증,https://www.openstreetmap.org/way/685035120
26351246,성균관대학교 인문사회과학캠퍼스,685035120,37.58961886313943,126.99159638836824,footway,,,경계양측교차,기하후보_출입문미검증,https://www.openstreetmap.org/way/685035120
26351246,성균관대학교 인문사회과학캠퍼스,1113707119,37.58944264082818,126.99061574843722,path,,,경계양측교차,기하후보_출입문미검증,https://www.openstreetmap.org/way/1113707119
11331177,성신여자대학교 돈암수정캠퍼스,459481560,37.5913162311868,127.02098257043006,footway,,,경계양측교차,기하후보_출입문미검증,https://www.openstreetmap.org/way/459481560
11331177,성신여자대학교 돈암수정캠퍼스,463196115,37.59085542800612,127.02203598962164,footway,,,경계양측교차,기하후보_출입문미검증,https://www.openstreetmap.org/way/463196115
11184697,이화여자대학교,338082882,37.56851476588092,126.9495369451208,residential,,,경계양측교차,기하후보_출입문미검증,https://www.openstreetmap.org/way/338082882
11184697,이화여자대학교,338082882,37.56796107634279,126.95102550087097,residential,,,경계양측교차,기하후보_출입문미검증,https://www.openstreetmap.org/way/338082882
11184697,이화여자대학교,375116129,37.56289081637886,126.94970098678887,service,,,경계양측교차,기하후보_출입문미검증,https://www.openstreetmap.org/way/375116129
11184697,이화여자대학교,375116129,37.56226237348931,126.94974824089525,service,,,경계양측교차,기하후보_출입문미검증,https://www.openstreetmap.org/way/375116129
11184697,이화여자대학교,375116133,37.56465500764586,126.94824452687791,service,,,경계양측교차,기하후보_출입문미검증,https://www.openstreetmap.org/way/375116133
11184697,이화여자대학교,375116133,37.564907133604535,126.94918627260054,service,,,경계양측교차,기하후보_출입문미검증,https://www.openstreetmap.org/way/375116133
11184697,이화여자대학교,375116137,37.56359849999999,126.9446009,unclassified,,,경계양측교차,기하후보_출입문미검증,https://www.openstreetmap.org/way/375116137
11184697,이화여자대학교,584625689,37.5667001041138,126.9479409467587,service,,,경계양측교차,기하후보_출입문미검증,https://www.openstreetmap.org/way/584625689
11184697,이화여자대학교,621484295,37.559767568756236,126.94555813701696,unclassified,,,경계양측교차,기하후보_출입문미검증,https://www.openstreetmap.org/way/621484295
11184697,이화여자대학교,621484296,37.560141099487076,126.9433922218804,unclassified,,,경계양측교차,기하후보_출입문미검증,https://www.openstreetmap.org/way/621484296
11184697,이화여자대학교,1471865612,37.56352147634814,126.94451190154685,footway,,,경계양측교차,기하후보_출입문미검증,https://www.openstreetmap.org/way/1471865612
11184697,이화여자대학교,1496993694,37.564776938991386,126.94581780768644,service,,,경계양측교차,기하후보_출입문미검증,https://www.openstreetmap.org/way/1496993694
11184697,이화여자대학교,1496993695,37.56366548440298,126.94467651257874,footway,,,경계양측교차,기하후보_출입문미검증,https://www.openstreetmap.org/way/1496993695
11211235,한양대학교 서울캠퍼스,187157342,37.55757876728193,127.04962089606175,service,,,경계양측교차,기하후보_출입문미검증,https://www.openstreetmap.org/way/187157342
11211235,한양대학교 서울캠퍼스,187181262,37.55742163448954,127.04929097482541,service,,,경계접점_외부연결미확인,기하후보_출입문미검증,https://www.openstreetmap.org/way/187181262
11211235,한양대학교 서울캠퍼스,187395952,37.558444211161635,127.04861894559292,steps,,,경계양측교차,기하후보_출입문미검증,https://www.openstreetmap.org/way/187395952
11211235,한양대학교 서울캠퍼스,187436394,37.5576057,127.0480718,footway,,,경계양측교차,기하후보_출입문미검증,https://www.openstreetmap.org/way/187436394
11211235,한양대학교 서울캠퍼스,187436405,37.55780800000001,127.0479626,footway,,,경계양측교차,기하후보_출입문미검증,https://www.openstreetmap.org/way/187436405
11211235,한양대학교 서울캠퍼스,187436406,37.55712470000001,127.0483314,footway,,,경계양측교차,기하후보_출입문미검증,https://www.openstreetmap.org/way/187436406
11211235,한양대학교 서울캠퍼스,409483896,37.55855192904337,127.04858871155072,service,,,경계양측교차,기하후보_출입문미검증,https://www.openstreetmap.org/way/409483896
11211235,한양대학교 서울캠퍼스,409636908,37.5575757,127.04955470000002,footway,,,경계양측교차,기하후보_출입문미검증,https://www.openstreetmap.org/way/409636908
11211235,한양대학교 서울캠퍼스,410120272,37.55722759999999,127.048779,steps,,,경계양측교차,기하후보_출입문미검증,https://www.openstreetmap.org/way/410120272
11211235,한양대학교 서울캠퍼스,480577384,37.55799905670921,127.04821395217074,service,,,경계접점_외부연결미확인,기하후보_출입문미검증,https://www.openstreetmap.org/way/480577384
11211235,한양대학교 서울캠퍼스,1487575148,37.558036144289964,127.0483268789838,pedestrian,,,경계양측교차,기하후보_출입문미검증,https://www.openstreetmap.org/way/1487575148
11211235,한양대학교 서울캠퍼스,187157352,37.5576126,127.0420348,service,,,경계양측교차,기하후보_출입문미검증,https://www.openstreetmap.org/way/187157352
11211235,한양대학교 서울캠퍼스,187157352,37.5582178121878,127.04192512828247,service,,,경계양측교차,기하후보_출입문미검증,https://www.openstreetmap.org/way/187157352
11211235,한양대학교 서울캠퍼스,187157356,37.55718732325213,127.04978809832686,service,,,경계양측교차,기하후보_출입문미검증,https://www.openstreetmap.org/way/187157356
11211235,한양대학교 서울캠퍼스,187157356,37.557259846306415,127.0508990597195,service,,,경계양측교차,기하후보_출입문미검증,https://www.openstreetmap.org/way/187157356
11211235,한양대학교 서울캠퍼스,187157356,37.5558024,127.04989430000002,service,,,경계양측교차,기하후보_출입문미검증,https://www.openstreetmap.org/way/187157356
11211235,한양대학교 서울캠퍼스,187354699,37.55735589999999,127.0491573,service,,,경계접점_외부연결미확인,기하후보_출입문미검증,https://www.openstreetmap.org/way/187354699
11211235,한양대학교 서울캠퍼스,187395960,37.55403390000001,127.04419209999999,service,,no,경계양측교차,접근제한태그_보류,https://www.openstreetmap.org/way/187395960
11211235,한양대학교 서울캠퍼스,187395963,37.558218385207695,127.0455026458307,service,,,경계접점_외부연결미확인,기하후보_출입문미검증,https://www.openstreetmap.org/way/187395963
11211235,한양대학교 서울캠퍼스,187397389,37.55930126201551,127.04197048813224,pedestrian,,,경계접점_외부연결미확인,기하후보_출입문미검증,https://www.openstreetmap.org/way/187397389
11211235,한양대학교 서울캠퍼스,187405486,37.557296856608644,127.04289632897117,pedestrian,,,경계양측교차,기하후보_출입문미검증,https://www.openstreetmap.org/way/187405486
11211235,한양대학교 서울캠퍼스,187405490,37.55820779999999,127.0418608,pedestrian,,,경계접점_외부연결미확인,기하후보_출입문미검증,https://www.openstreetmap.org/way/187405490
11211235,한양대학교 서울캠퍼스,222338919,37.55887445406534,127.04565001347513,service,,,경계양측교차,기하후보_출입문미검증,https://www.openstreetmap.org/way/222338919
11211235,한양대학교 서울캠퍼스,324230054,37.55403500000001,127.04411560000001,footway,,,경계양측교차,기하후보_출입문미검증,https://www.openstreetmap.org/way/324230054
11211235,한양대학교 서울캠퍼스,409636909,37.5572848,127.04973230000002,footway,,,경계양측교차,기하후보_출입문미검증,https://www.openstreetmap.org/way/409636909
11211235,한양대학교 서울캠퍼스,409636915,37.5574296,127.0496667,footway,,,경계양측교차,기하후보_출입문미검증,https://www.openstreetmap.org/way/409636915
11211235,한양대학교 서울캠퍼스,409637940,37.558072131482284,127.04563146453587,service,,,경계접점_외부연결미확인,기하후보_출입문미검증,https://www.openstreetmap.org/way/409637940
11211235,한양대학교 서울캠퍼스,409638203,37.55927126256724,127.04192799624342,footway,,,경계양측교차,기하후보_출입문미검증,https://www.openstreetmap.org/way/409638203
11211235,한양대학교 서울캠퍼스,1068555360,37.559918999999994,127.04617169999999,footway,,,경계양측교차,기하후보_출입문미검증,https://www.openstreetmap.org/way/1068555360
11211235,한양대학교 서울캠퍼스,1102479436,37.55802923325703,127.04569149243432,service,,,경계접점_외부연결미확인,기하후보_출입문미검증,https://www.openstreetmap.org/way/1102479436
8663561,홍익대학교 서울캠퍼스,168874251,37.55280300000001,126.92431189999999,service,,,경계양측교차,기하후보_출입문미검증,https://www.openstreetmap.org/way/168874251
8663561,홍익대학교 서울캠퍼스,343839264,37.5487759,126.92598030000002,service,yes,,경계접점_외부연결미확인,기하후보_출입문미검증,https://www.openstreetmap.org/way/343839264
8663561,홍익대학교 서울캠퍼스,343839268,37.548783199999995,126.9257393,steps,,,경계접점_외부연결미확인,기하후보_출입문미검증,https://www.openstreetmap.org/way/343839268
8663561,홍익대학교 서울캠퍼스,343839268,37.5487759,126.92598030000002,steps,,,경계접점_외부연결미확인,기하후보_출입문미검증,https://www.openstreetmap.org/way/343839268
8663561,홍익대학교 서울캠퍼스,795856675,37.5501352247763,126.92666413167436,path,,,경계양측교차,기하후보_출입문미검증,https://www.openstreetmap.org/way/795856675
8663561,홍익대학교 서울캠퍼스,1441590142,37.5492564505909,126.92533147656737,footway,,,경계양측교차,기하후보_출입문미검증,https://www.openstreetmap.org/way/1441590142
8663561,홍익대학교 서울캠퍼스,1441590161,37.54877810501953,126.9263542622332,steps,,,경계양측교차,기하후보_출입문미검증,https://www.openstreetmap.org/way/1441590161
8663561,홍익대학교 서울캠퍼스,1441590163,37.54922510000001,126.92465780000002,service,,,경계접점_외부연결미확인,기하후보_출입문미검증,https://www.openstreetmap.org/way/1441590163
8663561,홍익대학교 서울캠퍼스,1441590165,37.552828559781375,126.92449107209045,footway,,,경계양측교차,기하후보_출입문미검증,https://www.openstreetmap.org/way/1441590165
8663561,홍익대학교 서울캠퍼스,1441620372,37.54997009245097,126.92417902751684,steps,,,경계양측교차,기하후보_출입문미검증,https://www.openstreetmap.org/way/1441620372
8663561,홍익대학교 서울캠퍼스,1441620414,37.54951797294969,126.92422679650461,footway,,,경계양측교차,기하후보_출입문미검증,https://www.openstreetmap.org/way/1441620414
8663561,홍익대학교 서울캠퍼스,1442563725,37.552143768133504,126.92409063464191,steps,,,경계양측교차,기하후보_출입문미검증,https://www.openstreetmap.org/way/1442563725
8663561,홍익대학교 서울캠퍼스,1442563734,37.54780299474795,126.92557626794566,footway,,,경계양측교차,기하후보_출입문미검증,https://www.openstreetmap.org/way/1442563734
8663561,홍익대학교 서울캠퍼스,1442563734,37.5478700672394,126.92550947209845,footway,,,경계양측교차,기하후보_출입문미검증,https://www.openstreetmap.org/way/1442563734
8663561,홍익대학교 서울캠퍼스,1442581541,37.551358859738755,126.92422433133724,footway,,,경계접점_외부연결미확인,기하후보_출입문미검증,https://www.openstreetmap.org/way/1442581541
8663561,홍익대학교 서울캠퍼스,1442774752,37.549374688930456,126.92424593963891,service,,,경계양측교차,기하후보_출입문미검증,https://www.openstreetmap.org/way/1442774752
8663561,홍익대학교 서울캠퍼스,1492785825,37.55129584015113,126.92729056973491,service,,,경계양측교차,기하후보_출입문미검증,https://www.openstreetmap.org/way/1492785825
17384594,KAIST 서울캠퍼스,100126922,37.59312713924216,127.04776382433766,service,,,경계양측교차,기하후보_출입문미검증,https://www.openstreetmap.org/way/100126922
17384594,KAIST 서울캠퍼스,100126923,37.591782139027636,127.04611312113225,service,,,경계양측교차,기하후보_출입문미검증,https://www.openstreetmap.org/way/100126923
10148561,광운대학교,380301054,37.6188118,127.05974869999999,residential,,,경계양측교차,기하후보_출입문미검증,https://www.openstreetmap.org/way/380301054
10148561,광운대학교,380301054,37.61866159357629,127.05867117449431,residential,,,경계양측교차,기하후보_출입문미검증,https://www.openstreetmap.org/way/380301054
10148561,광운대학교,380301054,37.6187383,127.05973810000002,residential,,,경계양측교차,기하후보_출입문미검증,https://www.openstreetmap.org/way/380301054
10148561,광운대학교,380301054,37.61854962625157,127.0588474753015,residential,,,경계양측교차,기하후보_출입문미검증,https://www.openstreetmap.org/way/380301054
10148561,광운대학교,380301098,37.6199361,127.0583664,residential,,,경계접점_외부연결미확인,기하후보_출입문미검증,https://www.openstreetmap.org/way/380301098
10148561,광운대학교,380301098,37.6200896,127.05777780000001,residential,,,경계접점_외부연결미확인,기하후보_출입문미검증,https://www.openstreetmap.org/way/380301098
10148561,광운대학교,380301125,37.6203795,127.0572751,residential,,,경계양측교차,기하후보_출입문미검증,https://www.openstreetmap.org/way/380301125
10148561,광운대학교,380301125,37.62097010864738,127.05682987048287,residential,,,경계양측교차,기하후보_출입문미검증,https://www.openstreetmap.org/way/380301125
10148561,광운대학교,804967264,37.62135525200566,127.05673499843827,service,,,경계양측교차,기하후보_출입문미검증,https://www.openstreetmap.org/way/804967264
8262964,덕성여자대학교,381758696,37.65072545271564,127.01927003757235,service,,,경계양측교차,기하후보_출입문미검증,https://www.openstreetmap.org/way/381758696
8262964,덕성여자대학교,913853798,37.65254616046567,127.01723537504161,service,,,경계양측교차,기하후보_출입문미검증,https://www.openstreetmap.org/way/913853798
8262964,덕성여자대학교,967829597,37.65020341304509,127.0200854132061,service,,,경계양측교차,기하후보_출입문미검증,https://www.openstreetmap.org/way/967829597
8262964,덕성여자대학교,967829600,37.65112872087245,127.0187973118189,service,,,경계양측교차,기하후보_출입문미검증,https://www.openstreetmap.org/way/967829600
8262964,덕성여자대학교,967829612,37.65168982258176,127.01486885565541,service,,,경계양측교차,기하후보_출입문미검증,https://www.openstreetmap.org/way/967829612
11333604,명지대학교 인문캠퍼스,1127358155,37.57963291483741,126.92402623527093,service,,,경계양측교차,기하후보_출입문미검증,https://www.openstreetmap.org/way/1127358155
11333604,명지대학교 인문캠퍼스,1127358159,37.581163857359115,126.9247225194459,service,,,경계양측교차,기하후보_출입문미검증,https://www.openstreetmap.org/way/1127358159
11333604,명지대학교 인문캠퍼스,1127358164,37.57986299901562,126.9213527162063,service,,,경계접점_외부연결미확인,기하후보_출입문미검증,https://www.openstreetmap.org/way/1127358164
11333604,명지대학교 인문캠퍼스,1127358166,37.57943869777134,126.9216877083439,service,,,경계양측교차,기하후보_출입문미검증,https://www.openstreetmap.org/way/1127358166
11333604,명지대학교 인문캠퍼스,1156181636,37.5786259,126.92255400000002,pedestrian,,,경계양측교차,기하후보_출입문미검증,https://www.openstreetmap.org/way/1156181636
11333604,명지대학교 인문캠퍼스,1156181918,37.578897100000006,126.92222410000001,pedestrian,,,경계양측교차,기하후보_출입문미검증,https://www.openstreetmap.org/way/1156181918
11333604,명지대학교 인문캠퍼스,1156181918,37.578913400000005,126.9229887,pedestrian,,,경계양측교차,기하후보_출입문미검증,https://www.openstreetmap.org/way/1156181918
11333604,명지대학교 인문캠퍼스,1156181919,37.57878970000001,126.92281030000001,pedestrian,,,경계양측교차,기하후보_출입문미검증,https://www.openstreetmap.org/way/1156181919
8356870,상명대학교 서울캠퍼스,220566153,37.60386157683425,126.95750080199318,service,,,경계양측교차,기하후보_출입문미검증,https://www.openstreetmap.org/way/220566153
8356870,상명대학교 서울캠퍼스,220705403,37.601377680776146,126.9557597411304,residential,,,경계양측교차,기하후보_출입문미검증,https://www.openstreetmap.org/way/220705403
8356870,상명대학교 서울캠퍼스,374757039,37.60285029507143,126.95310658584098,path,,,경계양측교차,기하후보_출입문미검증,https://www.openstreetmap.org/way/374757039
8356870,상명대학교 서울캠퍼스,374757039,37.603301950901326,126.95330812047477,path,,,경계양측교차,기하후보_출입문미검증,https://www.openstreetmap.org/way/374757039
8356870,상명대학교 서울캠퍼스,374757039,37.603529741931034,126.95342407832202,path,,,경계양측교차,기하후보_출입문미검증,https://www.openstreetmap.org/way/374757039
8356870,상명대학교 서울캠퍼스,374757039,37.60419292251183,126.95355375897327,path,,,경계양측교차,기하후보_출입문미검증,https://www.openstreetmap.org/way/374757039
8356870,상명대학교 서울캠퍼스,516392758,37.60139844767224,126.95578407823257,residential,,,경계양측교차,기하후보_출입문미검증,https://www.openstreetmap.org/way/516392758
8356870,상명대학교 서울캠퍼스,1114758460,37.60294681074365,126.95310631085638,path,,,경계양측교차,기하후보_출입문미검증,https://www.openstreetmap.org/way/1114758460
7946584,서경대학교,536369052,37.61497489655527,127.0143849380063,footway,,,경계양측교차,기하후보_출입문미검증,https://www.openstreetmap.org/way/536369052
7946584,서경대학교,536369053,37.61346975606813,127.01286048748437,residential,,,경계양측교차,기하후보_출입문미검증,https://www.openstreetmap.org/way/536369053
7946584,서경대학교,536369054,37.61636656829206,127.01155107218311,footway,,,경계접점_외부연결미확인,기하후보_출입문미검증,https://www.openstreetmap.org/way/536369054
7946584,서경대학교,1426525827,37.616298465871985,127.011082988294,residential,,,경계양측교차,기하후보_출입문미검증,https://www.openstreetmap.org/way/1426525827
9108449,서울과학기술대학교,380910937,37.6314871,127.08285059999999,service,,,경계접점_외부연결미확인,기하후보_출입문미검증,https://www.openstreetmap.org/way/380910937
9108449,서울과학기술대학교,579071114,37.62852519484968,127.07898211726051,footway,,,경계양측교차,기하후보_출입문미검증,https://www.openstreetmap.org/way/579071114
9108449,서울과학기술대학교,579071119,37.62852885025891,127.07951128655023,service,,,경계양측교차,기하후보_출입문미검증,https://www.openstreetmap.org/way/579071119
9108449,서울과학기술대학교,579071125,37.636267957877756,127.07565670022602,steps,,,경계양측교차,기하후보_출입문미검증,https://www.openstreetmap.org/way/579071125
9108449,서울과학기술대학교,579434391,37.62973849892368,127.0820047231004,steps,,,경계양측교차,기하후보_출입문미검증,https://www.openstreetmap.org/way/579434391
9108449,서울과학기술대학교,579434399,37.62851692243922,127.07760676245537,footway,,,경계양측교차,기하후보_출입문미검증,https://www.openstreetmap.org/way/579434399
9108449,서울과학기술대학교,579434410,37.635747256160045,127.07726310207715,service,,,경계양측교차,기하후보_출입문미검증,https://www.openstreetmap.org/way/579434410
9108449,서울과학기술대학교,1512838599,37.62970618432903,127.07672190907297,footway,,,경계양측교차,기하후보_출입문미검증,https://www.openstreetmap.org/way/1512838599
9108449,서울과학기술대학교,1513263914,37.631359989468564,127.08300241064548,footway,,,경계양측교차,기하후보_출입문미검증,https://www.openstreetmap.org/way/1513263914
9108449,서울과학기술대학교,1513901818,37.63067399748764,127.07598439551285,footway,,,경계양측교차,기하후보_출입문미검증,https://www.openstreetmap.org/way/1513901818
9108449,서울과학기술대학교,1513901854,37.63028981339284,127.07645284458019,footway,,,경계양측교차,기하후보_출입문미검증,https://www.openstreetmap.org/way/1513901854
9108449,서울과학기술대학교,1513901889,37.629929624365275,127.07661254272809,footway,,,경계양측교차,기하후보_출입문미검증,https://www.openstreetmap.org/way/1513901889
9108449,서울과학기술대학교,1513901937,37.631617081346285,127.08283592337642,footway,,,경계양측교차,기하후보_출입문미검증,https://www.openstreetmap.org/way/1513901937
9879420,서울여자대학교 서울캠퍼스,82088515,37.62571470429377,127.09372432373256,living_street,,,경계양측교차,기하후보_출입문미검증,https://www.openstreetmap.org/way/82088515
7949668,세종대학교,101170964,37.552912583514036,127.07250193154299,service,,,경계양측교차,기하후보_출입문미검증,https://www.openstreetmap.org/way/101170964
7949668,세종대학교,101170964,37.54911252901635,127.07500098237674,service,,,경계양측교차,기하후보_출입문미검증,https://www.openstreetmap.org/way/101170964
7813439,숙명여자대학교,368834996,37.54646191918825,126.96582021177663,residential,,,경계양측교차,기하후보_출입문미검증,https://www.openstreetmap.org/way/368834996
7813439,숙명여자대학교,368834996,37.54662310165257,126.96372657643225,residential,,,경계양측교차,기하후보_출입문미검증,https://www.openstreetmap.org/way/368834996
7813439,숙명여자대학교,368835012,37.545108339557466,126.96499057054014,service,,,경계양측교차,기하후보_출입문미검증,https://www.openstreetmap.org/way/368835012
7813439,숙명여자대학교,719662963,37.54410874776339,126.96652396848003,footway,,,경계양측교차,기하후보_출입문미검증,https://www.openstreetmap.org/way/719662963
7813439,숙명여자대학교,721517029,37.54622714867826,126.96333907551096,service,,,경계양측교차,기하후보_출입문미검증,https://www.openstreetmap.org/way/721517029
7813439,숙명여자대학교,722372423,37.54522523102367,126.96485230313156,service,,,경계양측교차,기하후보_출입문미검증,https://www.openstreetmap.org/way/722372423
7813439,숙명여자대학교,722376299,37.545104569237076,126.96486156127303,service,,,경계양측교차,기하후보_출입문미검증,https://www.openstreetmap.org/way/722376299
7813439,숙명여자대학교,968375844,37.54569617340173,126.96325928966066,service,,,경계양측교차,기하후보_출입문미검증,https://www.openstreetmap.org/way/968375844
11244281,한국외국어대학교 서울캠퍼스,330258686,37.59853738749905,127.05752347562421,service,,,경계양측교차,기하후보_출입문미검증,https://www.openstreetmap.org/way/330258686
11244281,한국외국어대학교 서울캠퍼스,536399664,37.59732289681217,127.0569803396111,footway,,,경계양측교차,기하후보_출입문미검증,https://www.openstreetmap.org/way/536399664
11244281,한국외국어대학교 서울캠퍼스,536399674,37.59710224126015,127.06057702551388,steps,,,경계양측교차,기하후보_출입문미검증,https://www.openstreetmap.org/way/536399674
11244281,한국외국어대학교 서울캠퍼스,1188680407,37.59547490251611,127.05947331801222,footway,,,경계양측교차,기하후보_출입문미검증,https://www.openstreetmap.org/way/1188680407
11244281,한국외국어대학교 서울캠퍼스,1188680415,37.5964856383334,127.06018155394915,service,,,경계양측교차,기하후보_출입문미검증,https://www.openstreetmap.org/way/1188680415
11244281,한국외국어대학교 서울캠퍼스,1188680458,37.59693605591059,127.0606720853533,footway,,,경계양측교차,기하후보_출입문미검증,https://www.openstreetmap.org/way/1188680458
11244281,한국외국어대학교 서울캠퍼스,1188680458,37.5966673793541,127.06049068373535,footway,,,경계양측교차,기하후보_출입문미검증,https://www.openstreetmap.org/way/1188680458
11244281,한국외국어대학교 서울캠퍼스,1188680471,37.59653543918617,127.06021571090847,footway,,,경계양측교차,기하후보_출입문미검증,https://www.openstreetmap.org/way/1188680471
11244281,한국외국어대학교 서울캠퍼스,1188680472,37.59643580267419,127.06014737316983,footway,,,경계양측교차,기하후보_출입문미검증,https://www.openstreetmap.org/way/1188680472
11244281,한국외국어대학교 서울캠퍼스,1188680474,37.59638974194219,127.06011578154641,footway,,,경계양측교차,기하후보_출입문미검증,https://www.openstreetmap.org/way/1188680474
11244281,한국외국어대학교 서울캠퍼스,1188680475,37.596580568488115,127.06024666383213,footway,,,경계양측교차,기하후보_출입문미검증,https://www.openstreetmap.org/way/1188680475
11272875,한성대학교,183521044,37.58236370000001,127.01116159999998,residential,,,경계접점_외부연결미확인,기하후보_출입문미검증,https://www.openstreetmap.org/way/183521044
11272875,한성대학교,471994636,37.58314,127.0111398,service,,,경계접점_외부연결미확인,기하후보_출입문미검증,https://www.openstreetmap.org/way/471994636
11272875,한성대학교,471994637,37.58236370000001,127.01116159999998,service,,,경계접점_외부연결미확인,기하후보_출입문미검증,https://www.openstreetmap.org/way/471994637
11272875,한성대학교,472037625,37.583632257873404,127.0095174482541,service,,,경계양측교차,기하후보_출입문미검증,https://www.openstreetmap.org/way/472037625
11272875,한성대학교,472040612,37.581133832363015,127.01074934703699,footway,,,경계접점_외부연결미확인,기하후보_출입문미검증,https://www.openstreetmap.org/way/472040612
8132452,가톨릭대학교 성신교정,474025252,37.586622399999996,127.00332090000002,service,,,경계양측교차,기하후보_출입문미검증,https://www.openstreetmap.org/way/474025252
8132452,가톨릭대학교 성신교정,789114742,37.586500664591014,127.00301442251867,service,yes,permissive,경계양측교차,기하후보_출입문미검증,https://www.openstreetmap.org/way/789114742
8138835,감리교신학대학교,469161226,37.5678844,126.96304149999999,service,,,경계접점_외부연결미확인,기하후보_출입문미검증,https://www.openstreetmap.org/way/469161226
8138835,감리교신학대학교,469161238,37.56736305468449,126.9606286948404,footway,,,경계접점_외부연결미확인,기하후보_출입문미검증,https://www.openstreetmap.org/way/469161238
11025307,강서대학교,303324541,37.54852378809305,126.85378501337668,service,,,경계양측교차,기하후보_출입문미검증,https://www.openstreetmap.org/way/303324541
11025307,강서대학교,1136922765,37.54768809031196,126.85537826830769,path,,,경계양측교차,기하후보_출입문미검증,https://www.openstreetmap.org/way/1136922765
12840668,건국대학교 서울캠퍼스,258866922,37.53949232458867,127.0724945218705,residential,,,경계양측교차,기하후보_출입문미검증,https://www.openstreetmap.org/way/258866922
12840668,건국대학교 서울캠퍼스,367251094,37.539019257908066,127.07419787004989,residential,,,경계양측교차,기하후보_출입문미검증,https://www.openstreetmap.org/way/367251094
12840668,건국대학교 서울캠퍼스,367553848,37.539230791269055,127.07673830330774,footway,,,경계양측교차,기하후보_출입문미검증,https://www.openstreetmap.org/way/367553848
12840668,건국대학교 서울캠퍼스,367573765,37.5414703942895,127.08250406584844,footway,,,경계양측교차,기하후보_출입문미검증,https://www.openstreetmap.org/way/367573765
12840668,건국대학교 서울캠퍼스,369210753,37.544838249386835,127.076698349394,residential,,,경계양측교차,기하후보_출입문미검증,https://www.openstreetmap.org/way/369210753
12840668,건국대학교 서울캠퍼스,369253598,37.54242272820808,127.07199649736533,footway,,,경계양측교차,기하후보_출입문미검증,https://www.openstreetmap.org/way/369253598
12840668,건국대학교 서울캠퍼스,370292011,37.544018801916366,127.07276628688896,footway,,,경계양측교차,기하후보_출입문미검증,https://www.openstreetmap.org/way/370292011
12840668,건국대학교 서울캠퍼스,370292011,37.54387113820059,127.07269376713053,footway,,,경계양측교차,기하후보_출입문미검증,https://www.openstreetmap.org/way/370292011
12840668,건국대학교 서울캠퍼스,370292012,37.54377963338644,127.07264882796599,footway,,,경계양측교차,기하후보_출입문미검증,https://www.openstreetmap.org/way/370292012
12840668,건국대학교 서울캠퍼스,370292013,37.543264255316586,127.07240095029647,footway,,,경계양측교차,기하후보_출입문미검증,https://www.openstreetmap.org/way/370292013
12840668,건국대학교 서울캠퍼스,370292013,37.5435145007089,127.072521218787,footway,,,경계양측교차,기하후보_출입문미검증,https://www.openstreetmap.org/way/370292013
12840668,건국대학교 서울캠퍼스,371451085,37.54030458334625,127.07285003693508,residential,,,경계양측교차,기하후보_출입문미검증,https://www.openstreetmap.org/way/371451085
12840668,건국대학교 서울캠퍼스,552731651,37.542879067609405,127.07221582099685,footway,,,경계양측교차,기하후보_출입문미검증,https://www.openstreetmap.org/way/552731651
8917867,동덕여자대학교,260063481,37.6053857,127.04145139999999,residential,,,경계양측교차,기하후보_출입문미검증,https://www.openstreetmap.org/way/260063481
8917867,동덕여자대학교,750361690,37.6068313,127.0429633,service,,,경계접점_외부연결미확인,기하후보_출입문미검증,https://www.openstreetmap.org/way/750361690
8917867,동덕여자대학교,750361692,37.60705239583789,127.04418346752634,service,,,경계양측교차,기하후보_출입문미검증,https://www.openstreetmap.org/way/750361692
8917867,동덕여자대학교,750701363,37.605722132378474,127.04031416225007,service,,,경계양측교차,기하후보_출입문미검증,https://www.openstreetmap.org/way/750701363
8917867,동덕여자대학교,1149624470,37.60539802746861,127.04149946936106,footway,,,경계양측교차,기하후보_출입문미검증,https://www.openstreetmap.org/way/1149624470
8917867,동덕여자대학교,1149624472,37.60536329999999,127.041396,footway,,,경계양측교차,기하후보_출입문미검증,https://www.openstreetmap.org/way/1149624472
8917867,동덕여자대학교,1149624472,37.60604607262311,127.04092034883078,footway,,,경계양측교차,기하후보_출입문미검증,https://www.openstreetmap.org/way/1149624472
7940291,서울교육대학교,228171770,37.490216006478136,127.01446371605216,service,,,경계양측교차,기하후보_출입문미검증,https://www.openstreetmap.org/way/228171770
7940291,서울교육대학교,228171770,37.489099550194474,127.01663842940265,service,,,경계양측교차,기하후보_출입문미검증,https://www.openstreetmap.org/way/228171770
11137164,서울대학교 연건캠퍼스,415938839,37.5800125,127.00197150000001,service,,,경계양측교차,기하후보_출입문미검증,https://www.openstreetmap.org/way/415938839
11137164,서울대학교 연건캠퍼스,415938841,37.58035712207013,126.99664695067692,service,,,경계양측교차,기하후보_출입문미검증,https://www.openstreetmap.org/way/415938841
11137164,서울대학교 연건캠퍼스,517641031,37.57725744866198,126.99754529161926,service,,,경계양측교차,기하후보_출입문미검증,https://www.openstreetmap.org/way/517641031
11137164,서울대학교 연건캠퍼스,1556492564,37.57764661325433,127.0004265000853,footway,,,경계양측교차,기하후보_출입문미검증,https://www.openstreetmap.org/way/1556492564
8139895,서울한영대학교,249664754,37.496051200000004,126.85262760000002,residential,,,경계양측교차,기하후보_출입문미검증,https://www.openstreetmap.org/way/249664754
8139895,서울한영대학교,249664754,37.496212,126.85171230000002,residential,,,경계양측교차,기하후보_출입문미검증,https://www.openstreetmap.org/way/249664754
20599241,성공회대학교,252990478,37.48808495813859,126.824508885659,service,,,경계양측교차,기하후보_출입문미검증,https://www.openstreetmap.org/way/252990478
11237653,총신대학교 사당캠퍼스,367420006,37.48851924652154,126.96627848243672,service,,,경계양측교차,기하후보_출입문미검증,https://www.openstreetmap.org/way/367420006
11237653,총신대학교 사당캠퍼스,1312936649,37.48967913020394,126.96755043806688,path,,,경계양측교차,기하후보_출입문미검증,https://www.openstreetmap.org/way/1312936649
8135259,한국방송통신대학교 대학본부,926512607,37.57882957693684,127.0044763179765,service,,,경계접점_외부연결미확인,기하후보_출입문미검증,https://www.openstreetmap.org/way/926512607
8135259,한국방송통신대학교 대학본부,926512610,37.57861928187548,127.00243500686837,service,,,경계양측교차,기하후보_출입문미검증,https://www.openstreetmap.org/way/926512610
17010755,한국성서대학교,474276560,37.64917360917229,127.06347789249004,service,,,경계양측교차,기하후보_출입문미검증,https://www.openstreetmap.org/way/474276560
17010755,한국성서대학교,474276560,37.649459576877774,127.06477627499036,service,,,경계양측교차,기하후보_출입문미검증,https://www.openstreetmap.org/way/474276560
17010755,한국성서대학교,474276561,37.64844513778787,127.06360117951728,service,,,경계접점_외부연결미확인,기하후보_출입문미검증,https://www.openstreetmap.org/way/474276561
17010755,한국성서대학교,474276561,37.648493200000004,127.0635773,service,,,경계접점_외부연결미확인,기하후보_출입문미검증,https://www.openstreetmap.org/way/474276561
8644095,한국예술종합학교 석관동캠퍼스,416469346,37.60458287252703,127.06016513581,service,,,경계양측교차,기하후보_출입문미검증,https://www.openstreetmap.org/way/416469346
8644095,한국예술종합학교 석관동캠퍼스,468973690,37.601457435093,127.05774166054938,service,,,경계접점_외부연결미확인,기하후보_출입문미검증,https://www.openstreetmap.org/way/468973690
8644095,한국예술종합학교 석관동캠퍼스,468973690,37.60143667986436,127.05775086935478,service,,,경계접점_외부연결미확인,기하후보_출입문미검증,https://www.openstreetmap.org/way/468973690
8644095,한국예술종합학교 석관동캠퍼스,480559568,37.60426073540904,127.05851549473799,pedestrian,,,경계양측교차,기하후보_출입문미검증,https://www.openstreetmap.org/way/480559568
8644095,한국예술종합학교 석관동캠퍼스,516636558,37.60111235614432,127.05764638876552,residential,,,경계양측교차,기하후보_출입문미검증,https://www.openstreetmap.org/way/516636558
8644095,한국예술종합학교 석관동캠퍼스,751537264,37.60652806774119,127.05432783657758,service,,,경계양측교차,기하후보_출입문미검증,https://www.openstreetmap.org/way/751537264
8644095,한국예술종합학교 석관동캠퍼스,751537265,37.606941082466676,127.05486401856982,service,,,경계양측교차,기하후보_출입문미검증,https://www.openstreetmap.org/way/751537265
8644095,한국예술종합학교 석관동캠퍼스,845545973,37.608048476089365,127.05540819426014,service,,,경계양측교차,기하후보_출입문미검증,https://www.openstreetmap.org/way/845545973
8644095,한국예술종합학교 석관동캠퍼스,987868553,37.60596878498365,127.05543805619098,path,,,경계양측교차,기하후보_출입문미검증,https://www.openstreetmap.org/way/987868553
8644095,한국예술종합학교 석관동캠퍼스,987868553,37.605620200000004,127.05398550000001,path,,,경계양측교차,기하후보_출입문미검증,https://www.openstreetmap.org/way/987868553
8644095,한국예술종합학교 석관동캠퍼스,987868553,37.605606484393256,127.05412819518936,path,,,경계양측교차,기하후보_출입문미검증,https://www.openstreetmap.org/way/987868553
8644095,한국예술종합학교 석관동캠퍼스,1455917407,37.60656905405428,127.05808718373261,service,,,경계양측교차,기하후보_출입문미검증,https://www.openstreetmap.org/way/1455917407
8644095,한국예술종합학교 석관동캠퍼스,1455917407,37.60595463961344,127.05855747912113,service,,,경계양측교차,기하후보_출입문미검증,https://www.openstreetmap.org/way/1455917407
11219441,한국체육대학교,415026021,37.52074783488591,127.12992685014167,service,,,경계양측교차,기하후보_출입문미검증,https://www.openstreetmap.org/way/415026021
11219441,한국체육대학교,474037614,37.521067119465606,127.13193081672108,service,,,경계양측교차,기하후보_출입문미검증,https://www.openstreetmap.org/way/474037614
11219441,한국체육대학교,474037615,37.5175394364975,127.13151239230974,service,,,경계양측교차,기하후보_출입문미검증,https://www.openstreetmap.org/way/474037615
10942308,한양여자대학교,187157342,37.55757876728193,127.04962089606175,service,,,경계양측교차,기하후보_출입문미검증,https://www.openstreetmap.org/way/187157342
10942308,한양여자대학교,187354408,37.55928800000001,127.0492399,residential,,,경계양측교차,기하후보_출입문미검증,https://www.openstreetmap.org/way/187354408
10942308,한양여자대학교,187354408,37.55879847317829,127.04856298811951,residential,,,경계양측교차,기하후보_출입문미검증,https://www.openstreetmap.org/way/187354408
10942308,한양여자대학교,187395952,37.558444211161635,127.04861894559292,steps,,,경계양측교차,기하후보_출입문미검증,https://www.openstreetmap.org/way/187395952
10942308,한양여자대학교,187436394,37.5576057,127.0480718,footway,,,경계양측교차,기하후보_출입문미검증,https://www.openstreetmap.org/way/187436394
10942308,한양여자대학교,187436405,37.55780800000001,127.0479626,footway,,,경계양측교차,기하후보_출입문미검증,https://www.openstreetmap.org/way/187436405
10942308,한양여자대학교,187436406,37.55712470000001,127.0483314,footway,,,경계양측교차,기하후보_출입문미검증,https://www.openstreetmap.org/way/187436406
10942308,한양여자대학교,227097299,37.5586071,127.0506083,pedestrian,,,경계접점_외부연결미확인,기하후보_출입문미검증,https://www.openstreetmap.org/way/227097299
10942308,한양여자대학교,409483896,37.55855192904337,127.04858871155072,service,,,경계양측교차,기하후보_출입문미검증,https://www.openstreetmap.org/way/409483896
10942308,한양여자대학교,409636908,37.5575757,127.04955470000002,footway,,,경계양측교차,기하후보_출입문미검증,https://www.openstreetmap.org/way/409636908
10942308,한양여자대학교,409636911,37.5576352263124,127.04966753385506,footway,,,경계양측교차,기하후보_출입문미검증,https://www.openstreetmap.org/way/409636911
10942308,한양여자대학교,410120272,37.55722759999999,127.048779,steps,,,경계양측교차,기하후보_출입문미검증,https://www.openstreetmap.org/way/410120272
10942308,한양여자대학교,1487575148,37.558036144289964,127.0483268789838,pedestrian,,,경계양측교차,기하후보_출입문미검증,https://www.openstreetmap.org/way/1487575148
