gx,gy,횡단보도수,사고다발지역수,사고건수합,사상자수합,사망자수합,사고다발지역_있음,cell_m
182,551,7,0,0,0,0,0,1000
182,552,23,0,0,0,0,0,1000
182,553,4,0,0,0,0,0,1000
183,541,11,0,0,0,0,0,1000
183,549,7,0,0,0,0,0,1000
183,550,28,0,0,0,0,0,1000
183,551,47,1,7,8,0,1,1000
183,552,85,0,0,0,0,0,1000
183,553,23,0,0,0,0,0,1000
184,541,4,0,0,0,0,0,1000
184,542,50,0,0,0,0,0,1000
184,543,20,0,0,0,0,0,1000
184,544,23,0,0,0,0,0,1000
184,545,13,0,0,0,0,0,1000
184,546,7,0,0,0,0,0,1000
184,547,2,0,0,0,0,0,1000
184,548,30,2,14,14,1,1,1000
184,549,10,0,0,0,0,0,1000
184,550,46,0,0,0,0,0,1000
184,551,93,0,0,0,0,0,1000
184,552,56,0,0,0,0,0,1000
184,553,2,0,0,0,0,0,1000
185,541,3,0,0,0,0,0,1000
185,542,26,0,0,0,0,0,1000
185,543,79,2,18,18,0,1,1000
185,544,11,0,0,0,0,0,1000
185,545,63,0,0,0,0,0,1000
185,546,66,0,0,0,0,0,1000
185,547,42,4,31,35,0,1,1000
185,548,66,2,14,18,0,1,1000
185,549,41,8,65,66,2,1,1000
185,550,61,0,0,0,0,0,1000
185,551,122,0,0,0,0,0,1000
185,552,24,0,0,0,0,0,1000
186,541,6,0,0,0,0,0,1000
186,542,22,0,0,0,0,0,1000
186,543,10,1,7,7,0,1,1000
186,544,51,2,17,19,1,1,1000
186,545,26,0,0,0,0,0,1000
186,546,43,2,14,15,0,1,1000
186,547,69,9,67,74,2,1,1000
186,548,19,5,40,40,1,1,1000
186,549,29,2,17,20,0,1,1000
186,550,59,2,14,15,0,1,1000
186,551,83,0,0,0,0,0,1000
186,552,23,0,0,0,0,0,1000
187,542,8,0,0,0,0,0,1000
187,543,42,3,22,22,0,1,1000
187,544,66,0,0,0,0,0,1000
187,545,60,2,14,15,0,1,1000
187,546,92,2,14,14,0,1,1000
187,547,73,5,35,35,0,1,1000
187,548,27,1,7,7,0,1,1000
187,549,21,5,36,37,0,1,1000
187,550,50,0,0,0,0,0,1000
187,551,53,2,16,17,0,1,1000
188,542,7,0,0,0,0,0,1000
188,543,6,0,0,0,0,0,1000
188,544,34,0,0,0,0,0,1000
188,545,47,0,0,0,0,0,1000
188,546,78,0,0,0,0,0,1000
188,547,102,0,0,0,0,0,1000
188,548,52,1,7,7,0,1,1000
188,549,36,11,115,115,4,1,1000
188,550,30,0,0,0,0,0,1000
188,551,6,0,0,0,0,0,1000
188,552,4,0,0,0,0,0,1000
189,540,9,0,0,0,0,0,1000
189,541,53,0,0,0,0,0,1000
189,542,87,0,0,0,0,0,1000
189,543,44,5,35,36,0,1,1000
189,544,74,2,15,19,2,1,1000
189,545,66,0,0,0,0,0,1000
189,546,42,0,0,0,0,0,1000
189,547,49,0,0,0,0,0,1000
189,548,62,0,0,0,0,0,1000
189,549,30,0,0,0,0,0,1000
189,550,3,0,0,0,0,0,1000
189,552,7,0,0,0,0,0,1000
189,553,45,0,0,0,0,0,1000
189,554,20,0,0,0,0,0,1000
190,539,47,0,0,0,0,0,1000
190,540,48,1,7,8,1,1,1000
190,541,49,4,29,29,4,1,1000
190,542,65,2,14,15,0,1,1000
190,543,72,4,29,34,0,1,1000
190,544,79,0,0,0,0,0,1000
190,545,77,0,0,0,0,0,1000
190,546,109,0,0,0,0,0,1000
190,547,83,1,8,9,0,1,1000
190,548,57,0,0,0,0,0,1000
190,549,17,0,0,0,0,0,1000
190,550,1,0,0,0,0,0,1000
190,551,7,0,0,0,0,0,1000
190,552,23,0,0,0,0,0,1000
190,553,78,0,0,0,0,0,1000
190,554,10,0,0,0,0,0,1000
191,537,18,0,0,0,0,0,1000
191,538,38,0,0,0,0,0,1000
191,539,65,10,84,88,4,1,1000
191,540,43,3,22,31,1,1,1000
191,541,50,7,53,67,0,1,1000
191,542,70,11,93,96,3,1,1000
191,543,75,3,22,22,0,1,1000
191,544,78,0,0,0,0,0,1000
191,545,56,0,0,0,0,0,1000
191,546,101,14,153,160,8,1,1000
191,547,91,0,0,0,0,0,1000
191,548,34,0,0,0,0,0,1000
191,549,4,0,0,0,0,0,1000
191,550,50,0,0,0,0,0,1000
191,551,41,0,0,0,0,0,1000
191,552,51,0,0,0,0,0,1000
191,553,56,2,14,16,2,1,1000
191,554,16,0,0,0,0,0,1000
191,555,13,0,0,0,0,0,1000
191,557,15,0,0,0,0,0,1000
192,538,20,0,0,0,0,0,1000
192,539,8,0,0,0,0,0,1000
192,540,24,0,0,0,0,0,1000
192,541,39,3,21,22,0,1,1000
192,542,55,1,7,8,0,1,1000
192,543,28,0,0,0,0,0,1000
192,544,92,0,0,0,0,0,1000
192,545,40,5,35,38,0,1,1000
192,546,51,1,8,9,0,1,1000
192,547,45,0,0,0,0,0,1000
192,548,12,0,0,0,0,0,1000
192,549,48,0,0,0,0,0,1000
192,550,67,0,0,0,0,0,1000
192,551,49,0,0,0,0,0,1000
192,552,80,1,7,8,0,1,1000
192,553,56,1,7,8,0,1,1000
192,554,71,6,55,58,0,1,1000
192,555,70,3,24,26,0,1,1000
192,556,54,3,21,21,0,1,1000
192,557,54,7,64,66,0,1,1000
192,558,25,2,14,15,1,1,1000
192,559,40,0,0,0,0,0,1000
192,560,17,0,0,0,0,0,1000
193,538,2,0,0,0,0,0,1000
193,539,6,0,0,0,0,0,1000
193,540,31,0,0,0,0,0,1000
193,542,54,13,106,126,7,1,1000
193,543,47,3,22,22,0,1,1000
193,544,77,8,79,80,0,1,1000
193,545,53,1,7,7,1,1,1000
193,546,53,0,0,0,0,0,1000
193,547,76,0,0,0,0,0,1000
193,548,7,0,0,0,0,0,1000
193,549,60,0,0,0,0,0,1000
193,550,57,3,21,23,0,1,1000
193,551,52,1,8,8,0,1,1000
193,552,36,0,0,0,0,0,1000
193,553,52,0,0,0,0,0,1000
193,554,42,0,0,0,0,0,1000
193,555,70,0,0,0,0,0,1000
193,556,64,5,38,42,4,1,1000
193,557,37,3,30,36,0,1,1000
193,558,31,0,0,0,0,0,1000
193,559,43,0,0,0,0,0,1000
193,560,32,0,0,0,0,0,1000
193,561,3,0,0,0,0,0,1000
194,540,1,0,0,0,0,0,1000
194,541,54,0,0,0,0,0,1000
194,542,41,0,0,0,0,0,1000
194,543,6,0,0,0,0,0,1000
194,544,27,4,37,41,0,1,1000
194,545,47,2,14,16,1,1,1000
194,546,44,0,0,0,0,0,1000
194,547,12,0,0,0,0,0,1000
194,548,10,0,0,0,0,0,1000
194,549,79,0,0,0,0,0,1000
194,550,59,2,16,16,2,1,1000
194,551,30,0,0,0,0,0,1000
194,552,18,0,0,0,0,0,1000
194,553,30,0,0,0,0,0,1000
194,554,27,5,44,44,2,1,1000
194,555,19,0,0,0,0,0,1000
194,556,34,0,0,0,0,0,1000
194,557,14,0,0,0,0,0,1000
194,558,3,0,0,0,0,0,1000
194,559,11,0,0,0,0,0,1000
194,560,11,0,0,0,0,0,1000
194,561,16,0,0,0,0,0,1000
195,540,1,0,0,0,0,0,1000
195,541,14,0,0,0,0,0,1000
195,542,60,9,65,70,4,1,1000
195,543,63,0,0,0,0,0,1000
195,544,56,3,23,24,3,1,1000
195,545,66,3,28,28,0,1,1000
195,546,17,0,0,0,0,0,1000
195,547,4,0,0,0,0,0,1000
195,548,39,5,45,50,4,1,1000
195,549,95,5,37,39,3,1,1000
195,550,71,1,7,7,0,1,1000
195,551,32,0,0,0,0,0,1000
195,553,26,0,0,0,0,0,1000
195,554,53,7,67,71,6,1,1000
195,555,27,0,0,0,0,0,1000
195,562,5,0,0,0,0,0,1000
196,540,3,0,0,0,0,0,1000
196,541,33,1,8,8,0,1,1000
196,542,50,2,15,15,1,1,1000
196,543,30,0,0,0,0,0,1000
196,544,24,0,0,0,0,0,1000
196,545,46,5,57,57,2,1,1000
196,546,10,0,0,0,0,0,1000
196,547,40,0,0,0,0,0,1000
196,548,110,0,0,0,0,0,1000
196,549,41,0,0,0,0,0,1000
196,550,67,2,16,16,1,1,1000
196,551,39,1,7,7,0,1,1000
196,552,39,0,0,0,0,0,1000
196,553,7,0,0,0,0,0,1000
196,554,9,0,0,0,0,0,1000
196,555,15,0,0,0,0,0,1000
196,556,12,0,0,0,0,0,1000
197,541,6,4,32,34,0,1,1000
197,542,37,3,21,21,1,1,1000
197,543,31,0,0,0,0,0,1000
197,544,2,0,0,0,0,0,1000
197,545,11,0,0,0,0,0,1000
197,546,28,0,0,0,0,0,1000
197,547,41,0,0,0,0,0,1000
197,548,43,0,0,0,0,0,1000
197,549,47,0,0,0,0,0,1000
197,550,90,6,45,47,1,1,1000
197,551,72,5,43,52,0,1,1000
197,552,72,1,7,8,0,1,1000
197,553,56,0,0,0,0,0,1000
197,554,10,0,0,0,0,0,1000
197,556,23,0,0,0,0,0,1000
198,539,1,0,0,0,0,0,1000
198,540,11,0,0,0,0,0,1000
198,541,42,3,23,26,1,1,1000
198,542,82,4,33,59,0,1,1000
198,543,67,5,53,53,3,1,1000
198,544,33,0,0,0,0,0,1000
198,546,16,0,0,0,0,0,1000
198,548,21,0,0,0,0,0,1000
198,549,29,1,9,9,0,1,1000
198,550,33,0,0,0,0,0,1000
198,551,76,1,7,8,0,1,1000
198,552,96,7,50,54,2,1,1000
198,553,29,0,0,0,0,0,1000
198,554,9,0,0,0,0,0,1000
198,555,4,0,0,0,0,0,1000
198,556,5,0,0,0,0,0,1000
199,541,5,0,0,0,0,0,1000
199,542,63,0,0,0,0,0,1000
199,543,46,0,0,0,0,0,1000
199,544,41,0,0,0,0,0,1000
199,545,31,0,0,0,0,0,1000
199,546,12,0,0,0,0,0,1000
199,547,18,0,0,0,0,0,1000
199,548,26,3,22,22,0,1,1000
199,549,6,0,0,0,0,0,1000
199,551,103,0,0,0,0,0,1000
199,552,62,3,34,34,3,1,1000
199,553,22,4,34,38,3,1,1000
199,554,37,0,0,0,0,0,1000
199,555,5,0,0,0,0,0,1000
199,556,12,0,0,0,0,0,1000
200,541,9,0,0,0,0,0,1000
200,542,27,0,0,0,0,0,1000
200,543,41,2,15,15,0,1,1000
200,544,16,0,0,0,0,0,1000
200,545,78,3,23,24,1,1,1000
200,546,14,0,0,0,0,0,1000
200,547,21,1,7,8,1,1,1000
200,548,32,5,48,63,0,1,1000
200,549,23,0,0,0,0,0,1000
200,550,35,5,38,44,3,1,1000
200,551,81,1,7,8,1,1,1000
200,552,77,2,15,15,0,1,1000
200,553,19,0,0,0,0,0,1000
200,554,70,5,35,36,0,1,1000
200,555,5,0,0,0,0,0,1000
200,556,35,1,7,7,1,1,1000
200,557,23,0,0,0,0,0,1000
200,559,3,0,0,0,0,0,1000
200,560,32,0,0,0,0,0,1000
201,539,8,0,0,0,0,0,1000
201,540,14,0,0,0,0,0,1000
201,542,36,0,0,0,0,0,1000
201,543,46,0,0,0,0,0,1000
201,544,64,3,26,28,0,1,1000
201,545,32,1,7,7,1,1,1000
201,546,61,2,15,15,1,1,1000
201,547,23,0,0,0,0,0,1000
201,548,4,0,0,0,0,0,1000
201,549,58,1,7,7,1,1,1000
201,550,33,3,22,22,0,1,1000
201,551,77,4,33,33,0,1,1000
201,552,78,13,107,112,4,1,1000
201,553,51,0,0,0,0,0,1000
201,554,101,5,42,50,0,1,1000
201,555,74,1,7,7,0,1,1000
201,556,61,0,0,0,0,0,1000
201,557,82,1,7,7,1,1,1000
201,558,57,3,21,23,0,1,1000
201,559,76,0,0,0,0,0,1000
201,560,80,2,14,14,0,1,1000
201,561,37,0,0,0,0,0,1000
201,562,30,0,0,0,0,0,1000
202,539,2,0,0,0,0,0,1000
202,540,36,0,0,0,0,0,1000
202,541,38,0,0,0,0,0,1000
202,542,23,0,0,0,0,0,1000
202,543,80,1,7,9,0,1,1000
202,544,62,14,121,124,0,1,1000
202,545,39,3,22,24,0,1,1000
202,546,44,0,0,0,0,0,1000
202,547,44,0,0,0,0,0,1000
202,548,6,0,0,0,0,0,1000
202,549,20,0,0,0,0,0,1000
202,550,51,0,0,0,0,0,1000
202,551,57,0,0,0,0,0,1000
202,552,90,7,52,56,3,1,1000
202,553,61,2,14,14,0,1,1000
202,554,41,0,0,0,0,0,1000
202,555,37,2,14,14,0,1,1000
202,556,86,5,52,52,0,1,1000
202,557,93,9,113,121,2,1,1000
202,558,59,7,66,70,6,1,1000
202,559,75,7,65,66,2,1,1000
202,560,69,8,66,72,5,1,1000
202,561,42,1,7,9,0,1,1000
202,562,51,1,7,8,0,1,1000
202,563,6,0,0,0,0,0,1000
203,540,31,0,0,0,0,0,1000
203,541,51,0,0,0,0,0,1000
203,542,56,4,33,35,3,1,1000
203,543,43,0,0,0,0,0,1000
203,544,47,4,29,34,0,1,1000
203,545,38,0,0,0,0,0,1000
203,546,51,2,15,20,1,1,1000
203,547,38,0,0,0,0,0,1000
203,548,10,0,0,0,0,0,1000
203,549,40,0,0,0,0,0,1000
203,550,53,0,0,0,0,0,1000
203,551,78,0,0,0,0,0,1000
203,552,68,4,29,29,3,1,1000
203,553,69,21,203,213,7,1,1000
203,554,59,3,21,23,0,1,1000
203,555,48,3,22,23,0,1,1000
203,556,41,1,7,8,1,1,1000
203,557,30,1,7,7,0,1,1000
203,558,47,1,7,9,1,1,1000
203,559,66,1,7,8,0,1,1000
203,560,46,0,0,0,0,0,1000
203,561,54,5,38,44,2,1,1000
203,562,82,4,30,33,0,1,1000
203,563,41,1,7,7,1,1,1000
203,564,6,0,0,0,0,0,1000
203,565,11,0,0,0,0,0,1000
204,538,16,0,0,0,0,0,1000
204,539,21,0,0,0,0,0,1000
204,540,17,0,0,0,0,0,1000
204,541,29,0,0,0,0,0,1000
204,542,48,1,7,9,1,1,1000
204,543,47,0,0,0,0,0,1000
204,544,53,6,52,59,0,1,1000
204,545,38,2,14,16,0,1,1000
204,546,33,0,0,0,0,0,1000
204,547,24,1,7,7,0,1,1000
204,548,33,0,0,0,0,0,1000
204,549,55,0,0,0,0,0,1000
204,550,14,0,0,0,0,0,1000
204,551,31,2,14,14,2,1,1000
204,552,72,1,7,7,0,1,1000
204,553,46,4,33,35,3,1,1000
204,554,49,2,14,14,0,1,1000
204,556,24,1,7,7,0,1,1000
204,557,87,0,0,0,0,0,1000
204,558,52,0,0,0,0,0,1000
204,559,7,0,0,0,0,0,1000
204,560,24,0,0,0,0,0,1000
204,561,48,2,14,14,0,1,1000
204,562,54,0,0,0,0,0,1000
204,563,42,0,0,0,0,0,1000
204,564,64,3,21,23,1,1,1000
204,565,29,0,0,0,0,0,1000
205,537,2,0,0,0,0,0,1000
205,538,15,0,0,0,0,0,1000
205,539,51,0,0,0,0,0,1000
205,541,7,0,0,0,0,0,1000
205,542,49,0,0,0,0,0,1000
205,543,39,3,22,22,0,1,1000
205,544,55,1,7,7,0,1,1000
205,545,52,0,0,0,0,0,1000
205,546,40,0,0,0,0,0,1000
205,547,5,0,0,0,0,0,1000
205,548,36,0,0,0,0,0,1000
205,549,58,3,21,27,1,1,1000
205,551,53,3,21,23,2,1,1000
205,552,57,0,0,0,0,0,1000
205,553,24,3,23,23,0,1,1000
205,554,50,7,60,62,1,1,1000
205,555,60,0,0,0,0,0,1000
205,556,55,0,0,0,0,0,1000
205,557,61,2,16,16,0,1,1000
205,558,16,0,0,0,0,0,1000
205,559,39,0,0,0,0,0,1000
205,560,62,0,0,0,0,0,1000
205,561,67,3,22,23,2,1,1000
205,562,70,0,0,0,0,0,1000
205,563,32,0,0,0,0,0,1000
206,539,8,0,0,0,0,0,1000
206,542,13,0,0,0,0,0,1000
206,543,52,0,0,0,0,0,1000
206,544,18,0,0,0,0,0,1000
206,545,28,0,0,0,0,0,1000
206,546,6,0,0,0,0,0,1000
206,547,8,0,0,0,0,0,1000
206,548,70,2,15,18,1,1,1000
206,549,31,2,15,18,2,1,1000
206,550,49,0,0,0,0,0,1000
206,551,38,0,0,0,0,0,1000
206,552,60,4,28,29,2,1,1000
206,553,46,0,0,0,0,0,1000
206,554,62,6,42,42,0,1,1000
206,555,56,0,0,0,0,0,1000
206,556,63,2,14,15,0,1,1000
206,557,92,5,38,42,1,1,1000
206,558,80,0,0,0,0,0,1000
206,559,50,0,0,0,0,0,1000
206,560,58,0,0,0,0,0,1000
206,561,79,0,0,0,0,0,1000
206,562,80,3,21,26,0,1,1000
206,563,18,0,0,0,0,0,1000
207,540,14,0,0,0,0,0,1000
207,542,44,0,0,0,0,0,1000
207,543,35,0,0,0,0,0,1000
207,544,18,0,0,0,0,0,1000
207,545,35,8,73,83,0,1,1000
207,546,11,0,0,0,0,0,1000
207,547,13,0,0,0,0,0,1000
207,548,79,0,0,0,0,0,1000
207,549,27,0,0,0,0,0,1000
207,550,34,0,0,0,0,0,1000
207,551,74,0,0,0,0,0,1000
207,552,64,1,7,7,0,1,1000
207,553,95,10,82,85,1,1,1000
207,554,70,5,43,51,5,1,1000
207,555,53,6,42,42,1,1,1000
207,556,4,0,0,0,0,0,1000
207,557,47,0,0,0,0,0,1000
207,558,57,0,0,0,0,0,1000
207,559,3,0,0,0,0,0,1000
207,560,15,0,0,0,0,0,1000
207,561,11,0,0,0,0,0,1000
207,563,22,1,7,7,0,1,1000
208,540,22,0,0,0,0,0,1000
208,541,20,0,0,0,0,0,1000
208,542,16,0,0,0,0,0,1000
208,543,11,0,0,0,0,0,1000
208,544,32,1,7,7,1,1,1000
208,545,51,1,7,8,0,1,1000
208,546,24,1,8,8,0,1,1000
208,548,49,0,0,0,0,0,1000
208,549,45,0,0,0,0,0,1000
208,550,14,0,0,0,0,0,1000
208,553,17,0,0,0,0,0,1000
208,554,56,1,7,9,0,1,1000
208,555,68,18,142,145,5,1,1000
208,556,65,4,29,37,0,1,1000
208,557,50,1,7,7,1,1,1000
208,558,12,0,0,0,0,0,1000
209,540,17,0,0,0,0,0,1000
209,541,57,0,0,0,0,0,1000
209,542,20,0,0,0,0,0,1000
209,543,29,1,7,7,1,1,1000
209,544,36,1,7,7,0,1,1000
209,545,47,1,7,7,1,1,1000
209,546,83,4,38,41,0,1,1000
209,547,16,0,0,0,0,0,1000
209,548,7,0,0,0,0,0,1000
209,549,42,0,0,0,0,0,1000
209,550,2,0,0,0,0,0,1000
209,555,32,1,7,7,0,1,1000
209,556,47,0,0,0,0,0,1000
209,557,28,0,0,0,0,0,1000
209,559,10,0,0,0,0,0,1000
210,540,7,0,0,0,0,0,1000
210,541,22,0,0,0,0,0,1000
210,542,85,0,0,0,0,0,1000
210,543,46,5,37,38,1,1,1000
210,544,57,0,0,0,0,0,1000
210,545,62,0,0,0,0,0,1000
210,546,26,0,0,0,0,0,1000
210,547,48,0,0,0,0,0,1000
210,548,36,3,27,29,1,1,1000
210,549,31,0,0,0,0,0,1000
210,550,2,0,0,0,0,0,1000
210,557,2,0,0,0,0,0,1000
211,541,27,0,0,0,0,0,1000
211,542,79,0,0,0,0,0,1000
211,543,75,0,0,0,0,0,1000
211,544,47,0,0,0,0,0,1000
211,545,47,1,7,7,1,1,1000
211,546,14,0,0,0,0,0,1000
211,547,74,0,0,0,0,0,1000
211,548,56,8,59,63,2,1,1000
211,549,65,7,52,55,1,1,1000
211,550,58,1,7,7,0,1,1000
211,551,2,0,0,0,0,0,1000
212,541,19,0,0,0,0,0,1000
212,542,58,0,0,0,0,0,1000
212,543,44,4,29,31,2,1,1000
212,544,80,3,21,22,3,1,1000
212,545,33,0,0,0,0,0,1000
212,546,18,0,0,0,0,0,1000
212,547,58,0,0,0,0,0,1000
212,548,64,4,30,32,0,1,1000
212,549,55,5,39,46,0,1,1000
212,550,68,3,21,21,0,1,1000
212,551,12,0,0,0,0,0,1000
213,542,6,0,0,0,0,0,1000
213,543,83,0,0,0,0,0,1000
213,544,56,3,22,22,1,1,1000
213,547,6,0,0,0,0,0,1000
213,548,17,0,0,0,0,0,1000
213,549,52,0,0,0,0,0,1000
213,550,52,0,0,0,0,0,1000
213,551,36,0,0,0,0,0,1000
213,552,3,0,0,0,0,0,1000
214,544,3,0,0,0,0,0,1000
214,549,20,0,0,0,0,0,1000
214,550,69,0,0,0,0,0,1000
214,551,52,0,0,0,0,0,1000
214,552,14,0,0,0,0,0,1000
215,549,24,0,0,0,0,0,1000
215,550,41,0,0,0,0,0,1000
215,551,75,0,0,0,0,0,1000
215,552,67,0,0,0,0,0,1000
216,549,1,0,0,0,0,0,1000
216,551,8,0,0,0,0,0,1000
