,사고건수,사상자수,사고당_사상자수,사망중상_비율
횡단보도수_0m,0.0484796754446472,0.03777294576028143,0.0030168178016196402,-0.021252089973264898
횡단보도수_50m,0.024358113792211845,0.01469664239559443,0.0005421928114822634,0.026442543049414957
횡단보도수_100m,-0.0057178371525958,-0.013173607878936674,-0.00406978546230544,0.027258865936962248
교차로수,0.030785565228977206,0.019025881464850836,-0.00730589342089194,-0.02929633477574133
보행등없음_비율,-0.02533711911518862,-0.056940784548572584,-0.04879611238053635,0.02489093346475115
최근접횡단보도_m,0.019268838015051706,0.029081132054814364,0.03559886315633394,-0.004446601068240008
지형경사_평균_pct,-0.08309759684670322,-0.05928400002304732,-0.010897273132008901,-0.050748840948970024
지형경사_p90_pct,-0.05439815251079426,-0.024715105153021808,-0.005066220085091424,-0.046162938221998004
지형경사_5pct초과비율,-0.06551279062289558,-0.03398012833135946,0.009660733002467307,-0.06363277780174124
