univ_id,univ_name,old_count,osm_id,name,lat,lon,boundary_distance_m,nearest_old_gate_m,foot,access,barrier,entrance,source_url,status,tags
17384594,KAIST 서울캠퍼스,1,1157443415,이름 없는 경계 후보,37.5917615,127.0461129,2.3,376.7,yes,,gate,,https://www.openstreetmap.org/node/1157443415,경계근접_보행연결미검증,"{""barrier"": ""gate"", ""bicycle"": ""yes"", ""foot"": ""yes"", ""motorcar"": ""yes""}"
9108449,서울과학기술대학교,1,5549312536,협동문,37.636355,127.0755586,13.0,688.4,yes,,gate,,https://www.openstreetmap.org/node/5549312536,경계근접_보행연결미검증,"{""barrier"": ""gate"", ""bicycle"": ""no"", ""foot"": ""yes"", ""horse"": ""no"", ""motor_vehicle"": ""no"", ""name"": ""협동문""}"
9108449,서울과학기술대학교,1,5549312537,정문,37.6301639,127.0766463,0.0,9.4,yes,,gate,,https://www.openstreetmap.org/node/5549312537,경계근접_보행연결미검증,"{""barrier"": ""gate"", ""bicycle"": ""yes"", ""description"": ""No.13"", ""foot"": ""yes"", ""horse"": ""no"", ""motor_vehicle"": ""yes"", ""name"": ""정문"", ""name:en"": ""Main Gate"", ""name:ko"": ""정문"", ""university"": ""seoultech""}"
9108449,서울과학기술대학교,1,5549312538,창의문,37.6314871,127.0828506,0.0,558.8,yes,,gate,,https://www.openstreetmap.org/node/5549312538,경계근접_보행연결미검증,"{""barrier"": ""gate"", ""bicycle"": ""yes"", ""description"": ""No.61"", ""foot"": ""yes"", ""horse"": ""no"", ""motor_vehicle"": ""yes"", ""name"": ""창의문"", ""name:en"": ""Changeui Gate"", ""name:ko"": ""창의문""}"
9108449,서울과학기술대학교,1,5549312608,이름 없는 경계 후보,37.629739,127.0820016,0.3,469.0,yes,,gate,,https://www.openstreetmap.org/node/5549312608,경계근접_보행연결미검증,"{""barrier"": ""gate"", ""bicycle"": ""no"", ""foot"": ""yes"", ""horse"": ""no"", ""motor_vehicle"": ""no""}"
11244281,한국외국어대학교 서울캠퍼스,1,13523245589,정문,37.5965328,127.0600646,11.6,4.4,,,,yes,https://www.openstreetmap.org/node/13523245589,경계근접_보행연결미검증,"{""entrance"": ""yes"", ""name"": ""정문""}"
8138835,감리교신학대학교,0,4635672114,이름 없는 경계 후보,37.5677071,126.9634311,6.8,,,,gate,,https://www.openstreetmap.org/node/4635672114,경계근접_보행연결미검증,"{""barrier"": ""gate""}"
8138835,감리교신학대학교,0,4635672140,이름 없는 경계 후보,37.567364,126.9606245,0.4,,,,gate,,https://www.openstreetmap.org/node/4635672140,경계근접_보행연결미검증,"{""barrier"": ""gate""}"
11219441,한국체육대학교,0,4648731583,한체대 정문,37.5177329,127.1315594,6.7,,yes,,gate,,https://www.openstreetmap.org/node/4648731583,경계근접_보행연결미검증,"{""barrier"": ""gate"", ""bicycle"": ""yes"", ""foot"": ""yes"", ""horse"": ""yes"", ""motor_vehicle"": ""yes"", ""name"": ""한체대 정문""}"
11219441,한국체육대학교,0,4648731584,한체대 후문,37.5210963,127.1319403,2.2,,,,gate,,https://www.openstreetmap.org/node/4648731584,경계근접_보행연결미검증,"{""barrier"": ""gate"", ""name"": ""한체대 후문""}"
