univ_id,query,results,truncated
17384594,KAIST 서울캠퍼스 정문,0,False
17384594,KAIST 서울캠퍼스 후문,0,False
17384594,KAIST 서울캠퍼스 동문,0,False
17384594,KAIST 서울캠퍼스 서문,8,False
17384594,KAIST 서울캠퍼스 남문,1,False
17384594,KAIST 서울캠퍼스 북문,0,False
17384594,KAIST 서울캠퍼스 중문,1,False
17384594,KAIST 서울캠퍼스 출입구,45,False
17384594,KAIST 서울캠퍼스 입구,1,False
17384594,KAIST 서울캠퍼스 쪽문,1,False
17384594,KAIST 정문,0,False
17384594,KAIST 후문,39,False
17384594,KAIST 동문,0,False
17384594,KAIST 서문,8,False
17384594,KAIST 남문,1,False
17384594,KAIST 북문,0,False
17384594,KAIST 중문,1,False
17384594,KAIST 출입구,45,False
17384594,KAIST 입구,39,False
17384594,KAIST 쪽문,0,False
17384594,카이스트 서울캠퍼스 정문,0,False
17384594,카이스트 서울캠퍼스 후문,0,False
17384594,카이스트 서울캠퍼스 동문,0,False
17384594,카이스트 서울캠퍼스 서문,8,False
17384594,카이스트 서울캠퍼스 남문,1,False
17384594,카이스트 서울캠퍼스 북문,0,False
17384594,카이스트 서울캠퍼스 중문,1,False
17384594,카이스트 서울캠퍼스 출입구,45,False
17384594,카이스트 서울캠퍼스 입구,1,False
17384594,카이스트 서울캠퍼스 쪽문,1,False
17384594,한국과학기술원 서울캠퍼스 정문,0,False
17384594,한국과학기술원 서울캠퍼스 후문,0,False
17384594,한국과학기술원 서울캠퍼스 동문,0,False
17384594,한국과학기술원 서울캠퍼스 서문,8,False
17384594,한국과학기술원 서울캠퍼스 남문,1,False
17384594,한국과학기술원 서울캠퍼스 북문,0,False
17384594,한국과학기술원 서울캠퍼스 중문,1,False
17384594,한국과학기술원 서울캠퍼스 출입구,45,False
17384594,한국과학기술원 서울캠퍼스 입구,1,False
17384594,한국과학기술원 서울캠퍼스 쪽문,1,False
17384594,고등과학원 정문,1,False
17384594,고등과학원 후문,1,False
17384594,고등과학원 동문,0,False
17384594,고등과학원 서문,10,False
17384594,고등과학원 남문,3,False
17384594,고등과학원 북문,0,False
17384594,고등과학원 중문,0,False
17384594,고등과학원 출입구,45,False
17384594,고등과학원 입구,1,False
17384594,고등과학원 쪽문,0,False
10148561,광운대학교 정문,45,False
10148561,광운대학교 후문,6,False
10148561,광운대학교 동문,0,False
10148561,광운대학교 서문,4,False
10148561,광운대학교 남문,1,False
10148561,광운대학교 북문,0,False
10148561,광운대학교 중문,0,False
10148561,광운대학교 출입구,45,False
10148561,광운대학교 입구,45,False
10148561,광운대학교 쪽문,1,False
8262964,덕성여자대학교 정문,45,False
8262964,덕성여자대학교 후문,1,False
8262964,덕성여자대학교 동문,0,False
8262964,덕성여자대학교 서문,0,False
8262964,덕성여자대학교 남문,0,False
8262964,덕성여자대학교 북문,0,False
8262964,덕성여자대학교 중문,0,False
8262964,덕성여자대학교 출입구,25,False
8262964,덕성여자대학교 입구,45,False
8262964,덕성여자대학교 쪽문,0,False
8262964,덕성여대 정문,45,False
8262964,덕성여대 후문,1,False
8262964,덕성여대 동문,0,False
8262964,덕성여대 서문,0,False
8262964,덕성여대 남문,0,False
8262964,덕성여대 북문,0,False
8262964,덕성여대 중문,0,False
8262964,덕성여대 출입구,25,False
8262964,덕성여대 입구,45,False
8262964,덕성여대 쪽문,0,False
11333604,명지대학교 인문캠퍼스 정문,17,False
11333604,명지대학교 인문캠퍼스 후문,17,False
11333604,명지대학교 인문캠퍼스 동문,0,False
11333604,명지대학교 인문캠퍼스 서문,11,False
11333604,명지대학교 인문캠퍼스 남문,1,False
11333604,명지대학교 인문캠퍼스 북문,0,False
11333604,명지대학교 인문캠퍼스 중문,0,False
11333604,명지대학교 인문캠퍼스 출입구,45,False
11333604,명지대학교 인문캠퍼스 입구,17,False
11333604,명지대학교 인문캠퍼스 쪽문,0,False
11333604,명지대학교 정문,45,False
11333604,명지대학교 후문,2,False
11333604,명지대학교 동문,0,False
11333604,명지대학교 서문,11,False
11333604,명지대학교 남문,1,False
11333604,명지대학교 북문,0,False
11333604,명지대학교 중문,0,False
11333604,명지대학교 출입구,45,False
11333604,명지대학교 입구,4,False
11333604,명지대학교 쪽문,0,False
8356870,상명대학교 서울캠퍼스 정문,13,False
8356870,상명대학교 서울캠퍼스 후문,1,False
8356870,상명대학교 서울캠퍼스 동문,0,False
8356870,상명대학교 서울캠퍼스 서문,2,False
8356870,상명대학교 서울캠퍼스 남문,0,False
8356870,상명대학교 서울캠퍼스 북문,0,False
8356870,상명대학교 서울캠퍼스 중문,0,False
8356870,상명대학교 서울캠퍼스 출입구,45,False
8356870,상명대학교 서울캠퍼스 입구,13,False
8356870,상명대학교 서울캠퍼스 쪽문,0,False
8356870,상명대학교 정문,45,False
8356870,상명대학교 후문,45,False
8356870,상명대학교 동문,0,False
8356870,상명대학교 서문,2,False
8356870,상명대학교 남문,0,False
8356870,상명대학교 북문,0,False
8356870,상명대학교 중문,0,False
8356870,상명대학교 출입구,45,False
8356870,상명대학교 입구,45,False
8356870,상명대학교 쪽문,0,False
7946584,서경대학교 정문,45,False
7946584,서경대학교 후문,45,False
7946584,서경대학교 동문,0,False
7946584,서경대학교 서문,5,False
7946584,서경대학교 남문,0,False
7946584,서경대학교 북문,0,False
7946584,서경대학교 중문,0,False
7946584,서경대학교 출입구,45,False
7946584,서경대학교 입구,45,False
7946584,서경대학교 쪽문,0,False
9108449,서울과학기술대학교 정문,1,False
9108449,서울과학기술대학교 후문,1,False
9108449,서울과학기술대학교 동문,0,False
9108449,서울과학기술대학교 서문,1,False
9108449,서울과학기술대학교 남문,0,False
9108449,서울과학기술대학교 북문,0,False
9108449,서울과학기술대학교 중문,0,False
9108449,서울과학기술대학교 출입구,45,False
9108449,서울과학기술대학교 입구,45,False
9108449,서울과학기술대학교 쪽문,0,False
9108449,서울과기대 정문,45,False
9108449,서울과기대 후문,45,False
9108449,서울과기대 동문,0,False
9108449,서울과기대 서문,1,False
9108449,서울과기대 남문,0,False
9108449,서울과기대 북문,0,False
9108449,서울과기대 중문,0,False
9108449,서울과기대 출입구,45,False
9108449,서울과기대 입구,45,False
9108449,서울과기대 쪽문,0,False
9108449,서울과학기술대학교 창의문,1,False
9108449,서울과학기술대학교 협동문,1,False
9879420,서울여자대학교 서울캠퍼스 정문,0,False
9879420,서울여자대학교 서울캠퍼스 후문,1,False
9879420,서울여자대학교 서울캠퍼스 동문,0,False
9879420,서울여자대학교 서울캠퍼스 서문,1,False
9879420,서울여자대학교 서울캠퍼스 남문,0,False
9879420,서울여자대학교 서울캠퍼스 북문,0,False
9879420,서울여자대학교 서울캠퍼스 중문,0,False
9879420,서울여자대학교 서울캠퍼스 출입구,1,False
9879420,서울여자대학교 서울캠퍼스 입구,1,False
9879420,서울여자대학교 서울캠퍼스 쪽문,0,False
9879420,서울여자대학교 정문,45,False
9879420,서울여자대학교 후문,45,False
9879420,서울여자대학교 동문,0,False
9879420,서울여자대학교 서문,0,False
9879420,서울여자대학교 남문,0,False
9879420,서울여자대학교 북문,0,False
9879420,서울여자대학교 중문,0,False
9879420,서울여자대학교 출입구,35,False
9879420,서울여자대학교 입구,2,False
9879420,서울여자대학교 쪽문,0,False
9879420,서울여대 정문,45,False
9879420,서울여대 후문,45,False
9879420,서울여대 동문,0,False
9879420,서울여대 서문,0,False
9879420,서울여대 남문,0,False
9879420,서울여대 북문,0,False
9879420,서울여대 중문,0,False
9879420,서울여대 출입구,35,False
9879420,서울여대 입구,3,False
9879420,서울여대 쪽문,0,False
7949668,세종대학교 정문,1,False
7949668,세종대학교 후문,45,False
7949668,세종대학교 동문,0,False
7949668,세종대학교 서문,5,False
7949668,세종대학교 남문,5,False
7949668,세종대학교 북문,0,False
7949668,세종대학교 중문,0,False
7949668,세종대학교 출입구,45,False
7949668,세종대학교 입구,45,False
7949668,세종대학교 쪽문,0,False
7813439,숙명여자대학교 정문,4,False
7813439,숙명여자대학교 후문,45,False
7813439,숙명여자대학교 동문,1,False
7813439,숙명여자대학교 서문,3,False
7813439,숙명여자대학교 남문,14,False
7813439,숙명여자대학교 북문,0,False
7813439,숙명여자대학교 중문,0,False
7813439,숙명여자대학교 출입구,45,False
7813439,숙명여자대학교 입구,35,False
7813439,숙명여자대학교 쪽문,0,False
7813439,숙명여대 정문,4,False
7813439,숙명여대 후문,45,False
7813439,숙명여대 동문,1,False
7813439,숙명여대 서문,3,False
7813439,숙명여대 남문,14,False
7813439,숙명여대 북문,0,False
7813439,숙명여대 중문,0,False
7813439,숙명여대 출입구,45,False
7813439,숙명여대 입구,35,False
7813439,숙명여대 쪽문,0,False
11244281,한국외국어대학교 서울캠퍼스 정문,0,False
11244281,한국외국어대학교 서울캠퍼스 후문,0,False
11244281,한국외국어대학교 서울캠퍼스 동문,0,False
11244281,한국외국어대학교 서울캠퍼스 서문,4,False
11244281,한국외국어대학교 서울캠퍼스 남문,1,False
11244281,한국외국어대학교 서울캠퍼스 북문,0,False
11244281,한국외국어대학교 서울캠퍼스 중문,0,False
11244281,한국외국어대학교 서울캠퍼스 출입구,45,False
11244281,한국외국어대학교 서울캠퍼스 입구,0,False
11244281,한국외국어대학교 서울캠퍼스 쪽문,1,False
11244281,한국외국어대학교 정문,2,False
11244281,한국외국어대학교 후문,45,False
11244281,한국외국어대학교 동문,1,False
11244281,한국외국어대학교 서문,4,False
11244281,한국외국어대학교 남문,1,False
11244281,한국외국어대학교 북문,0,False
11244281,한국외국어대학교 중문,0,False
11244281,한국외국어대학교 출입구,45,False
11244281,한국외국어대학교 입구,45,False
11244281,한국외국어대학교 쪽문,1,False
11244281,한국외대 정문,2,False
11244281,한국외대 후문,45,False
11244281,한국외대 동문,1,False
11244281,한국외대 서문,4,False
11244281,한국외대 남문,1,False
11244281,한국외대 북문,0,False
11244281,한국외대 중문,0,False
11244281,한국외대 출입구,45,False
11244281,한국외대 입구,45,False
11244281,한국외대 쪽문,1,False
11244281,외대 서울캠퍼스 정문,3,False
11244281,외대 서울캠퍼스 후문,1,False
11244281,외대 서울캠퍼스 동문,0,False
11244281,외대 서울캠퍼스 서문,0,False
11244281,외대 서울캠퍼스 남문,0,False
11244281,외대 서울캠퍼스 북문,0,False
11244281,외대 서울캠퍼스 중문,1,False
11244281,외대 서울캠퍼스 출입구,4,False
11244281,외대 서울캠퍼스 입구,4,False
11244281,외대 서울캠퍼스 쪽문,0,False
11272875,한성대학교 정문,45,False
11272875,한성대학교 후문,45,False
11272875,한성대학교 동문,0,False
11272875,한성대학교 서문,22,False
11272875,한성대학교 남문,2,False
11272875,한성대학교 북문,0,False
11272875,한성대학교 중문,0,False
11272875,한성대학교 출입구,45,False
11272875,한성대학교 입구,34,False
11272875,한성대학교 쪽문,0,False
