학교,node,유형,지원수준,지원점수_최대,횡단보도수,횡단단수_최대,이단_수,보행등없음_수,음향_수,불일치_수,위험,인프라,부족,위험미확인,A점수,차도_엣지수,교차로관리번호,x,y,lon,lat
숭실대,11413637475,횡단보도 있음,보행등+음향,0,4,1,0,0.0,4.0,0.0,23,23,1.0,False,1.0,2,7991,195598.0164924969,544193.7802897369,126.95022,37.497193300000006
숭실대,11413637545,횡단보도 있음,보행등 없음,2,2,2,2,1.0,2.0,1.0,0,39,,True,,2,1842,195696.1667933408,543567.1076205749,126.95133360000001,37.4915474
숭실대,11413637586,횡단보도 있음,보행등만,1,3,2,2,0.0,2.0,0.0,0,30,,True,,2,1244,196161.1131078095,543464.7056971042,126.95659160000001,37.4906268
숭실대,11413637898,횡단보도 있음,보행등+음향,0,3,2,2,0.0,3.0,0.0,0,39,,True,,0,1843,195507.86148674123,543649.5815977047,126.9492038,37.49228960000001
숭실대,13149390530,횡단보도 있음,보행등 없음,2,3,2,3,1.0,2.0,0.0,23,34,0.0,False,2.0,0,1666,196169.53776731814,543995.5745339585,126.9566841,37.49540999999999
숭실대,13149390531,횡단보도 있음,보행등 없음,2,3,2,3,1.0,2.0,0.0,0,27,,True,,0,1667,196368.00447528597,543957.9830707364,126.9589286,37.4950721
숭실대,13316391021,횡단보도 있음,보행등 없음,2,3,2,2,1.0,2.0,0.0,23,30,0.0,False,2.0,4,640,195960.75151341953,544011.8662328499,126.95432300000002,37.49555590000001
숭실대,13319101346,횡단보도 있음,보행등+음향,0,1,2,1,0.0,1.0,0.0,0,36,,True,,0,6995,195850.74457780784,543428.1179347909,126.9530823,37.4902958
숭실대,13322228135,횡단보도 있음,보행등 없음,2,4,2,1,4.0,0.0,0.0,0,22,,True,,2,4632,196479.470406807,543828.5243859501,126.96018970000002,37.493906100000004
숭실대,13324709490,횡단보도 있음,보행등 없음,2,2,2,1,1.0,1.0,0.0,0,31,,True,,2,7131,195969.44792960412,543434.9852029134,126.95442449999999,37.4903582
숭실대,1872054412,횡단보도 있음,보행등+음향,0,2,2,2,0.0,2.0,0.0,0,23,,True,,2,1245,196032.41522572417,543454.1001954423,126.95513640000001,37.4905307
숭실대,1872054413,횡단보도 있음,보행등+음향,0,2,2,2,0.0,2.0,0.0,0,41,,True,,3,1839,195889.10045050242,543393.8816496575,126.9535162,37.489987500000005
숭실대,2824550264,횡단보도 있음,보행등 없음,2,3,2,1,2.0,2.0,2.0,23,26,1.0,False,3.0,3,1663,195713.8358578144,544373.6187332286,126.95152869999998,37.49881420000001
숭실대,2824550308,횡단보도 있음,보행등만,1,4,2,3,0.0,2.0,0.0,23,27,1.0,False,2.0,4,1664,195809.26777418074,544236.3679541269,126.95260870000001,37.497578000000004
숭실대,2824550315,횡단보도 있음,보행등+음향,0,1,2,1,0.0,1.0,0.0,23,27,0.0,False,0.0,2,8634,195898.7606325783,544458.58603483,126.95361950000002,37.4995806
숭실대,2824550318,횡단보도 있음,보행등 없음,2,3,2,3,1.0,2.0,0.0,23,30,0.0,False,2.0,2,6094,195899.26415096933,544637.0086172346,126.9536242,37.5011882
숭실대,2824759203,횡단보도 있음,보행등+음향,0,1,1,0,0.0,1.0,0.0,0,25,,True,,3,7723,196489.0511352667,544612.3994305275,126.9602943,37.5009689
숭실대,2824759213,횡단보도 있음,보행등+음향,0,2,1,0,0.0,2.0,0.0,0,23,,True,,3,8594,196415.66482907333,543619.8406894128,126.9594692,37.4920256
숭실대,2824759222,횡단보도 있음,보행등+음향,0,2,2,1,0.0,2.0,0.0,0,20,,True,,3,8364,196505.80606986917,544461.4610641884,126.9604845,37.49960899999999
숭실대,2824759281,횡단보도 있음,보행등 없음,2,3,2,2,1.0,2.0,0.0,0,23,,True,,4,1668,196538.105792933,543924.4924126132,126.9608523,37.49477100000001
숭실대,2824759300,횡단보도 있음,보행등+음향,0,4,2,2,0.0,4.0,0.0,0,23,,True,,3,4629,196463.553340179,544413.1995432161,126.9600069,37.49917399999999
숭실대,2825706542,횡단보도 있음,보행등 없음,2,4,2,1,3.0,2.0,1.0,23,26,1.0,False,3.0,2,7140,195860.6973572707,544271.2587382605,126.9531901,37.4978926
숭실대,2825706556,횡단보도 있음,보행등만,1,2,2,2,0.0,1.0,0.0,23,27,1.0,False,2.0,2,5407,195871.84298914822,544314.3938642439,126.9533159,37.49828130000001
숭실대,2825711987,횡단보도 있음,보행등 없음,2,3,2,1,3.0,0.0,0.0,0,28,,True,,3,4630,196400.4651885806,544279.5870970178,126.9592941,37.4979699
숭실대,969906543,횡단보도 있음,보행등 없음,2,2,2,1,1.0,0.0,0.0,0,31,,True,,2,1665,196157.03851445034,543661.3319847432,126.9565445,37.4923984
숭실대,436821653,횡단보도 없는 교차로,횡단보도 없음,3,0,1,0,,,,0,32,,True,,3,,196158.11157218518,543706.1591102276,126.9565564,37.4928023
숭실대,8482789908,횡단보도 없는 교차로,횡단보도 없음,3,0,1,0,,,,0,11,,True,,3,,196751.31077608222,543665.8180034553,126.96326440000001,37.4924411
숭실대,2824550259,횡단보도 없는 교차로,횡단보도 없음,3,0,1,0,,,,23,28,0.0,False,3.0,3,,195665.6978320596,544444.5421976331,126.9509839,37.499453
숭실대,2824550288,횡단보도 없는 교차로,횡단보도 없음,3,0,1,0,,,,23,27,0.0,False,3.0,4,,195875.86442130126,544060.4646682473,126.95336279999998,37.49599340000001
숭실대,2825724226,횡단보도 없는 교차로,횡단보도 없음,3,0,1,0,,,,23,32,0.0,False,3.0,4,,195955.68990534908,543932.124544233,126.9542662,37.4948374
숭실대,2824759097,횡단보도 없는 교차로,횡단보도 없음,3,0,1,0,,,,0,24,,True,,3,,196428.1589933581,543595.3072117568,126.95961060000002,37.4918046
숭실대,2824759209,횡단보도 없는 교차로,횡단보도 없음,3,0,1,0,,,,0,24,,True,,3,,196386.70187759167,543557.489665528,126.95914200000001,37.491463700000004
숭실대,2825728925,횡단보도 없는 교차로,횡단보도 없음,3,0,1,0,,,,0,25,,True,,3,,196208.90437264106,543503.9176644573,126.9571318,37.490980300000004
숭실대,2825711094,횡단보도 없는 교차로,횡단보도 없음,3,0,1,0,,,,23,29,0.0,False,3.0,3,,195901.6168731505,544189.3855564379,126.9536533,37.4971551
숭실대,2825711047,횡단보도 없는 교차로,횡단보도 없음,3,0,1,0,,,,23,31,0.0,False,3.0,3,,195921.43401338588,544189.8752637213,126.9538774,37.49715960000002
숭실대,2825711413,횡단보도 없는 교차로,횡단보도 없음,3,0,1,0,,,,23,33,0.0,False,3.0,3,,195977.32906992562,544188.2165527578,126.9545095,37.49714490000001
숭실대,2825711406,횡단보도 없는 교차로,횡단보도 없음,3,0,1,0,,,,23,27,0.0,False,3.0,3,,195841.79379305252,544187.4285604559,126.95297680000002,37.49713719999999
숭실대,2825711424,횡단보도 없는 교차로,횡단보도 없음,3,0,1,0,,,,0,30,,True,,3,,196384.1319821231,544217.1861745425,126.95910969999998,37.49740760000001
숭실대,8537501420,횡단보도 없는 교차로,횡단보도 없음,3,0,1,0,,,,8,36,0.0,False,3.0,3,,196256.53378081578,543282.4994862543,126.9576715,37.4889855
숭실대,4619539868,횡단보도 없는 교차로,횡단보도 없음,3,0,1,0,,,,0,15,,True,,4,,196679.20523839633,543387.2582502988,126.9624503,37.489931
숭실대,4619539869,횡단보도 없는 교차로,횡단보도 없음,3,0,1,0,,,,0,11,,True,,3,,196722.35043875308,543356.2203232271,126.9629383,37.48965150000001
숭실대,4619539870,횡단보도 없는 교차로,횡단보도 없음,3,0,1,0,,,,0,10,,True,,4,,196779.97525187075,543376.0644857007,126.9635898,37.489830500000004
숭실대,8482835723,횡단보도 없는 교차로,횡단보도 없음,3,0,1,0,,,,0,12,,True,,4,,196718.97888769675,543642.6677142744,126.9628989,37.492232400000006
숭실대,10792799832,횡단보도 없는 교차로,횡단보도 없음,3,0,1,0,,,,8,35,0.0,False,3.0,3,,196241.847751929,543310.0641402792,126.9575053,37.4892338
중앙대,10107993115,횡단보도 있음,보행등 없음,2,2,2,1,1.0,0.0,0.0,57,58,1.0,False,3.0,3,6262,196610.32391560962,545260.7026978806,126.9616628,37.50681060000001
중앙대,12056766167,횡단보도 있음,보행등 없음,2,2,2,2,2.0,0.0,0.0,0,51,,True,,2,8261,195583.97590602058,545663.5905663737,126.9500524,37.51043630000001
중앙대,12056780871,횡단보도 있음,보행등 없음,2,2,2,1,2.0,0.0,0.0,0,41,,True,,2,8265,195670.20441348376,545610.9816711084,126.95102799999998,37.509962699999996
중앙대,12864823352,횡단보도 있음,보행등 없음,2,5,2,1,2.0,3.0,1.0,57,45,1.0,False,3.0,3,7129,196541.59643058034,544918.8461270666,126.96088709999998,37.50373019999999
중앙대,13392265479,횡단보도 있음,보행등 없음,2,4,2,2,2.0,2.0,0.0,57,41,1.0,False,3.0,2,449,196743.1928501423,545564.7102000766,126.96316420000001,37.5095502
중앙대,13675095844,횡단보도 있음,보행등 없음,2,3,2,3,2.0,1.0,0.0,57,45,1.0,False,3.0,4,1590,196811.2188128655,545472.6421380838,126.963934,37.50872090000001
중앙대,13816446695,횡단보도 있음,보행등 없음,2,1,2,1,1.0,0.0,0.0,0,31,,True,,3,1670,196524.40229258226,544821.9948268455,126.9606931,37.502857500000005
중앙대,2288832804,횡단보도 있음,보행등만,1,3,2,3,0.0,0.0,0.0,57,55,1.0,False,2.0,3,6261,196624.8428813523,545328.1215168792,126.96182669999999,37.50741810000001
중앙대,2824550220,횡단보도 있음,보행등 없음,2,2,2,1,1.0,0.0,0.0,7,43,0.0,False,2.0,3,7833,195738.26558512848,545318.1066978088,126.95179950000002,37.5073242
중앙대,2824550315,횡단보도 있음,보행등+음향,0,1,2,1,0.0,1.0,0.0,23,27,0.0,False,0.0,2,8634,195898.7606325783,544458.58603483,126.95361950000002,37.4995806
중앙대,2824550318,횡단보도 있음,보행등 없음,2,3,2,3,1.0,2.0,0.0,23,30,0.0,False,2.0,2,6094,195899.26415096933,544637.0086172346,126.9536242,37.5011882
중앙대,2824550328,횡단보도 있음,보행등+음향,0,3,2,2,0.0,3.0,0.0,0,30,,True,,3,5958,195897.84581875845,545060.3031371689,126.9536058,37.5050021
중앙대,2824759203,횡단보도 있음,보행등+음향,0,1,1,0,0.0,1.0,0.0,0,25,,True,,3,7723,196489.0511352667,544612.3994305275,126.9602943,37.5009689
중앙대,2824759222,횡단보도 있음,보행등+음향,0,2,2,1,0.0,2.0,0.0,0,20,,True,,3,8364,196505.80606986917,544461.4610641884,126.9604845,37.49960899999999
중앙대,2824759300,횡단보도 있음,보행등+음향,0,4,2,2,0.0,4.0,0.0,0,23,,True,,3,4629,196463.553340179,544413.1995432161,126.9600069,37.49917399999999
중앙대,2825706556,횡단보도 있음,보행등만,1,2,2,2,0.0,1.0,0.0,23,27,1.0,False,2.0,2,5407,195871.84298914822,544314.3938642439,126.9533159,37.49828130000001
중앙대,2825711099,횡단보도 있음,보행등 없음,2,4,2,1,3.0,2.0,1.0,23,26,1.0,False,3.0,3,7140,195873.34215080162,544288.2778705093,126.95333300000001,37.498046
중앙대,2825711987,횡단보도 있음,보행등 없음,2,3,2,1,3.0,0.0,0.0,0,28,,True,,2,4630,196400.4651885806,544279.5870970178,126.9592941,37.4979699
중앙대,2829530328,횡단보도 있음,보행등 없음,2,3,2,1,3.0,0.0,0.0,7,41,0.0,False,2.0,4,4635,195714.0650885982,545402.3584300082,126.95152530000001,37.508083199999994
중앙대,2829530643,횡단보도 있음,보행등+음향,0,4,2,1,0.0,4.0,0.0,57,39,1.0,False,1.0,3,8012,196466.86082486087,545580.1613997892,126.9600387,37.5096884
중앙대,2829530656,횡단보도 있음,보행등+음향,0,4,2,3,0.0,4.0,0.0,57,45,1.0,False,1.0,4,7993,196612.34570103098,545492.2655885002,126.9616846,37.508897
중앙대,2890319153,횡단보도 있음,보행등 없음,2,3,2,2,2.0,0.0,0.0,57,47,1.0,False,3.0,2,6375,196327.79873879484,545269.5239890474,126.9584674,37.506889
중앙대,3119042915,횡단보도 있음,보행등 없음,2,2,2,1,2.0,0.0,0.0,7,45,0.0,False,2.0,2,8307,195646.43175519793,545529.9289836226,126.9507596,37.5092323
중앙대,3119042928,횡단보도 있음,보행등 없음,2,6,2,5,1.0,0.0,0.0,57,53,1.0,False,3.0,3,4506,196553.08005269294,545361.5802835223,126.96101489999998,37.5077193
중앙대,3888649136,횡단보도 있음,보행등 없음,2,2,2,1,1.0,0.0,0.0,57,34,1.0,False,3.0,3,6585,197046.2442404846,545199.2716041423,126.9665933,37.5062586
중앙대,3888649139,횡단보도 있음,보행등 없음,2,2,2,1,1.0,1.0,0.0,57,33,1.0,False,3.0,3,6263,197017.12243559078,545133.954945837,126.9662642,37.50567
중앙대,436821679,횡단보도 있음,보행등+음향,0,1,2,1,0.0,1.0,0.0,7,59,0.0,False,0.0,3,1686,195536.50542297633,544968.6583383988,126.94951970000001,37.50417470000001
중앙대,436883217,횡단보도 있음,보행등 없음,2,3,2,1,2.0,1.0,0.0,7,53,0.0,False,2.0,3,1659,195635.3676349913,545034.5433692138,126.9506374,37.504768799999994
중앙대,436883256,횡단보도 있음,보행등 없음,2,1,2,1,1.0,0.0,0.0,57,46,1.0,False,3.0,2,8306,196572.18372561302,545418.4311400228,126.9612307,37.50823160000001
중앙대,4611303880,횡단보도 있음,보행등 없음,2,2,2,2,2.0,0.0,0.0,0,32,,True,,3,8879,196852.02851684063,544857.757673311,126.96439819999999,37.50318089999999
중앙대,4613243688,횡단보도 있음,보행등 없음,2,2,2,2,2.0,0.0,0.0,0,29,,True,,2,5366,196035.13110246378,545200.8018491158,126.95515770000002,37.5062686
중앙대,4613243837,횡단보도 있음,보행등 없음,2,2,2,1,1.0,0.0,0.0,57,52,1.0,False,3.0,2,4507,196209.3768951616,545220.8426204141,126.95712830000001,37.5064499
중앙대,4621486060,횡단보도 있음,보행등 없음,2,3,2,1,2.0,0.0,0.0,7,51,0.0,False,2.0,4,1660,195754.8470870561,545047.3782653051,126.9519886,37.504885
중앙대,4621488498,횡단보도 있음,보행등 없음,2,2,1,0,1.0,0.0,0.0,7,43,0.0,False,2.0,2,1661,195777.71597334358,545141.4948531031,126.9522467,37.5057331
중앙대,7775271120,횡단보도 있음,보행등 없음,2,2,2,1,2.0,0.0,0.0,57,48,1.0,False,3.0,3,5727,196393.6057536629,545305.6770319275,126.9592115,37.507215
중앙대,8482522490,횡단보도 있음,보행등 없음,2,3,2,2,1.0,2.0,0.0,57,36,1.0,False,3.0,2,1589,197066.07768962183,545278.1098797045,126.96681729999999,37.506969
중앙대,571454796,횡단보도 없는 교차로,횡단보도 없음,3,0,1,0,,,,0,34,,True,,3,,195918.81004555782,545853.2633218393,126.95383850000002,37.5121468
중앙대,3888649128,횡단보도 없는 교차로,횡단보도 없음,3,0,1,0,,,,57,45,1.0,False,4.0,3,,196926.00500074387,545320.3022878126,126.9652329,37.507348699999994
중앙대,3888649162,횡단보도 없는 교차로,횡단보도 없음,3,0,1,0,,,,57,43,1.0,False,4.0,3,,196994.80864334048,545313.9175859794,126.96601110000002,37.5072914
중앙대,2288832800,횡단보도 없는 교차로,횡단보도 없음,3,0,1,0,,,,57,50,1.0,False,4.0,4,,196735.12817057382,545403.6708959506,126.9630737,37.50809919999999
중앙대,4644112573,횡단보도 없는 교차로,횡단보도 없음,3,0,1,0,,,,7,53,0.0,False,3.0,3,,195614.3810108504,545126.4850817191,126.9503995,37.50559710000001
중앙대,2829530351,횡단보도 없는 교차로,횡단보도 없음,3,0,1,0,,,,0,36,,True,,3,,195921.57071800856,545821.7748712109,126.9538699,37.5118631
중앙대,4644112576,횡단보도 없는 교차로,횡단보도 없음,3,0,1,0,,,,7,59,0.0,False,3.0,3,,195554.0249740174,545041.2900584737,126.94971740000001,37.5048292
중앙대,1831853301,횡단보도 없는 교차로,횡단보도 없음,3,0,1,0,,,,7,51,0.0,False,3.0,3,,195620.1549137524,545093.1747874875,126.950465,37.505297
중앙대,10239817464,횡단보도 없는 교차로,횡단보도 없음,3,0,1,0,,,,7,60,0.0,False,3.0,3,,195568.5083062858,544991.804253906,126.94988149999999,37.504383399999995
중앙대,2825701323,횡단보도 없는 교차로,횡단보도 없음,3,0,1,0,,,,7,56,0.0,False,3.0,3,,195601.69454352173,545012.4968511423,126.9502567,37.50457
중앙대,3888649121,횡단보도 없는 교차로,횡단보도 없음,3,0,1,0,,,,57,50,1.0,False,4.0,3,,196744.21662556933,545401.8804403977,126.96317649999999,37.5080831
중앙대,2824550249,횡단보도 없는 교차로,횡단보도 없음,3,0,1,0,,,,0,34,,True,,3,,195746.94901698147,544818.1938367262,126.95190060000002,37.50282
중앙대,2825701329,횡단보도 없는 교차로,횡단보도 없음,3,0,1,0,,,,0,31,,True,,3,,195723.24662334533,544790.7588678382,126.95163270000002,37.5025727
중앙대,4621475847,횡단보도 없는 교차로,횡단보도 없음,3,0,1,0,,,,0,33,,True,,3,,195750.19830927756,544791.7883392401,126.9519375,37.5025821
중앙대,2824550259,횡단보도 없는 교차로,횡단보도 없음,3,0,1,0,,,,23,28,0.0,False,3.0,3,,195665.6978320596,544444.5421976331,126.9509839,37.499453
중앙대,4612845662,횡단보도 없는 교차로,횡단보도 없음,3,0,1,0,,,,57,59,1.0,False,4.0,4,,196695.41174754148,545270.1134786973,126.96262509999998,37.5068957
중앙대,2825701311,횡단보도 없는 교차로,횡단보도 없음,3,0,1,0,,,,0,49,,True,,3,,195600.81097097267,544729.3469247305,126.95024839999999,37.50201880000001
중앙대,2825711413,횡단보도 없는 교차로,횡단보도 없음,3,0,1,0,,,,23,33,0.0,False,3.0,3,,195977.32906992562,544188.2165527578,126.9545095,37.49714490000001
중앙대,2829530337,횡단보도 없는 교차로,횡단보도 없음,3,0,1,0,,,,0,43,,True,,3,,196007.16596158806,545535.5526707183,126.9548396,37.5092846
중앙대,2829530336,횡단보도 없는 교차로,횡단보도 없음,3,0,1,0,,,,0,36,,True,,3,,196078.845076075,545576.1732079409,126.95565010000001,37.509650900000004
중앙대,4613249929,횡단보도 없는 교차로,횡단보도 없음,3,0,1,0,,,,0,36,,True,,3,,196070.20576330204,545573.5135902341,126.9555524,37.50962690000001
중앙대,11179633109,횡단보도 없는 교차로,횡단보도 없음,3,0,1,0,,,,0,40,,True,,3,,196116.59780213106,545538.0979727798,126.95607729999999,37.509308000000004
중앙대,2829530350,횡단보도 없는 교차로,횡단보도 없음,3,0,1,0,,,,0,42,,True,,3,,195869.42779866428,545683.6991188729,126.9532809,37.51061880000001
중앙대,2829530357,횡단보도 없는 교차로,횡단보도 없음,3,0,1,0,,,,0,42,,True,,3,,195879.58781288748,545686.4576636928,126.9533958,37.5106437
중앙대,2829530628,횡단보도 없는 교차로,횡단보도 없음,3,0,1,0,,,,57,50,1.0,False,4.0,4,,196478.4730114081,545337.5827963052,126.9601712,37.5075028
중앙대,4612845666,횡단보도 없는 교차로,횡단보도 없음,3,0,1,0,,,,57,49,1.0,False,4.0,3,,196819.89468529957,545386.2463687437,126.96403249999999,37.5079425
중앙대,4613249924,횡단보도 없는 교차로,횡단보도 없음,3,0,1,0,,,,0,36,,True,,3,,195952.68886482783,545798.0638862323,126.95422199999999,37.5116496
중앙대,4613249938,횡단보도 없는 교차로,횡단보도 없음,3,0,1,0,,,,0,35,,True,,3,,196171.18432329202,545671.301773453,126.956694,37.510508400000006
중앙대,4613249952,횡단보도 없는 교차로,횡단보도 없음,3,0,1,0,,,,0,28,,True,,3,,196186.48138680152,545713.3700213024,126.9568668,37.5108875
