학교,u,v,key,highway,name,length_m,기준길이_m,조각수,최대경사_pct,B등급,기준선_근처,계단
숭실대,2825727213,11413637819,0,footway,,8.061898623253231,60.0,1,5.7349789684208945,주의,True,False
숭실대,2825727213,2825728925,0,tertiary,관악로40길,43.63489079599876,60.0,1,5.27809345032523,양호,True,False
숭실대,2825727213,11413637528,0,"['footway', 'steps']",,113.88868338273548,113.88868338273548,1,4.039741586236462,양호,True,True
숭실대,11413637586,8537416816,0,primary,관악로,93.22109251577463,93.22109251577463,1,10.892882567575667,위험,True,False
숭실대,11413637586,11413637819,0,footway,,20.489097161567987,60.0,1,4.706143254561208,양호,True,False
숭실대,11413637586,11413637622,0,footway,,49.33282579734006,60.0,1,5.922742909189036,주의,True,False
숭실대,1872054485,969906543,0,primary,"['관악로', '상도로']",166.5226236035317,83.26131180176586,2,4.224781245332808,양호,True,False
숭실대,436821652,2825727130,0,service,상도로68길,26.939767494360982,60.0,1,0.9272272078043405,양호,True,False
숭실대,436821652,969906543,0,primary,상도로,16.88421651028923,60.0,1,6.840771378311341,주의,True,False
숭실대,436821652,436821653,0,primary,상도로,28.232757655453668,60.0,1,10.820446369370629,위험,True,False
숭실대,2825727130,11413637533,0,footway,,12.741431528538778,60.0,1,9.775834255724499,위험,True,False
숭실대,2825727130,2825727126,0,service,상도로68길,89.07404638996496,89.07404638996496,1,12.10935457451857,위험,True,False
숭실대,2825727130,11413637692,0,footway,,88.3607244853932,88.3607244853932,1,12.248708475980228,위험,True,False
숭실대,969906543,11413637845,0,footway,,15.15255090239339,60.0,1,9.110692516782066,위험,True,False
숭실대,969906543,11413637533,0,footway,,26.198947888724966,60.0,1,0.9209914868161205,양호,True,False
숭실대,436821653,14074780684,0,primary,상도로,132.95581567996618,66.47790783998309,2,8.754535348183216,위험,True,False
숭실대,14074780684,12864837514,0,service,,96.08865458424151,96.08865458424151,1,0.05465665133800511,양호,False,False
숭실대,436821663,11413637825,0,primary,상도로,18.075145887705695,60.0,1,5.445450041856598,양호,True,False
숭실대,13316391021,13528976148,0,primary,상도로,17.961643990377414,60.0,1,6.313749552519164,주의,True,False
숭실대,11413637825,13528976148,0,footway,,11.886500108670223,60.0,1,0.12953872646200182,양호,False,False
숭실대,11413637825,11413637566,0,footway,,5.685771996039504,60.0,1,0.9630320956111404,양호,True,False
숭실대,436849858,2824759281,0,primary,사당로,8.182920000320626,60.0,1,9.007875352655882,위험,True,False
숭실대,436849858,8482789908,0,primary,사당로,349.6022190642742,69.92044381285484,5,14.301968715709876,위험,False,False
숭실대,2824759281,12785639994,0,residential,서달로,61.209728906799036,61.209728906799036,1,3.8590705006147625,양호,True,False
숭실대,2824759281,13322228135,0,tertiary,관악로40길,113.4949545526566,113.4949545526566,1,10.524316520732382,위험,True,False
숭실대,2824759281,5746089412,0,primary,사당로,116.79179463789632,116.79179463789632,1,8.37825314459512,위험,True,False
숭실대,14076316446,13322228135,0,service,,244.38547659568604,61.09636914892151,4,2.3875531778016525,양호,True,False
숭실대,8482789908,8482835723,0,residential,,39.76539822170195,60.0,1,2.4921530357962256,양호,True,False
숭실대,11413637533,11413637528,0,footway,,165.1644605145188,82.5822302572594,2,0.9904897569112857,양호,True,False
숭실대,1667060265,6428306251,0,steps,,70.0249446311356,70.0249446311356,1,19.053382311328217,위험,False,True
숭실대,1667060265,7552260751,0,service,,6.378182435089135,60.0,1,0.5739182297262365,양호,False,False
숭실대,1667060265,1667060481,0,service,,151.18709376836037,75.59354688418018,2,2.3342256772076304,양호,True,False
숭실대,1667060481,1667060965,0,service,,194.68814861720327,64.89604953906776,3,6.441843951117257,주의,True,False
숭실대,1667060481,7552118318,0,service,,196.67063103543734,65.55687701181245,3,13.741115597226091,위험,False,False
숭실대,1667060965,2943859173,0,service,,83.67217952144142,83.67217952144142,1,18.11635182568591,위험,False,False
숭실대,1667060931,2943859173,0,service,,9.970210281783519,60.0,1,18.2169541617485,위험,False,False
숭실대,2943859173,5406793616,0,path,,529.3391643797102,66.16739554746377,8,25.004487961685236,위험,False,False
숭실대,1872054412,11413637670,0,service,,14.561883667429294,60.0,1,21.65048703843193,위험,False,False
숭실대,1872054412,13324709490,0,tertiary,성현로,66.43073569469993,66.43073569469993,1,3.549656315509622,양호,True,False
숭실대,11413637670,11177542025,0,service,,13.157088221198606,60.0,1,14.96169843733694,위험,False,False
숭실대,11413637670,11413637576,0,footway,,14.319916260941351,60.0,1,3.3168675216167287,양호,True,False
숭실대,11413637670,11413637648,0,footway,,76.56320811820467,76.56320811820467,1,4.117672077522026,양호,True,False
숭실대,11413637794,11413637576,0,footway,,10.84911164058559,60.0,1,25.0,위험,False,False
숭실대,11413637794,11413637699,0,footway,,10.562383557627875,60.0,1,26.805834955085455,위험,False,False
숭실대,1872054413,11413637654,0,tertiary,성현로,126.17893820358658,63.08946910179329,2,4.7480270378987655,양호,True,False
숭실대,11413637654,11413637577,0,footway,,8.980752201861408,60.0,1,35.99484238677874,위험,False,False
숭실대,11413637654,1872054423,0,tertiary,성현로,119.60559239971978,119.60559239971978,1,2.7627446703837477,양호,True,False
숭실대,1872054423,11413637545,0,tertiary,성현로,15.900123791213122,60.0,1,6.243841981154621,주의,True,False
숭실대,11413637545,1872054458,0,tertiary,성현로,27.906370746922715,60.0,1,2.8152868028299123,양호,True,False
숭실대,11413637545,11413637659,0,footway,,8.20800646018006,60.0,1,54.097312558896014,위험,False,False
숭실대,1872054458,11413637563,0,service,,8.813192649713224,60.0,1,46.11110599438095,위험,False,False
숭실대,11413637563,11413637898,0,footway,,180.06411783781616,60.02137261260538,3,6.197563188103686,주의,True,False
숭실대,11413637563,11413637721,0,service,,122.7527768140427,61.37638840702135,2,12.862754250827479,위험,True,False
숭실대,10701233216,2162056432,0,residential,관악로37길,17.24955134940707,60.0,1,10.541727663152187,위험,True,False
숭실대,2161099551,2162056432,0,residential,관악로37길,35.365133707094266,60.0,1,6.877928832266396,주의,True,False
숭실대,2161099551,10701233221,0,residential,관악로37길,13.543217096532938,60.0,1,6.609899824542964,주의,True,False
숭실대,2161099551,10701233217,0,service,,31.642685751882446,60.0,1,3.4057886004759537,양호,True,False
숭실대,10701233221,10792799832,0,residential,관악로37길,55.942967573010485,60.0,1,5.880058432095723,주의,True,False
숭실대,2477234006,11177542025,0,service,,50.44577562906332,60.0,1,3.4237275123267823,양호,True,False
숭실대,11177542025,2477234581,0,service,,29.062326053172022,60.0,1,7.536044545973156,주의,True,False
숭실대,2477234581,2477234585,0,service,,91.02019982962156,91.02019982962156,1,3.599190037029989,양호,True,False
숭실대,2825701327,2825701322,0,service,상도로45길,93.6780138068635,93.6780138068635,1,8.85405835094516,위험,True,False
숭실대,2825731308,2825731303,0,service,상도로47나길,91.27911100481452,91.27911100481452,1,5.522330222757121,양호,True,False
숭실대,2824550259,2825701326,0,primary,상도로,91.30122865709231,91.30122865709231,1,1.6438108248187902,양호,True,False
숭실대,2824550259,2825706570,0,residential,상도로47길,48.13799489320594,60.0,1,4.644653381455346,양호,True,False
숭실대,2824550259,11413637598,0,primary,상도로,77.81851951078644,77.81851951078644,1,6.140481400544375,주의,True,False
숭실대,2825701326,2825706577,0,service,상도로45길,47.58826704818358,60.0,1,1.6533594044311193,양호,True,False
숭실대,11413637598,2824550264,0,primary,상도로,7.899328094721255,60.0,1,8.333333333333332,주의,True,False
숭실대,11413637598,11413637573,0,footway,,24.319807029078746,60.0,1,6.8706257639684045,주의,True,False
숭실대,2824550264,11413637573,0,service,상도로49길,14.842732397036093,60.0,1,0.4409065643798016,양호,False,False
숭실대,11413637573,11413637581,0,footway,,63.47942732309823,63.47942732309823,1,0.6413352385999993,양호,False,False
숭실대,11413637475,11413637759,0,footway,,8.447293322735483,60.0,1,5.461084931800428,양호,True,False
숭실대,11413637475,11413637584,0,footway,,9.680023884380763,60.0,1,2.1722238373767055,양호,True,False
숭실대,11413637475,10589255419,0,residential,상도로50길,207.51488134975622,69.17162711658541,3,10.548817225109255,위험,True,False
숭실대,11413637581,11413637916,0,footway,,80.2510098832945,80.2510098832945,1,3.754676340460192,양호,True,False
숭실대,11413637820,13597219422,0,footway,,12.67031693669353,60.0,1,0.6832214623200628,양호,False,False
숭실대,11413637820,11413637916,0,footway,,10.858776404527081,60.0,1,3.86829041210729,양호,True,False
숭실대,2824550283,11413637666,0,service,상도로52길,24.26498149827314,60.0,1,4.829546124709102,양호,True,False
숭실대,11413637831,2824550279,0,service,상도로52길,4.924502495624352,60.0,1,14.698483842745985,위험,False,False
숭실대,11413637831,11413637888,0,footway,,66.63080825589057,66.63080825589057,1,2.3365781581686242,양호,True,False
숭실대,2824550282,3337436846,0,residential,상도로50길,16.78902365393332,60.0,1,2.753285727928052,양호,True,False
숭실대,3337436846,11413637596,0,residential,상도로50길,8.759038347252073,60.0,1,1.958538170403609,양호,True,False
숭실대,3337436846,13281452472,0,service,상도로50길,87.55021407312329,87.55021407312329,1,4.351995525929539,양호,True,False
숭실대,11413637666,11413637779,0,footway,,79.76866110846474,79.76866110846474,1,3.2282398770107927,양호,True,False
숭실대,11413637666,11413637596,0,footway,,65.22431798610322,65.22431798610322,1,0.0,양호,False,False
숭실대,11413637793,2824550284,0,residential,상도로62길,11.66761164639034,60.0,1,2.400726229960763,양호,True,False
숭실대,11413637793,11413637888,0,footway,,65.42026613149955,65.42026613149955,1,3.8471850842617137,양호,True,False
숭실대,11413637793,11413637879,0,footway,,21.82177780641954,60.0,1,4.605502632456542,양호,True,False
숭실대,2824550284,11413637833,0,tertiary,상도로54길,20.702260287527903,60.0,1,3.3955640854338283,양호,True,False
숭실대,2824550284,11413637897,0,tertiary,상도로54길,67.73184858079634,67.73184858079634,1,4.147383264313846,양호,True,False
숭실대,2824550285,11413637693,0,footway,,70.08949959349492,70.08949959349492,1,4.727039257708564,양호,True,False
숭실대,2824550285,11413637799,0,footway,,21.06050313787245,60.0,1,3.040679016721614,양호,True,False
숭실대,2824550285,2824550287,0,residential,상도로62길,122.73052878574924,61.36526439287462,2,3.0060983328475883,양호,True,False
숭실대,2824550285,2825723258,0,service,상도로54길,149.9183842089076,74.9591921044538,2,7.035779790215338,주의,True,False
숭실대,11413637897,11413637693,0,footway,,9.13954153183301,60.0,1,6.441622680666666,주의,True,False
숭실대,11413637897,11413637888,0,footway,,8.613554615081341,60.0,1,6.3204417771699895,주의,True,False
숭실대,11413637693,11413637585,0,footway,,13.71417032193982,60.0,1,3.7940878282467243,양호,True,False
숭실대,11413637799,11413637939,0,footway,,6.427161298317531,60.0,1,2.3332478563516545,양호,True,False
숭실대,2824550287,11413637678,0,service,상도로56길,21.36804356659515,60.0,1,0.7174120127426894,양호,False,False
숭실대,2824550287,2825723258,0,service,상도로56길,42.454184780718315,60.0,1,5.537302865942166,양호,True,False
숭실대,2825723258,13296689135,0,service,상도로56길,29.536949791971168,60.0,1,9.161083845316421,위험,True,False
숭실대,2824550288,2825723289,0,residential,상도로58길,41.170026224165774,60.0,1,5.915124350364256,주의,True,False
숭실대,2824550288,11413637556,0,residential,상도로58길,21.429199206680394,60.0,1,2.2283363213403127,양호,True,False
숭실대,11413637678,11413637556,0,footway,,53.09156979878515,60.0,1,3.18658714687313,양호,True,False
숭실대,2825723289,2825723225,0,residential,상도로58길,91.64969936589368,91.64969936589368,1,6.98375154270285,주의,True,False
숭실대,11413637556,11413637566,0,footway,,68.16533843636404,68.16533843636404,1,5.40171973950635,양호,True,False
숭실대,2825724226,10611854840,0,residential,상도로60길,44.510159355619315,60.0,1,9.727104965426557,위험,True,False
숭실대,2825724226,2825724222,0,residential,상도로62길,36.88731704167941,60.0,1,1.0499923155768205,양호,True,False
숭실대,2825724226,2825724223,0,residential,상도로60길,48.823834341628995,60.0,1,8.014737540675156,주의,True,False
숭실대,2824550298,4666594482,0,service,,34.77807329829254,60.0,1,8.333333333333332,주의,True,False
숭실대,2824550301,4620932579,0,service,,29.78554701175539,60.0,1,7.376233002651985,주의,True,False
숭실대,2824550301,2824550303,0,residential,상도로61길,104.85541162283054,104.85541162283054,1,6.451353898116234,주의,True,False
숭실대,2824550301,2890319200,0,service,,51.48580392233418,60.0,1,0.882457330376288,양호,False,False
숭실대,4666594482,2890319200,0,primary,사당로,92.76602003666515,92.76602003666515,1,8.377918016880612,위험,True,False
숭실대,4620932579,14074780687,0,service,상도로63길,101.7899258041801,101.7899258041801,1,3.1623105937291243,양호,True,False
숭실대,4620932579,12864837514,0,service,,22.329386583920193,60.0,1,10.730446864420387,위험,True,False
숭실대,2824550303,4620932587,0,service,상도로61가길,52.04680410322305,60.0,1,0.5394393417616072,양호,False,False
숭실대,2824550303,4620932585,0,service,상도로61가길,68.91220111136036,68.91220111136036,1,7.528879059305861,주의,True,False
숭실대,2890319200,4620932587,0,primary,사당로,104.84008637966332,104.84008637966332,1,6.609472155192868,주의,True,False
숭실대,4620932587,2890319302,0,primary,사당로,101.91611588677429,101.91611588677429,1,7.295073806756171,주의,True,False
숭실대,2824550308,11413637731,0,tertiary,상도로53길,17.599748803394256,60.0,1,3.1640277124799825,양호,True,False
숭실대,11413637731,11413637673,0,footway,,11.887497311914759,60.0,1,2.520130516681303,양호,True,False
숭실대,11413637731,11413637561,0,footway,,15.577305189863232,60.0,1,3.1337804552707147,양호,True,False
숭실대,13528976150,11413637615,0,footway,,13.159776148481857,60.0,1,0.44805992010289225,양호,False,False
숭실대,13528976150,11413637762,0,footway,,13.368486038973757,60.0,1,3.9451412884809396,양호,True,False
숭실대,13528976150,2825711406,0,primary,상도로,39.4060624944803,60.0,1,5.722327298523785,주의,True,False
숭실대,2824550315,4621460692,0,tertiary,상도로53길,129.3147151831666,64.6573575915833,2,9.102850270936742,위험,True,False
숭실대,2824550315,4621466918,0,tertiary,상도로53길,95.3505183512097,95.3505183512097,1,6.8529998928647435,주의,True,False
숭실대,2824550315,6963036771,0,service,상도로47나길,47.078016692361956,60.0,1,14.635398677080195,위험,False,False
숭실대,4621460692,2825706556,0,tertiary,상도로53길,38.54116564051539,60.0,1,0.5162676172178257,양호,False,False
숭실대,4621466918,2825731322,0,tertiary,상도로53길,82.3128811122517,82.3128811122517,1,5.512744294202014,양호,True,False
숭실대,4621466918,2825731332,0,service,상도로53길,51.95960750023447,60.0,1,18.933397265534282,위험,False,False
숭실대,6963036771,6963036773,0,service,상도로47나길,57.11066563765411,60.0,1,6.736135614070069,주의,True,False
숭실대,2824550318,2825731322,0,tertiary,상도로53길,3.4402819778235827,60.0,1,0.8931122602883809,양호,True,False
숭실대,2824550318,4621475837,0,tertiary,상도로53길,56.45614905013567,60.0,1,3.5973798547664395,양호,True,False
숭실대,2824550318,3713180481,0,service,,504.88653423083616,63.11081677885452,8,11.3991285176033,위험,True,False
숭실대,2825731322,2825731302,0,service,상도로53길,61.948244679833934,61.948244679833934,1,10.360504478125474,위험,True,False
숭실대,4621475837,2825701322,0,service,상도로53길,41.141937562918514,60.0,1,15.88503640728656,위험,False,False
숭실대,4621475837,2824550321,0,tertiary,상도로53길,107.34619078492247,107.34619078492247,1,0.43428131479312176,양호,False,False
숭실대,3713180481,2825711099,0,tertiary,상도로53길,7.575051906472408,60.0,1,10.649713955563342,위험,True,False
숭실대,2824759097,2824759213,0,residential,청림5길,28.399246895886,60.0,1,12.560246739020375,위험,True,False
숭실대,2824759097,2824759209,0,residential,청림3길,68.84860627737552,68.84860627737552,1,12.244436051997653,위험,True,False
숭실대,2824759213,8482687961,0,tertiary,관악로40길,83.83621946708693,83.83621946708693,1,12.62387652749433,위험,True,False
숭실대,2824759209,4619539828,0,residential,청림3길,70.68468499843935,70.68468499843935,1,6.901280798992839,주의,True,False
숭실대,2824759203,2824759300,0,residential,서달로1길,210.12335620500946,70.04111873500315,3,16.876147433090683,위험,False,False
숭실대,2824759203,2824759222,0,residential,서달로,154.93447115445974,77.46723557722987,2,16.48815659915143,위험,False,False
숭실대,2824759300,2824759222,0,residential,서달로,64.55182131746783,64.55182131746783,1,7.087179411066883,주의,True,False
숭실대,2824759300,12816428872,0,residential,서달로,31.203795901099276,60.0,1,12.666363617413293,위험,True,False
숭실대,2824759222,4697324255,0,residential,서달로2길,349.9940712814536,69.99881425629073,5,6.623405137493778,주의,True,False
숭실대,2825728925,11413637870,0,residential,청림3마길,5.152532494696301,60.0,1,9.258256304472473,위험,True,False
숭실대,4619539828,4619539841,0,residential,청림3길,39.401702233359956,60.0,1,7.488926409295046,주의,True,False
숭실대,8482687961,8482687969,0,tertiary,관악로40길,15.858864295339245,60.0,1,8.608025148707412,위험,True,False
숭실대,8482687961,8482687969,1,service,,178.3368714120263,89.16843570601316,2,2.0373432132976785,양호,True,False
숭실대,8482687961,8482687939,0,service,,58.127499920804496,60.0,1,8.266861189956458,주의,True,False
숭실대,2824759217,2824759229,0,service,청림5가길,22.747175342483594,60.0,1,13.30881705249046,위험,False,False
숭실대,2824759217,2824759260,0,service,청림5가길,14.792650470686514,60.0,1,13.20797124495878,위험,False,False
숭실대,2824759260,2825728950,0,residential,청림3길,34.49316627105647,60.0,1,2.6759345906357384,양호,True,False
숭실대,2824759260,4619539820,0,residential,청림3길,38.32547064341959,60.0,1,5.755715100509254,주의,True,False
숭실대,4619539822,4619539820,0,service,청림3라길,51.19018207943664,60.0,1,6.375625050871368,주의,True,False
숭실대,4697324255,4611250951,0,residential,서달로2길,48.246148828510535,60.0,1,9.099748304719196,위험,True,False
숭실대,4697324255,4697324244,0,service,,60.06618534337821,60.06618534337821,1,11.556126945397232,위험,True,False
숭실대,2824759227,8482687980,0,tertiary,관악로40길,30.672805273531704,60.0,1,7.644723689010154,주의,True,False
숭실대,2824759227,8482687983,0,service,,20.327963432451853,60.0,1,1.2364097225005346,양호,True,False
숭실대,2824759227,13322228135,0,tertiary,관악로40길,61.3202636355748,61.3202636355748,1,6.062358778838181,주의,True,False
숭실대,8482687980,8482687969,0,tertiary,관악로40길,29.92565163579045,60.0,1,7.09136423724947,주의,True,False
숭실대,8482687980,8482687970,0,service,,14.841972506038308,60.0,1,2.1632397996509667,양호,True,False
숭실대,2824759242,2825711987,0,residential,서달로,23.93233635250143,60.0,1,3.0297529535910193,양호,True,False
숭실대,2824759242,12816428873,0,residential,서달로,56.78466219460989,60.0,1,9.139860719460865,위험,True,False
숭실대,2824759242,2825714904,0,service,,244.81893499222303,61.20473374805576,4,8.01410560868888,주의,True,False
숭실대,2825711987,2825711424,0,residential,상도로55길,71.35342486476668,71.35342486476668,1,5.774670236061471,주의,True,False
숭실대,2825711987,12785639994,0,residential,서달로,375.8890606428441,62.64817677380734,6,9.623480992662397,위험,True,False
숭실대,12816428873,12816428872,0,residential,서달로,39.61300183934832,60.0,1,15.568814850610528,위험,False,False
숭실대,12816428873,5406793613,0,"['service', 'path']",,581.142312001729,64.57136800019211,9,25.32424915343968,위험,False,False
숭실대,2825714904,4686503139,0,residential,상도로55길,7.19522664869094,60.0,1,8.67170335817858,위험,True,False
숭실대,2825714904,2825714913,0,residential,상도로55길,225.87379930366188,75.29126643455396,3,10.491468078898485,위험,True,False
숭실대,4619539820,4619539841,0,residential,청림3길,24.130697639463584,60.0,1,2.3836552482598234,양호,True,False
숭실대,12785639994,12785639987,0,service,,34.80387986887062,60.0,1,5.342267194128733,양호,True,False
숭실대,5746089412,13322228150,0,residential,상도로61길,7.6341678268480795,60.0,1,1.9270057885360834,양호,True,False
숭실대,5746089412,2890319302,0,primary,사당로,55.319533877905755,60.0,1,6.19051651494201,주의,True,False
숭실대,12816428872,8857857355,0,"['path', 'steps']",,52.64871973439809,60.0,1,19.948458371658806,위험,False,True
숭실대,2825706577,2825730235,0,service,상도로45길,42.73894912091989,60.0,1,5.485587019206679,양호,True,False
숭실대,2825706542,2825706563,0,tertiary,상도로53길,13.183910645357846,60.0,1,8.815218361286353,위험,True,False
숭실대,2825706563,2825711038,0,service,상도로37길,41.25538067235574,60.0,1,5.20019061724413,양호,True,False
숭실대,2825706563,13230033251,0,service,상도로37길,15.364536715476767,60.0,1,4.904411547492688,양호,True,False
숭실대,11413637591,13230033251,0,footway,,14.135421257324184,60.0,1,9.283456502843421,위험,True,False
숭실대,11413637591,11413588662,0,footway,,31.78902165632761,60.0,1,10.674836814929995,위험,True,False
숭실대,2825711099,2825711071,0,residential,상도로53가길,51.0970340945213,60.0,1,0.8998250966000398,양호,True,False
숭실대,4621460691,11413637707,0,service,상도로37길,54.87720327418025,60.0,1,16.50708304634712,위험,False,False
숭실대,2825706556,11413637479,0,footway,,18.35635521115025,60.0,1,18.654875807223828,위험,False,False
숭실대,11413588662,11413637707,0,footway,,44.28189543508384,60.0,1,1.0892297942741416,양호,True,False
숭실대,2825711038,2825711094,0,service,상도로37길,48.248345944975675,60.0,1,2.9153471543155973,양호,True,False
숭실대,2825730235,4621471425,0,service,상도로47가길,49.76829424848126,60.0,1,0.9952349141310654,양호,True,False
숭실대,2825711094,2825711047,0,residential,상도로55길,19.823189963608108,60.0,1,3.2186724612315247,양호,True,False
숭실대,2825711094,2825711091,0,service,상도로55길,39.356506957332186,60.0,1,8.333333333333332,주의,True,False
숭실대,2825711094,2825711406,0,residential,상도로55길,60.82646149688131,60.82646149688131,1,8.146482637468807,주의,True,False
숭실대,2825711071,2825711413,0,residential,상도로53가길,115.24595970411488,115.24595970411488,1,2.8946555633244606,양호,True,False
숭실대,2825711047,2825711413,0,residential,상도로55길,55.919662620974094,60.0,1,5.390817052892652,양호,True,False
숭실대,2825711047,4686503142,0,service,상도로55길,31.575506304120616,60.0,1,6.100957953522297,주의,True,False
숭실대,2825711413,3713157340,0,residential,상도로55길,142.46893749619534,71.23446874809767,2,8.446650927991273,위험,True,False
숭실대,2825711406,13528976148,0,primary,상도로,194.1190954122785,64.70636513742618,3,6.497074047569311,주의,True,False
숭실대,13528976148,13149390528,0,footway,,14.653998974954634,60.0,1,1.5441406932755797,양호,True,False
숭실대,3713157340,2825714913,0,residential,상도로55길,0.6097821228548,60.0,1,14.330301986888305,위험,False,False
숭실대,2825711424,4686503139,0,residential,상도로55길,97.2330326728827,97.2330326728827,1,6.378663508255196,주의,True,False
숭실대,2825714913,4654271182,0,service,,123.50093289251089,61.750466446255444,2,16.367844358631206,위험,False,False
숭실대,2825723221,10611854835,0,residential,상도로60길,22.503840035268386,60.0,1,11.127607497888665,위험,True,False
숭실대,2825723221,2825723284,0,residential,상도로60길,40.61532251963166,60.0,1,10.156864085073636,위험,True,False
숭실대,10611854835,10611854840,0,residential,상도로60길,18.815337552496302,60.0,1,10.508684483409922,위험,True,False
숭실대,10611854835,10611854838,0,service,,77.70993201845978,77.70993201845978,1,0.0013203638597390466,양호,False,False
숭실대,2825723284,2825723264,0,residential,상도로60길,31.014799528356285,60.0,1,8.333333333333332,주의,True,False
숭실대,2825726596,2825726590,0,service,상도로,27.312162553592124,60.0,1,0.2553284672468692,양호,False,False
숭실대,2825726596,2825726591,0,service,상도로66길,38.290007652019945,60.0,1,8.26285961453903,주의,True,False
숭실대,10611854823,2825723404,0,service,상도로60가길,94.29613469848705,94.29613469848705,1,13.201749845987756,위험,False,False
숭실대,2825723225,7256876601,0,service,상도로58길,315.3563747120414,63.07127494240827,5,14.041599199680174,위험,False,False
숭실대,2825723272,13296689135,0,service,상도로56길,68.9278398934412,68.9278398934412,1,9.76278654689635,위험,True,False
숭실대,2825723272,2825723246,0,service,상도로56길,13.381128710361503,60.0,1,16.23446323177106,위험,False,False
숭실대,2825723228,13324709401,0,service,상도로60길,82.0253986436533,82.0253986436533,1,14.843726125320647,위험,False,False
숭실대,2825723228,13317612289,0,service,상도로60길,145.81226799722296,72.90613399861148,2,10.804437983113171,위험,True,False
숭실대,13324709401,13324709406,0,service,,83.47843007839913,83.47843007839913,1,5.462349183803274,양호,True,False
숭실대,13317612289,2825723264,0,service,상도로60길,3.6924364179329108,60.0,1,10.320634745653052,위험,True,False
숭실대,13317612289,10611854831,0,service,,106.12933293886539,106.12933293886539,1,12.439051890349065,위험,True,False
숭실대,11413637615,11413637939,0,footway,,10.511152287297143,60.0,1,1.4589079471608102,양호,True,False
숭실대,2825723287,2825727126,0,service,상도로68길,145.41722904813037,72.70861452406518,2,7.539185363278893,주의,True,False
숭실대,13296689135,13296689136,0,service,,32.91898208323717,60.0,1,2.173128423273833,양호,True,False
숭실대,2825723264,2825723404,0,service,상도로60가길,50.80186226406514,60.0,1,5.350478235636113,양호,True,False
숭실대,3337436844,13281452472,0,service,상도로50길,10.88650868399561,60.0,1,1.6119256462884362,양호,True,False
숭실대,3337436844,3337436851,0,service,,187.50241004407542,62.50080334802514,3,22.073070116091216,위험,False,False
숭실대,2825726591,2825726710,0,service,상도로66길,39.896046837438035,60.0,1,0.5587204298082563,양호,False,False
숭실대,2825724222,2825724223,0,footway,,51.411742252287,60.0,1,8.07368386694634,주의,True,False
숭실대,2825724222,10611854843,0,footway,,46.07502828508533,60.0,1,8.18560189229866,주의,True,False
숭실대,2825724223,11413637566,0,footway,,44.52039414990567,60.0,1,5.115570145976302,양호,True,False
숭실대,10611854843,10611854838,0,footway,,19.451429344341797,60.0,1,8.211669498872922,주의,True,False
숭실대,10611854843,10611854840,0,service,,65.3004216058483,65.3004216058483,1,0.08365189748626876,양호,False,False
숭실대,2825726590,10611854838,0,footway,,21.526152533594264,60.0,1,8.057154588973486,주의,True,False
숭실대,2825726590,2825726710,0,footway,,40.05126509207497,60.0,1,8.209961414344514,주의,True,False
숭실대,2825726710,11413637692,0,footway,,83.59661396707544,83.59661396707544,1,9.461962213319651,위험,True,False
숭실대,11413637819,11413637870,0,footway,,45.06059182512068,60.0,1,4.655592038148602,양호,True,False
숭실대,11413637528,11413637910,0,footway,,5.3505362991197964,60.0,1,3.5076603171873915,양호,True,False
숭실대,4619539837,8537501420,0,residential,청림3나길,50.17230534372581,60.0,1,12.176389319287395,위험,True,False
숭실대,4619539837,8537416816,0,service,관악로38길,153.0054511296085,76.50272556480425,2,15.28783819650043,위험,False,False
숭실대,11413637870,2825728935,0,residential,청림3마길,11.87827428103162,60.0,1,8.640893890960607,위험,True,False
숭실대,2825728935,4619539838,0,residential,청림3마길,76.79348377860889,76.79348377860889,1,8.49077256465702,위험,True,False
숭실대,2825731332,2825731303,0,service,상도로53길,18.162835687139975,60.0,1,3.2642661930114754,양호,True,False
숭실대,6963036773,6963036774,0,service,상도로47나길,40.431219258286994,60.0,1,8.206773252455264,주의,True,False
숭실대,11413637873,10570464798,0,footway,,12.490675715907512,60.0,1,3.8098062009723086,양호,True,False
숭실대,11413637873,11413637802,0,service,,40.75120240185631,60.0,1,21.43767021524271,위험,False,False
숭실대,2826156923,5406793565,0,residential,사당로2가길,87.9404172256056,87.9404172256056,1,26.578050499673793,위험,False,False
숭실대,5406793565,5406793587,0,path,동작충효길,444.6727990479563,63.52468557827947,7,24.48580203149898,위험,False,False
숭실대,13322228149,12794885931,0,footway,,390.29311838133975,65.04885306355662,6,9.639008067121468,위험,True,False
숭실대,13322228149,13322228150,0,footway,,67.5497480895107,67.5497480895107,1,2.506429426138589,양호,True,False
숭실대,13322228115,13322228150,0,residential,상도로61길,54.708083288565646,60.0,1,4.0374811105487876,양호,True,False
숭실대,13149390530,13149390529,0,footway,,114.79742360964306,114.79742360964306,1,7.355815498570683,주의,True,False
숭실대,13149390530,13149390531,0,footway,,201.99542638080686,67.33180879360229,3,7.802035309888344,주의,True,False
숭실대,13149390531,12791616330,0,footway,,138.22447357541787,69.11223678770894,2,8.05925545658172,주의,True,False
숭실대,5406793616,5406793593,0,path,동작충효길,8.805115656770964,60.0,1,9.554503338128484,위험,True,False
숭실대,5406793616,5406793629,0,path,동작충효길,270.16971024490186,67.54242756122547,4,17.21128917802521,위험,False,False
숭실대,13281452472,13281452478,0,service,,64.27281019344325,64.27281019344325,1,15.364930005330473,위험,False,False
숭실대,3337436851,3337436860,0,service,,83.35847543798168,83.35847543798168,1,3.2133225968752397,양호,True,False
숭실대,3382528798,7256876661,0,path,,70.34727912663959,70.34727912663959,1,13.625246997659325,위험,False,False
숭실대,7256876661,3958853416,0,residential,상도로50길,61.0757231502793,61.0757231502793,1,25.66726532389037,위험,False,False
숭실대,3958853416,10589255419,0,residential,상도로50길,184.04786516086025,61.34928838695342,3,13.848080894907778,위험,False,False
숭실대,13319101346,11413637492,0,footway,,118.48230095551813,118.48230095551813,1,0.8454341013746622,양호,False,False
숭실대,13319101346,11413637577,0,footway,,72.43362134264041,72.43362134264041,1,3.5594466319386444,양호,True,False
숭실대,4611250951,4611263520,0,service,서달로10길,77.08331794766008,77.08331794766008,1,21.082207085135163,위험,False,False
숭실대,4611263520,4697324239,0,service,서달로10길,63.848831589994816,63.848831589994816,1,1.0861770754140914,양호,True,False
숭실대,10239817425,4697324239,0,service,,6.284122496497202,60.0,1,18.312045170533697,위험,False,False
숭실대,10239817425,4697324237,0,service,,40.95975063222696,60.0,1,1.4453732405976776,양호,True,False
숭실대,8537501420,10792799832,0,primary,관악로,31.244316748973397,60.0,1,9.329425214623797,위험,True,False
숭실대,8537416816,10792799832,0,primary,관악로,81.24717992622186,81.24717992622186,1,8.020539796307723,주의,True,False
숭실대,4619539867,8482850191,0,residential,,50.94683421261281,60.0,1,9.477340056575184,위험,True,False
숭실대,8482850191,4619539868,0,residential,,47.29639198442235,60.0,1,14.142305781288112,위험,False,False
숭실대,4619539868,4619539869,0,residential,사당로2다길,71.04540515120051,71.04540515120051,1,9.90560867368124,위험,True,False
숭실대,4619539869,8482842641,0,residential,사당로2아길,36.28782690370129,60.0,1,5.359006195887931,양호,True,False
숭실대,8482842641,4619539870,0,residential,사당로2아길,24.6581319186169,60.0,1,5.174797606970015,양호,True,False
숭실대,4619539870,4619556438,0,residential,사당로2라길,68.61205327511519,68.61205327511519,1,12.749939611247974,위험,True,False
숭실대,8482827900,4619556438,0,service,,83.12418909246733,83.12418909246733,1,11.208656246984908,위험,True,False
숭실대,4619556438,8482827909,0,residential,사당로2라길,24.745594098794747,60.0,1,14.434888154659925,위험,False,False
숭실대,8482827909,4619556441,0,residential,사당로2라길,98.66388188225349,98.66388188225349,1,14.568167876728483,위험,False,False
숭실대,4619556441,8482835723,0,residential,사당로2라길,98.45216826158575,98.45216826158575,1,14.229830875368563,위험,False,False
숭실대,8482827915,8482827916,0,service,,23.34422710547333,60.0,1,4.295170830732715,양호,True,False
숭실대,8482835723,8482827916,0,residential,사당로2자길,107.96376360992309,107.96376360992309,1,13.746709363286158,위험,False,False
숭실대,8482835723,5406793587,0,residential,사당로2자길,173.15738985299026,86.57869492649513,2,11.174312219442447,위험,True,False
숭실대,4697324250,4697324251,0,service,,57.974694894977446,60.0,1,3.324618112348728,양호,True,False
숭실대,4697324250,4697324244,0,service,,106.19839466413596,106.19839466413596,1,12.296490367637965,위험,True,False
숭실대,4697324244,4697324245,0,service,,15.326276528028705,60.0,1,16.666666666666664,위험,False,False
숭실대,4697324245,4697324249,0,service,,34.35371173930473,60.0,1,0.0,양호,False,False
숭실대,5406793587,5406793593,0,path,동작충효길,121.63597626181506,60.81798813090753,2,33.22771826097432,위험,False,False
숭실대,5406793597,8857857341,0,path,동작충효길,435.41769037575614,62.20252719653659,7,11.668198288466296,위험,True,False
숭실대,8857857341,8857857358,0,path,동작충효길,122.09741222398776,61.04870611199388,2,28.2013043251353,위험,False,False
숭실대,5406793629,12152877184,0,path,,130.85389983555166,65.42694991777583,2,6.181487048258317,주의,True,False
숭실대,13322228150,12794885932,0,footway,,77.04828081323,77.04828081323,1,8.892457251354966,위험,True,False
숭실대,10570453188,10570453205,0,footway,,151.05779567112816,75.52889783556408,2,6.6199827394352155,주의,True,False
숭실대,10570453205,10570464709,0,footway,,19.019140611343303,60.0,1,7.194379469612641,주의,True,False
숭실대,10570453193,10570464787,0,footway,,42.596814930021104,60.0,1,14.821963263120352,위험,False,False
숭실대,10570453193,10570464800,0,footway,,237.77804475969782,79.2593482532326,3,10.190588902770488,위험,True,False
숭실대,10570464800,10570464715,0,footway,,56.73055978901517,60.0,1,8.410524678131043,위험,True,False
숭실대,10570464800,10570464798,0,footway,,53.475358046134616,60.0,1,8.001621363927972,주의,True,False
숭실대,10570464798,11413637759,0,footway,,17.633423250654513,60.0,1,8.910880336356186,위험,True,False
숭실대,11413637585,10589255412,0,service,,272.6545752426391,68.16364381065978,4,8.420658216892372,위험,True,False
숭실대,11413637585,11413637584,0,footway,,98.64352501935075,98.64352501935075,1,0.7965494171006677,양호,False,False
숭실대,10589255412,10589255546,0,service,,6.871977685397696,60.0,1,6.586271157506829,주의,True,False
숭실대,10589255546,10589255561,0,path,,138.71839793628095,69.35919896814048,2,7.266068903607641,주의,True,False
숭실대,10589255561,10589255555,0,path,,121.07667833571564,60.53833916785782,2,5.796175366058472,주의,True,False
숭실대,10589255555,10589255556,0,path,,30.322563425162016,60.0,1,4.176460013767667,양호,True,False
숭실대,10589255555,10589255564,0,path,,27.691928215480445,60.0,1,3.3008805005345225,양호,True,False
숭실대,10589255556,10589255564,0,path,,13.575951461699765,60.0,1,14.27785953932883,위험,False,False
숭실대,10611854831,10611854834,0,service,,61.93577758402413,61.93577758402413,1,16.850962369895722,위험,False,False
숭실대,11413637492,11413637804,0,footway,,11.2731314616982,60.0,1,8.009314421642486,주의,True,False
숭실대,11413637804,11413637699,0,footway,,86.48084739874244,86.48084739874244,1,0.5110574961923622,양호,False,False
숭실대,11413637910,11413637699,0,footway,,76.44666595540093,76.44666595540093,1,4.34876353975925,양호,True,False
숭실대,11413637561,11413637916,0,footway,,9.128055786968266,60.0,1,6.566614780405709,주의,True,False
숭실대,11413637779,11413637879,0,footway,,8.485014708025714,60.0,1,5.228162843632719,양호,True,False
숭실대,11413637779,13597219422,0,footway,,8.735809316396017,60.0,1,1.8153716455157227,양호,True,False
숭실대,11413637697,13149390528,0,footway,,2.9462906055091023,60.0,1,2.487219670236153,양호,True,False
숭실대,13149390528,12791615981,0,footway,,52.48751774969922,60.0,1,5.676944323929808,주의,True,False
숭실대,13149390528,13149390529,0,footway,,96.27029883748739,96.27029883748739,1,5.8099160492514725,주의,True,False
중앙대,436821679,10239817468,0,primary,양녕로,14.342318211978403,60.0,1,0.6743603810529682,양호,False,False
중앙대,436821679,2825730234,0,primary,양녕로,34.0085550320579,60.0,1,1.1842378929335004e-14,양호,False,False
중앙대,436821679,10239817463,0,primary,양녕로,33.709361774237806,60.0,1,2.077237755701399,양호,True,False
중앙대,10239817468,1831853297,0,residential,,57.751169663651744,60.0,1,8.291286795341305,주의,True,False
중앙대,2825730234,4621496740,0,service,,49.81928876455686,60.0,1,0.0,양호,False,False
중앙대,10239817463,2829147721,0,service,상도로41마길,48.759391126995794,60.0,1,7.365150732231954,주의,True,False
중앙대,571454796,4644112573,0,primary,양녕로,788.0590051162288,60.619923470479144,13,24.8813797170207,위험,False,False
중앙대,436881331,3888649128,0,steps,,23.345231208659058,60.0,1,0.9903635977405875,양호,True,True
중앙대,436881331,4611246540,0,primary,현충로,126.65521033190447,63.327605165952235,2,0.814089746714031,양호,False,False
중앙대,3888649128,4612824445,0,residential,서달로14길,41.22536780647671,60.0,1,3.8169717815744875,양호,True,False
중앙대,3888649128,3888649127,0,residential,서달로14길,33.06988303256661,60.0,1,0.0,양호,False,False
중앙대,3888649162,4612824445,0,residential,서달로14길,39.481076488851684,60.0,1,3.657445605947629,양호,True,False
중앙대,4611246540,4612845666,0,steps,,37.753483288615726,60.0,1,0.1388351207628761,양호,False,True
중앙대,4611246540,436881334,0,primary,현충로,57.51232571606259,60.0,1,0.0,양호,False,False
중앙대,436881334,6964092884,0,primary,현충로,116.17779394943008,116.17779394943008,1,0.9272166390848265,양호,True,False
중앙대,436881334,2288832800,0,tertiary,서달로,90.56222769354119,90.56222769354119,1,4.378634421022495,양호,True,False
중앙대,13675095844,13675095845,0,tertiary,서달로,7.281664321717376,60.0,1,2.960594732333751e-15,양호,False,False
중앙대,13675095844,13392265479,0,primary,현충로,114.47296468332686,114.47296468332686,1,0.716669034602729,양호,False,False
중앙대,6964092884,13392265479,0,footway,,9.365961151644603,60.0,1,0.5569717829596647,양호,False,False
중앙대,6964092884,7775271115,0,footway,,37.28803465900464,60.0,1,0.9562179837543134,양호,True,False
중앙대,2288832800,4612938749,0,tertiary,서달로,40.103341976145124,60.0,1,0.9094751834791588,양호,True,False
중앙대,2288832800,3888649121,0,residential,서달로14길,9.263139062573783,60.0,1,2.4509372158547356,양호,True,False
중앙대,2288832800,4612938745,0,residential,서달로15길,127.24916262819886,63.62458131409943,2,1.6054495121102539,양호,True,False
중앙대,436883217,1831853316,0,tertiary,흑석로,26.11268572477254,60.0,1,7.103282346202882,주의,True,False
중앙대,436883217,4621482145,0,tertiary,흑석로,40.413999544797235,60.0,1,5.828658561825435,주의,True,False
중앙대,4621482145,12989020958,0,tertiary,흑석로,36.96101431285292,60.0,1,0.4843813363131015,양호,False,False
중앙대,4621482145,2829147725,0,service,상도로41마길,39.08196046538547,60.0,1,0.4920524552674266,양호,False,False
중앙대,436883219,2824550328,0,tertiary,흑석로,12.455176768931,60.0,1,3.0813896586881264,양호,True,False
중앙대,436883219,4613243688,0,tertiary,흑석로,208.54603934451958,69.51534644817319,3,11.417687476172244,위험,True,False
중앙대,2824550328,2829147720,0,tertiary,상도로53길,20.854493393414664,60.0,1,2.475273807455641,양호,True,False
중앙대,2824550328,4621486060,0,tertiary,흑석로,143.5816477867958,71.7908238933979,2,9.692757111961603,위험,True,False
중앙대,4613243688,4613243797,0,service,흑석로3길,118.29560096361043,118.29560096361043,1,11.612073648875311,위험,True,False
중앙대,4613243688,2829530627,0,tertiary,흑석로,183.13584102930673,61.04528034310224,3,18.593385543891255,위험,False,False
중앙대,436883255,5106672539,0,footway,,25.338004995330746,60.0,1,2.930146565514281,양호,True,False
중앙대,3119042928,7775271107,0,tertiary,흑석로,13.444448884503206,60.0,1,0.2270936867358131,양호,False,False
중앙대,3119042928,4613243679,0,tertiary,흑석로,41.667157428266194,60.0,1,1.096895232814905,양호,True,False
중앙대,5106672539,5106672540,0,footway,,39.82656220069434,60.0,1,0.7488189377355159,양호,False,False
중앙대,5106672539,436883256,0,footway,,51.05492660087519,60.0,1,1.3231436192736368,양호,True,False
중앙대,436883256,2829530659,0,tertiary,흑석로,43.372761517707275,60.0,1,0.13044295335555844,양호,False,False
중앙대,2829530659,2829530656,0,tertiary,흑석로,40.739752422104345,60.0,1,0.2360616419555939,양호,False,False
중앙대,2829530659,4613247248,0,service,흑석로13길,21.842206024883644,60.0,1,3.1865717197926844,양호,True,False
중앙대,7775271115,2829530656,0,tertiary,흑석로,120.12326459497493,60.06163229748746,2,2.441862150395447,양호,True,False
중앙대,4613249918,8757719544,0,footway,,196.3677973494939,65.45593244983131,3,11.46753611679827,위험,True,False
중앙대,2829530351,1831853301,0,primary,양녕로,788.6532505968498,60.66563466129614,13,31.291271870864534,위험,False,False
중앙대,2829530351,2829530357,0,residential,노량진로24길,143.69922833043455,71.84961416521728,2,11.659572737425208,위험,True,False
중앙대,1831853297,4644112576,0,residential,매봉로,3.899830827699349,60.0,1,14.104284169516237,위험,False,False
중앙대,1831853297,4621496740,0,service,상도로,86.9160343565604,86.9160343565604,1,5.660287526500749,주의,True,False
중앙대,4644112576,1831853312,0,residential,매봉로,20.587189433903323,60.0,1,15.200724081781209,위험,False,False
중앙대,4621496740,10265961154,0,service,상도로,107.47719281043913,107.47719281043913,1,2.124134062814899,양호,True,False
중앙대,4621496740,4621496741,0,service,,27.299004616756214,60.0,1,10.029615268345122,위험,True,False
중앙대,10239817464,2825701323,0,tertiary,흑석로,39.373794324416366,60.0,1,8.300596227172957,주의,True,False
중앙대,1831853303,2824550239,0,service,강남초등2길,105.21723089473528,105.21723089473528,1,4.439178938836253,양호,True,False
중앙대,2824550239,4621488498,0,residential,강남초등길,86.00794887734637,86.00794887734637,1,7.998556448165608,주의,True,False
중앙대,2824550239,2824550237,0,residential,강남초등길,48.68545014347397,60.0,1,2.2064479341965417,양호,True,False
중앙대,1831853312,14136808385,0,service,,50.09721347249318,60.0,1,5.041516646981054,양호,True,False
중앙대,14136808385,14136808384,0,service,,78.72027213292074,78.72027213292074,1,8.717803156712444,위험,True,False
중앙대,14136808385,14136808395,0,service,,50.767901519063386,60.0,1,0.0,양호,False,False
중앙대,2825701323,2829147721,0,residential,상도로41가길,48.70714047027556,60.0,1,0.6431987585498078,양호,False,False
중앙대,4621488493,4621488501,0,service,강남초등6길,67.95966873366983,67.95966873366983,1,1.517498549568196,양호,True,False
중앙대,4621488500,4621488498,0,service,강남초등4길,73.90401792892685,73.90401792892685,1,4.417357107411712,양호,True,False
중앙대,2288832799,7775271107,0,tertiary,흑석로,34.92006979944633,60.0,1,1.1989877322235376,양호,True,False
중앙대,2288832799,2288832804,0,tertiary,흑석로,31.669846520974065,60.0,1,1.540472972365663,양호,True,False
중앙대,2288832804,4612938749,0,tertiary,서달로,93.6991350984649,93.6991350984649,1,1.4362889187611922,양호,True,False
중앙대,2288832804,2824759219,0,tertiary,서달로,40.216924684500825,60.0,1,1.042608065220545,양호,True,False
중앙대,4612938749,4613243605,0,service,서달로13길,30.900881398906957,60.0,1,0.7325127998208991,양호,False,False
중앙대,3888649121,4612845666,0,residential,서달로14길,81.44127035973565,81.44127035973565,1,4.445224026420596,양호,True,False
중앙대,3888649121,4612845662,0,residential,서달로14가길,140.5297002385921,70.26485011929606,2,2.1372639211857813,양호,True,False
중앙대,4612938745,2829530656,0,residential,서달로15길,24.75229218799833,60.0,1,1.4596258056940168,양호,True,False
중앙대,4612938745,4613243610,0,service,서달로13길,63.24580367945246,63.24580367945246,1,1.0307784917577913,양호,True,False
중앙대,2824759219,10107993115,0,tertiary,서달로,28.76300174576201,60.0,1,0.37673607987472657,양호,False,False
중앙대,2824759219,4612845662,0,residential,서달로12길,81.3390216314064,81.3390216314064,1,1.1482158047298696,양호,True,False
중앙대,13363604110,2829530328,0,residential,만양로4길,98.67840543330976,98.67840543330976,1,0.8607478704434136,양호,False,False
중앙대,13363604110,13363593899,0,service,,62.48377087601355,62.48377087601355,1,0.1329915271141351,양호,False,False
중앙대,2824550219,2824550237,0,service,,44.634401375555235,60.0,1,6.312302858794277,주의,True,False
중앙대,2824550220,2824550236,0,residential,강남초등길,17.824945615407064,60.0,1,6.0372131256554225,주의,True,False
중앙대,2824550220,4621493611,0,tertiary,매봉로,55.403246598565815,60.0,1,0.20367034375110413,양호,False,False
중앙대,2824550237,2824550236,0,residential,강남초등길,30.353898678887134,60.0,1,8.412509591723373,위험,True,False
중앙대,2824550236,8483283650,0,service,매봉로2길,29.04574931647668,60.0,1,7.532567689949753,주의,True,False
중앙대,4621493611,10239817443,0,tertiary,매봉로,5.114679075469602,60.0,1,1.6473708040663126,양호,True,False
중앙대,4621493611,4621493613,0,service,매봉로4길,63.59956303123431,63.59956303123431,1,7.699549385405858,주의,True,False
중앙대,8483283650,8483284778,0,service,,47.623094964647535,60.0,1,8.13329496732353,주의,True,False
중앙대,8483283650,4621493642,0,service,매봉로2길,90.79856901839759,90.79856901839759,1,2.386745001136354,양호,True,False
중앙대,4621488498,4621488496,0,residential,강남초등길,25.970226572087448,60.0,1,6.303270602453151,주의,True,False
중앙대,2824550249,4621475854,0,residential,상도로47길,13.303162224245675,60.0,1,5.743025821767003,주의,True,False
중앙대,2824550249,2825701329,0,residential,상도로41길,36.68126521427603,60.0,1,0.7297972484402493,양호,False,False
중앙대,2824550249,4621475847,0,residential,상도로47길,26.63010739394105,60.0,1,1.237362326907423,양호,True,False
중앙대,4621475854,2825701337,0,residential,상도로47길,38.0599895742248,60.0,1,8.551654681687092,위험,True,False
중앙대,2825701329,8483442364,0,residential,상도로41길,51.78385891613622,60.0,1,0.0,양호,False,False
중앙대,2825701329,4621475847,0,residential,상도로41길,26.971340084561767,60.0,1,0.38573549015971764,양호,False,False
중앙대,2824550253,2825701327,0,residential,상도로47길,24.105913593335682,60.0,1,0.9587315932721434,양호,True,False
중앙대,2824550253,2825731308,0,residential,상도로47길,69.20079446721493,69.20079446721493,1,0.23843916829311448,양호,False,False
중앙대,2825701327,2825731327,0,service,상도로45길,78.77224269092459,78.77224269092459,1,1.423906774586869,양호,True,False
중앙대,2825701327,2825701322,0,service,상도로45길,93.6780138068635,93.6780138068635,1,8.85405835094516,위험,True,False
중앙대,2825701327,4621475838,0,residential,상도로47길,60.768669718394605,60.768669718394605,1,9.459088296242756,위험,True,False
중앙대,2825731331,2825701322,0,service,상도로47다길,78.12195761076015,78.12195761076015,1,3.259191086886415,양호,True,False
중앙대,2825731308,2825731327,0,service,상도로47길,65.86832408323284,65.86832408323284,1,2.7768605269066873,양호,True,False
중앙대,2825731308,2825730230,0,residential,상도로47길,50.43542474292076,60.0,1,3.5650134739087376,양호,True,False
중앙대,2824550259,2825706570,0,residential,상도로47길,48.13799489320594,60.0,1,4.644653381455346,양호,True,False
중앙대,2825706570,2825730230,0,residential,상도로47길,45.199767503761926,60.0,1,5.652104249605519,주의,True,False
중앙대,2824550315,4621460692,0,tertiary,상도로53길,129.3147151831666,64.6573575915833,2,9.102850270936742,위험,True,False
중앙대,2824550315,4621466918,0,tertiary,상도로53길,95.3505183512097,95.3505183512097,1,6.8529998928647435,주의,True,False
중앙대,2824550315,6963036771,0,service,상도로47나길,47.078016692361956,60.0,1,14.635398677080195,위험,False,False
중앙대,4621460692,2825706556,0,tertiary,상도로53길,38.54116564051539,60.0,1,0.5162676172178257,양호,False,False
중앙대,4621466918,2825731322,0,tertiary,상도로53길,82.3128811122517,82.3128811122517,1,5.512744294202014,양호,True,False
중앙대,4621466918,2825731332,0,service,상도로53길,51.95960750023447,60.0,1,18.933397265534282,위험,False,False
중앙대,2824550318,2825731322,0,tertiary,상도로53길,3.4402819778235827,60.0,1,0.8931122602883809,양호,True,False
중앙대,2824550318,4621475837,0,tertiary,상도로53길,56.45614905013567,60.0,1,3.5973798547664395,양호,True,False
중앙대,2824550318,3713180481,0,service,,504.88653423083616,63.11081677885452,8,11.3991285176033,위험,True,False
중앙대,2825731322,2825731302,0,service,상도로53길,61.948244679833934,61.948244679833934,1,10.360504478125474,위험,True,False
중앙대,4621475837,2825701322,0,service,상도로53길,41.141937562918514,60.0,1,15.88503640728656,위험,False,False
중앙대,4621475837,2824550321,0,tertiary,상도로53길,107.34619078492247,107.34619078492247,1,0.43428131479312176,양호,False,False
중앙대,3713180481,2825711099,0,tertiary,상도로53길,7.575051906472408,60.0,1,10.649713955563342,위험,True,False
중앙대,2824550321,8761605951,0,tertiary,상도로53길,143.97940423756012,71.98970211878006,2,6.824501071820969,주의,True,False
중앙대,2824550321,2825701309,0,service,,96.38010828162106,96.38010828162106,1,3.4573375117945844,양호,True,False
중앙대,8761605951,2829147711,0,tertiary,상도로53길,82.32518449661944,82.32518449661944,1,5.61594828208761,주의,True,False
중앙대,8761605951,8761605888,0,"['path', 'steps']",동작충효길,695.8327376470875,63.257521604280676,11,14.661112059508778,위험,False,True
중앙대,2825701309,2829147710,0,service,상도로47바길,65.99520234248132,65.99520234248132,1,8.991100884107393,위험,True,False
중앙대,2824550326,2829147711,0,tertiary,상도로53길,6.359273122621254,60.0,1,1.729305893732563,양호,True,False
중앙대,2824550326,2829147720,0,tertiary,상도로53길,83.21796812346598,83.21796812346598,1,5.490474064908052,양호,True,False
중앙대,2824550326,4621486051,0,service,상도로47아길,72.91702386569372,72.91702386569372,1,3.499890146302817,양호,True,False
중앙대,2829147711,2829147710,0,service,,44.915291673329406,60.0,1,2.6544116531115236,양호,True,False
중앙대,2829147720,4621486051,0,service,상도로47아길,82.1587138159162,82.1587138159162,1,2.4550593968997965,양호,True,False
중앙대,4621486060,12989020958,0,tertiary,흑석로,42.800705860025175,60.0,1,3.8807475582330158,양호,True,False
중앙대,4621486060,4621488491,0,residential,강남초등길,45.61480337039566,60.0,1,4.535768035873649,양호,True,False
중앙대,4621486060,4621482136,0,residential,상도로47길,86.80787848591011,86.80787848591011,1,9.058657409993218,위험,True,False
중앙대,2824759203,13816446695,0,tertiary,서달로,221.8133138831433,73.93777129438111,3,17.18347526697413,위험,False,False
중앙대,2824759203,2824759300,0,residential,서달로1길,210.12335620500946,70.04111873500315,3,16.876147433090683,위험,False,False
중앙대,2824759203,2824759222,0,residential,서달로,154.93447115445974,77.46723557722987,2,16.48815659915143,위험,False,False
중앙대,13816446695,12864823352,0,tertiary,서달로,100.32145119725662,100.32145119725662,1,5.508144332421499,양호,True,False
중앙대,13816446695,4611303880,0,residential,,333.6100435457537,66.72200870915074,5,17.36154693820495,위험,False,False
중앙대,2824759300,2824759222,0,residential,서달로,64.55182131746783,64.55182131746783,1,7.087179411066883,주의,True,False
중앙대,2824759300,12816428872,0,residential,서달로,31.203795901099276,60.0,1,12.666363617413293,위험,True,False
중앙대,2824759222,4697324255,0,residential,서달로2길,349.9940712814536,69.99881425629073,5,6.623405137493778,주의,True,False
중앙대,10107993115,12864823352,0,tertiary,서달로,360.1085628546346,60.01809380910577,6,7.565288595997368,주의,True,False
중앙대,10107993115,4612845662,0,residential,,182.0401373804823,60.680045793494095,3,1.0448016910581734,양호,True,False
중앙대,4697324255,4697324244,0,service,,60.06618534337821,60.06618534337821,1,11.556126945397232,위험,True,False
중앙대,2824759242,2825711987,0,residential,서달로,23.93233635250143,60.0,1,3.0297529535910193,양호,True,False
중앙대,2824759242,2825714904,0,service,,244.81893499222303,61.20473374805576,4,8.01410560868888,주의,True,False
중앙대,2825711987,2825711424,0,residential,상도로55길,71.35342486476668,71.35342486476668,1,5.774670236061471,주의,True,False
중앙대,2825714904,2825714913,0,residential,상도로55길,225.87379930366188,75.29126643455396,3,10.491468078898485,위험,True,False
중앙대,12816428872,8857857355,0,"['path', 'steps']",,52.64871973439809,60.0,1,19.948458371658806,위험,False,True
중앙대,2825701311,2825730232,0,residential,상도로41길,18.044791625308097,60.0,1,11.47994906637893,위험,True,False
중앙대,2825701311,8483442364,0,residential,상도로41길,85.19429557778781,85.19429557778781,1,8.445238699977411,위험,True,False
중앙대,2825701311,4621475849,0,residential,상도로41가길,24.379692037155127,60.0,1,7.908870332228339,주의,True,False
중앙대,2825730232,2825730228,0,residential,상도로41길,15.681160592129205,60.0,1,6.489665411392025,주의,True,False
중앙대,4621475849,2825701315,0,residential,상도로41가길,30.677698071237746,60.0,1,10.290958747802687,위험,True,False
중앙대,2825701315,8483442363,0,service,상도로41다길,63.896327607630234,63.896327607630234,1,0.6458950169926421,양호,False,False
중앙대,2825701315,4621478345,0,residential,상도로41가길,49.68763928227689,60.0,1,1.4124079071671147,양호,True,False
중앙대,2825701315,10708858396,0,service,,28.447053595590447,60.0,1,0.04298039490018132,양호,False,False
중앙대,8483442363,8483442362,0,service,,27.003411745982216,60.0,1,6.550752850357651,주의,True,False
중앙대,8483442363,2825701337,0,service,상도로41다길,106.44299123569374,106.44299123569374,1,4.317184569908812,양호,True,False
중앙대,4621478345,4621482143,0,residential,상도로41가길,41.93396378591161,60.0,1,0.0,양호,False,False
중앙대,4621478345,10708858400,0,service,상도로39길,36.022249311917705,60.0,1,0.0,양호,False,False
중앙대,2825706567,2825730228,0,residential,상도로41길,27.561544672929735,60.0,1,3.965043989686592,양호,True,False
중앙대,2825706567,4626863240,0,service,상도로37길,88.35415278250743,88.35415278250743,1,0.47233731872559015,양호,False,False
중앙대,2825701337,4621486058,0,residential,상도로47길,60.10808709806261,60.10808709806261,1,1.2169463794747541,양호,True,False
중앙대,2829147721,11871139992,0,residential,상도로41가길,33.013531590137056,60.0,1,1.2864563192694807,양호,True,False
중앙대,4621469141,4626863240,0,service,상도로43길,45.98642784603963,60.0,1,0.7502984017870299,양호,False,False
중앙대,4621486058,4621482136,0,residential,상도로47길,36.27256386382045,60.0,1,3.545538617914718,양호,True,False
중앙대,2825711099,2825711071,0,residential,상도로53가길,51.0970340945213,60.0,1,0.8998250966000398,양호,True,False
중앙대,2825706556,11413637479,0,footway,,18.35635521115025,60.0,1,18.654875807223828,위험,False,False
중앙대,2825730230,2825730235,0,service,상도로47가길,78.62234302423667,78.62234302423667,1,3.3140335894593247,양호,True,False
중앙대,2825711071,2825711413,0,residential,상도로53가길,115.24595970411488,115.24595970411488,1,2.8946555633244606,양호,True,False
중앙대,2825711413,3713157340,0,residential,상도로55길,142.46893749619534,71.23446874809767,2,8.446650927991273,위험,True,False
중앙대,3713157340,2825714913,0,residential,상도로55길,0.6097821228548,60.0,1,14.330301986888305,위험,False,False
중앙대,3713157340,12785639986,0,service,,24.643983951350435,60.0,1,0.7617786159919149,양호,False,False
중앙대,2825711424,4686503139,0,residential,상도로55길,97.2330326728827,97.2330326728827,1,6.378663508255196,주의,True,False
중앙대,2825714913,4654271182,0,service,,123.50093289251089,61.750466446255444,2,16.367844358631206,위험,False,False
중앙대,2825730231,4621482143,0,residential,상도로41가길,34.741435165249506,60.0,1,8.333333333333332,주의,True,False
중앙대,2825730231,11871139992,0,residential,상도로41가길,21.479010228162338,60.0,1,8.055846751549657,주의,True,False
중앙대,2825730231,10712384714,0,service,양녕로,86.70750954370313,86.70750954370313,1,5.766513219342154,주의,True,False
중앙대,11871139992,11871139989,0,service,,60.42128404679161,60.42128404679161,1,7.576021349597806,주의,True,False
중앙대,6963036773,6963036774,0,service,상도로47나길,40.431219258286994,60.0,1,8.206773252455264,주의,True,False
중앙대,12989020955,12989020958,0,service,흑석로 8,60.023371501924935,60.023371501924935,1,0.0,양호,False,False
중앙대,2829147730,4621488491,0,service,강남초등8길,111.21348821525606,111.21348821525606,1,0.3736806640847114,양호,False,False
중앙대,4621488491,4621488496,0,residential,강남초등길,27.547645220695877,60.0,1,3.1892373680062156,양호,True,False
중앙대,2829530328,10239817443,0,tertiary,매봉로,27.70082287441872,60.0,1,1.3851663852905933,양호,True,False
중앙대,2829530328,3119042912,0,tertiary,매봉로,116.73091620811815,116.73091620811815,1,10.738742796244068,위험,True,False
중앙대,2829530337,4613249929,0,residential,노량진로32길,77.45964130615431,77.45964130615431,1,6.87888015751479,주의,True,False
중앙대,3119042912,3119042915,0,tertiary,매봉로,34.464904495327175,60.0,1,11.715642665144065,위험,True,False
중앙대,2829530336,4613249929,0,residential,노량진로32길,9.039429823770455,60.0,1,1.0644463928716992,양호,True,False
중앙대,2829530336,11179633109,0,residential,흑석로9길,54.31583521770307,60.0,1,7.508825773215584,주의,True,False
중앙대,2829530336,4613270057,0,residential,노량진로32길,64.68429686130482,64.68429686130482,1,3.7929358511250797,양호,True,False
중앙대,4613249929,4613270035,0,residential,노량진로26길,73.57766074410846,73.57766074410846,1,22.562549180767576,위험,False,False
중앙대,11179633109,2829530608,0,residential,흑석로9길,35.56933664281795,60.0,1,10.091256087696769,위험,True,False
중앙대,11179633109,11179633112,0,residential,,66.9367069824238,66.9367069824238,1,0.17364060637504983,양호,False,False
중앙대,4613270057,4613270050,0,service,노량진로28길,125.03003265689817,62.515016328449086,2,17.57160774367394,위험,False,False
중앙대,4613270057,4613249938,0,residential,노량진로32길,117.2859840837321,117.2859840837321,1,1.8954047915555015,양호,True,False
중앙대,2829530350,2829530357,0,residential,노량진로24길,10.52784206431241,60.0,1,15.384989768035512,위험,False,False
중앙대,2829530357,8757719544,0,residential,,8.73428223117235,60.0,1,12.306397213644757,위험,True,False
중앙대,2829530608,4613243818,0,residential,흑석로9길,9.049606780021781,60.0,1,19.005751112559572,위험,False,False
중앙대,2829530608,4613243797,0,service,흑석로3길,317.54239692191004,63.50847938438201,5,6.603620789722486,주의,True,False
중앙대,4613243818,2829530610,0,residential,흑석로9길,49.44670220696004,60.0,1,17.26814001660352,위험,False,False
중앙대,4613243818,4613243675,0,service,흑석로3길,164.02838165078242,82.01419082539121,2,3.4155701475778635,양호,True,False
중앙대,4613243797,4621493630,0,service,흑석로3길,99.65436185112401,99.65436185112401,1,20.297254018908244,위험,False,False
중앙대,2829530610,4613243680,0,residential,흑석로9길,29.853091631074307,60.0,1,13.039878957760251,위험,False,False
중앙대,2829530610,2829530627,0,service,흑석로5길,262.7961905714676,65.6990476428669,4,14.254473001661887,위험,False,False
중앙대,4613243680,2890319153,0,service,흑석로7길,233.24830414612046,77.74943471537348,3,14.09720550178553,위험,False,False
중앙대,2829530627,4613243837,0,residential,흑석로6길,9.562493966077522,60.0,1,15.73267171065019,위험,False,False
중앙대,2829530627,2890319153,0,tertiary,흑석로,127.84405818562728,63.92202909281364,2,6.932678605377903,주의,True,False
중앙대,2829530617,2829530641,0,service,흑석로5길,140.0934233476833,70.04671167384166,2,8.453783231663028,위험,True,False
중앙대,2829530641,2829530643,0,residential,흑석로13길,110.76969703324154,110.76969703324154,1,12.88055459009405,위험,True,False
중앙대,4613243677,2829530643,0,service,흑석로13마길,147.5423095641906,73.7711547820953,2,10.831028111160352,위험,True,False
중앙대,4613243677,4613247245,0,residential,흑석로11길,83.19822679069935,83.19822679069935,1,24.506384082714856,위험,False,False
중앙대,4613243677,4178779526,0,service,흑석로13마길,39.48178283127633,60.0,1,16.8337665899746,위험,False,False
중앙대,4613243837,4613243825,0,residential,흑석로6길,44.76002808233427,60.0,1,3.484076666071492,양호,True,False
중앙대,4613243837,4613243835,0,service,흑석로6가길,73.58151887117145,73.58151887117145,1,3.6546134368051826,양호,True,False
중앙대,2890319153,4613247240,0,tertiary,흑석로,62.99915732951321,62.99915732951321,1,3.228805386140776,양호,True,False
중앙대,2829530628,2829530629,0,residential,흑석로9길,44.02518928446719,60.0,1,3.7878969398483875,양호,True,False
중앙대,2829530628,4613243821,0,residential,흑석로10길,83.25523383473657,83.25523383473657,1,1.5939094989236249,양호,True,False
중앙대,2829530628,4613243679,0,tertiary,흑석로,36.87612433525367,60.0,1,1.5743879792314144,양호,True,False
중앙대,2829530628,4613243823,0,tertiary,흑석로,67.41122003895768,67.41122003895768,1,2.469345785674706,양호,True,False
중앙대,4613243821,4613243823,0,residential,"['흑석로8길', '흑석로10길']",108.15846995462843,108.15846995462843,1,0.31213740431293446,양호,False,False
중앙대,4613243821,10232790207,0,service,,63.11348537937526,63.11348537937526,1,3.1221850645286446,양호,True,False
중앙대,4613243823,8323580239,0,service,흑석로13가길,30.96890169713483,60.0,1,0.0610680510101543,양호,False,False
중앙대,4613243823,7775271120,0,tertiary,흑석로,23.759164024635375,60.0,1,1.7401006255713816,양호,True,False
중앙대,4613247245,5106672540,0,residential,흑석로11길,45.63596392939984,60.0,1,4.423619680862026,양호,True,False
중앙대,4613247245,4613247248,0,service,흑석로13가길,132.2024479034971,66.10122395174855,2,3.015247036106674,양호,True,False
중앙대,2829530643,10232790156,0,tertiary,흑석로,65.69352439808918,65.69352439808918,1,13.657620206412766,위험,False,False
중앙대,10232790156,10232790157,0,tertiary,흑석로,55.74312258751466,60.0,1,5.931303447526899,주의,True,False
중앙대,10232790156,10232790154,0,service,,67.1332489900536,67.1332489900536,1,4.556649508184384,양호,True,False
중앙대,2829530656,10232790157,0,tertiary,흑석로,48.53841874283485,60.0,1,2.868044419047034,양호,True,False
중앙대,10232790157,10232790154,0,service,,13.280226315510088,60.0,1,0.8180834732034489,양호,False,False
중앙대,4613247248,10232790154,0,service,흑석로13길,38.439755428908775,60.0,1,2.4059483443506067,양호,True,False
중앙대,2829530668,4613247241,0,service,흑석로13마길,79.38567317398129,79.38567317398129,1,0.6058246234643752,양호,False,False
중앙대,4613247241,4613247240,0,service,흑석로13마길,14.679550499764495,60.0,1,0.0,양호,False,False
중앙대,4613247240,7775271120,0,tertiary,흑석로,12.644693095198347,60.0,1,0.8196086449441223,양호,False,False
중앙대,4613243825,6963043036,0,service,흑석로6길,50.18152524233634,60.0,1,8.84514254230855,위험,True,False
중앙대,3119042913,3119042915,0,service,,170.45456750449657,85.22728375224828,2,4.106866194881649,양호,True,False
중앙대,3119042915,12056780871,0,tertiary,매봉로,92.70676084517042,92.70676084517042,1,9.13432523811077,위험,True,False
중앙대,12056766167,12056780871,0,service,,113.15159129777626,113.15159129777626,1,9.518100336066157,위험,True,False
중앙대,4612845666,4612824428,0,residential,서달로14나길,23.620872675719866,60.0,1,0.9844500733793874,양호,True,False
중앙대,4612845666,3888649126,0,residential,서달로14길,57.66087002713634,60.0,1,0.0688338529159734,양호,False,False
중앙대,3888649126,3888649127,0,residential,서달로14길,35.39785292974002,60.0,1,0.0,양호,False,False
중앙대,3888649127,4612824441,0,service,서달로14바길,48.20936975308931,60.0,1,0.0,양호,False,False
중앙대,4612824441,4612824427,0,service,서달로14바길,44.40715847718134,60.0,1,0.03955233952631272,양호,False,False
중앙대,4611290232,3888649136,0,residential,서달로14라길,94.22281834078481,94.22281834078481,1,5.885252773256991,주의,True,False
중앙대,4611290232,4611290226,0,service,현충로6길,84.7439308248519,84.7439308248519,1,1.0442030000809228,양호,True,False
중앙대,3888649136,4611246528,0,tertiary,흑석한강로,79.39629359714961,79.39629359714961,1,2.870824693824567,양호,True,False
중앙대,3888649136,3888649139,0,tertiary,흑석한강로,71.514651452954,71.514651452954,1,6.768680307454947,주의,True,False
중앙대,3888649139,4611303880,0,"['tertiary', 'residential']",흑석한강로,339.44903025711744,67.88980605142349,5,8.767077735686554,위험,True,False
중앙대,3888649139,6215701774,0,service,,88.00368884019949,88.00368884019949,1,3.299971487028904,양호,True,False
중앙대,4611303880,4611263521,0,residential,흑석한강로,148.83150344892118,74.41575172446059,2,12.639898672729071,위험,True,False
중앙대,8482522490,7775281607,0,primary,현충로,31.94578186920248,60.0,1,5.501131776943111,양호,True,False
중앙대,4611250951,4611263521,0,residential,"['흑석한강로', '서달로2길']",69.60686565843483,69.60686565843483,1,15.546273333989333,위험,False,False
중앙대,4611250951,4611263520,0,service,서달로10길,77.08331794766008,77.08331794766008,1,21.082207085135163,위험,False,False
중앙대,4611263521,4611263519,0,service,,50.51121374077694,60.0,1,14.60859145762278,위험,False,False
중앙대,4611263520,4697324239,0,service,서달로10길,63.848831589994816,63.848831589994816,1,1.0861770754140914,양호,True,False
중앙대,10239817425,4697324239,0,service,,6.284122496497202,60.0,1,18.312045170533697,위험,False,False
중앙대,10239817425,4697324237,0,service,,40.95975063222696,60.0,1,1.4453732405976776,양호,True,False
중앙대,4611290233,7775281607,0,primary,현충로,2.507096971221133,60.0,1,3.6135266576182388,양호,True,False
중앙대,4611290233,4611290237,0,service,현충로8길,48.8982149996323,60.0,1,0.21783724931349133,양호,False,False
중앙대,4621493630,4621493618,0,service,매봉로4가길,162.15868514490361,81.07934257245181,2,6.992863418493863,주의,True,False
중앙대,4621493630,4621493631,0,service,흑석로3길,45.02832770756954,60.0,1,8.416989465113383,위험,True,False
중앙대,6963043036,4613243829,0,service,흑석로6길,203.28863367869783,67.76287789289928,3,10.852105452328416,위험,True,False
중앙대,4613243829,4613243835,0,service,흑석로6가길,174.14886564050758,87.07443282025379,2,9.887007919965725,위험,True,False
중앙대,4613270071,4613249924,0,residential,노량진로26길,53.91164795146206,60.0,1,5.052029460815366,양호,True,False
중앙대,4613267682,4613249924,0,residential,노량진로26길,23.309917961143366,60.0,1,10.336227110116832,위험,True,False
중앙대,4613249924,4613270044,0,residential,노량진로26길,66.36725742450443,66.36725742450443,1,5.749867479879427,주의,True,False
중앙대,4613270044,4613270031,0,residential,노량진로26길,13.715433910486718,60.0,1,8.131944784076666,주의,True,False
중앙대,4613270035,4613270056,0,residential,노량진로26길,12.90895385446459,60.0,1,17.445424105389396,위험,False,False
중앙대,4613270050,4613270056,0,service,노량진로26길,110.71926535146375,110.71926535146375,1,1.323748865399526,양호,True,False
중앙대,4613249938,4613249952,0,residential,노량진로32길,44.815524505280585,60.0,1,9.920705684974417,위험,True,False
중앙대,4613249952,9555870578,0,residential,노량진로30길,256.47712340470036,64.11928085117509,4,15.12956313175724,위험,False,False
중앙대,4613249952,4613249965,0,residential,노량진로32길,62.3001399097099,62.3001399097099,1,2.9359947143406857,양호,True,False
중앙대,4613249965,10579158603,0,"['service', 'path']",노량진로32길,260.3235011154196,65.0808752788549,4,16.33970534088133,위험,False,False
중앙대,4613270031,4613270045,0,residential,노량진로26길,46.863839766804794,60.0,1,10.145973287557334,위험,True,False
중앙대,4613270045,4613270056,0,residential,노량진로26길,51.17668559799422,60.0,1,16.14222212452917,위험,False,False
중앙대,4621488496,4621488501,0,service,강남초등6길,72.61497053756692,72.61497053756692,1,1.4202126361688094,양호,True,False
중앙대,4621493613,4621493616,0,service,매봉로4길,63.66085346799699,63.66085346799699,1,12.244170640147784,위험,True,False
중앙대,4621493613,8483284778,0,service,,21.903279558150324,60.0,1,8.223158323162256,주의,True,False
중앙대,4621493616,4621493615,0,service,매봉로4길,35.92915327625735,60.0,1,20.675949248095026,위험,False,False
중앙대,4621493642,4621493643,0,service,매봉로2길,74.8695315052154,74.8695315052154,1,9.59631747255852,위험,True,False
중앙대,5215341513,6964092877,0,footway,,522.980323065015,65.37254038312687,8,7.209462099899164,주의,True,False
중앙대,6964092877,6964092883,0,footway,,123.82632100313496,61.91316050156748,2,17.277280590472213,위험,False,False
중앙대,6964092883,6964093585,0,footway,,48.474851914549305,60.0,1,5.932829282115304,주의,True,False
중앙대,6964093585,13675095845,0,footway,,116.11224752541763,116.11224752541763,1,0.5298991993738642,양호,False,False
중앙대,13675095845,13675095847,0,tertiary,서달로,52.12912536220441,60.0,1,2.960594732333751e-15,양호,False,False
중앙대,12864823352,12864823363,0,residential,,164.24779676032063,82.12389838016031,2,6.631659825235306,주의,True,False
중앙대,13363604104,13363593899,0,service,,120.7699817977094,60.3849908988547,2,6.85839915364351,주의,True,False
