학교,u,v,key,highway,name,length_m,급한전환,횡단_배분,C이벤트
숭실대,2825727213,11413637819,0,footway,,8.061898623253231,0,0.0,0.0
숭실대,2825727213,2825728925,0,tertiary,관악로40길,43.63489079599876,0,0.5,0.5
숭실대,2825727213,11413637528,0,"['footway', 'steps']",,113.88868338273548,3,0.0,3.0
숭실대,11413637586,8537416816,0,primary,관악로,93.22109251577463,0,0.6666666666666666,0.6666666666666666
숭실대,11413637586,11413637819,0,footway,,20.489097161567987,1,0.6666666666666666,1.6666666666666665
숭실대,11413637586,11413637622,0,footway,,49.33282579734006,1,0.6666666666666666,1.6666666666666665
숭실대,1872054485,969906543,0,primary,"['관악로', '상도로']",166.5226236035317,0,0.5,0.5
숭실대,436821652,2825727130,0,service,상도로68길,26.939767494360982,0,0.0,0.0
숭실대,436821652,969906543,0,primary,상도로,16.88421651028923,0,0.5,0.5
숭실대,436821652,436821653,0,primary,상도로,28.232757655453668,0,0.5,0.5
숭실대,2825727130,11413637533,0,footway,,12.741431528538778,0,0.0,0.0
숭실대,2825727130,2825727126,0,service,상도로68길,89.07404638996496,0,0.0,0.0
숭실대,2825727130,11413637692,0,footway,,88.3607244853932,0,0.0,0.0
숭실대,969906543,11413637845,0,footway,,15.15255090239339,0,0.5,0.5
숭실대,969906543,11413637533,0,footway,,26.198947888724966,0,0.5,0.5
숭실대,436821653,14074780684,0,primary,상도로,132.95581567996618,0,0.5,0.5
숭실대,14074780684,12864837514,0,service,,96.08865458424151,1,0.0,1.0
숭실대,436821663,11413637825,0,primary,상도로,18.075145887705695,0,0.0,0.0
숭실대,13316391021,13528976148,0,primary,상도로,17.961643990377414,0,2.0,2.0
숭실대,11413637825,13528976148,0,footway,,11.886500108670223,0,0.0,0.0
숭실대,11413637825,11413637566,0,footway,,5.685771996039504,0,0.0,0.0
숭실대,436849858,2824759281,0,primary,사당로,8.182920000320626,0,0.5,0.5
숭실대,436849858,8482789908,0,primary,사당로,349.6022190642742,0,0.5,0.5
숭실대,2824759281,12785639994,0,residential,서달로,61.209728906799036,0,0.5,0.5
숭실대,2824759281,13322228135,0,tertiary,관악로40길,113.4949545526566,0,1.1666666666666665,1.1666666666666665
숭실대,2824759281,5746089412,0,primary,사당로,116.79179463789632,0,0.5,0.5
숭실대,14076316446,13322228135,0,service,,244.38547659568604,1,0.6666666666666666,1.6666666666666665
숭실대,8482789908,8482835723,0,residential,,39.76539822170195,0,0.75,0.75
숭실대,11413637533,11413637528,0,footway,,165.1644605145188,0,0.0,0.0
숭실대,1667060265,6428306251,0,steps,,70.0249446311356,0,0.0,0.0
숭실대,1667060265,7552260751,0,service,,6.378182435089135,0,0.0,0.0
숭실대,1667060265,1667060481,0,service,,151.18709376836037,0,0.0,0.0
숭실대,1667060481,1667060965,0,service,,194.68814861720327,0,0.0,0.0
숭실대,1667060481,7552118318,0,service,,196.67063103543734,0,0.0,0.0
숭실대,1667060965,2943859173,0,service,,83.67217952144142,0,0.0,0.0
숭실대,1667060931,2943859173,0,service,,9.970210281783519,0,0.0,0.0
숭실대,2943859173,5406793616,0,path,,529.3391643797102,0,0.0,0.0
숭실대,1872054412,11413637670,0,service,,14.561883667429294,0,1.0,1.0
숭실대,1872054412,13324709490,0,tertiary,성현로,66.43073569469993,0,3.0,3.0
숭실대,11413637670,11177542025,0,service,,13.157088221198606,0,0.0,0.0
숭실대,11413637670,11413637576,0,footway,,14.319916260941351,0,0.0,0.0
숭실대,11413637670,11413637648,0,footway,,76.56320811820467,0,0.0,0.0
숭실대,11413637794,11413637576,0,footway,,10.84911164058559,0,0.0,0.0
숭실대,11413637794,11413637699,0,footway,,10.562383557627875,0,0.0,0.0
숭실대,1872054413,11413637654,0,tertiary,성현로,126.17893820358658,0,2.0,2.0
숭실대,11413637654,11413637577,0,footway,,8.980752201861408,0,0.0,0.0
숭실대,11413637654,1872054423,0,tertiary,성현로,119.60559239971978,0,0.0,0.0
숭실대,1872054423,11413637545,0,tertiary,성현로,15.900123791213122,0,0.6666666666666666,0.6666666666666666
숭실대,11413637545,1872054458,0,tertiary,성현로,27.906370746922715,0,0.6666666666666666,0.6666666666666666
숭실대,11413637545,11413637659,0,footway,,8.20800646018006,0,0.6666666666666666,0.6666666666666666
숭실대,1872054458,11413637563,0,service,,8.813192649713224,0,0.0,0.0
숭실대,11413637563,11413637898,0,footway,,180.06411783781616,0,2.0,2.0
숭실대,11413637563,11413637721,0,service,,122.7527768140427,2,0.0,2.0
숭실대,10701233216,2162056432,0,residential,관악로37길,17.24955134940707,0,0.0,0.0
숭실대,2161099551,2162056432,0,residential,관악로37길,35.365133707094266,0,0.0,0.0
숭실대,2161099551,10701233221,0,residential,관악로37길,13.543217096532938,0,0.0,0.0
숭실대,2161099551,10701233217,0,service,,31.642685751882446,0,0.0,0.0
숭실대,10701233221,10792799832,0,residential,관악로37길,55.942967573010485,0,0.3333333333333333,0.3333333333333333
숭실대,2477234006,11177542025,0,service,,50.44577562906332,1,0.0,1.0
숭실대,11177542025,2477234581,0,service,,29.062326053172022,0,0.0,0.0
숭실대,2477234581,2477234585,0,service,,91.02019982962156,1,0.0,1.0
숭실대,2825701327,2825701322,0,service,상도로45길,93.6780138068635,0,0.0,0.0
숭실대,2825731308,2825731303,0,service,상도로47나길,91.27911100481452,0,0.0,0.0
숭실대,2824550259,2825701326,0,primary,상도로,91.30122865709231,0,0.3333333333333333,0.3333333333333333
숭실대,2824550259,2825706570,0,residential,상도로47길,48.13799489320594,0,0.3333333333333333,0.3333333333333333
숭실대,2824550259,11413637598,0,primary,상도로,77.81851951078644,0,0.3333333333333333,0.3333333333333333
숭실대,2825701326,2825706577,0,service,상도로45길,47.58826704818358,0,0.0,0.0
숭실대,11413637598,2824550264,0,primary,상도로,7.899328094721255,0,1.0,1.0
숭실대,11413637598,11413637573,0,footway,,24.319807029078746,1,0.0,1.0
숭실대,2824550264,11413637573,0,service,상도로49길,14.842732397036093,0,1.0,1.0
숭실대,11413637573,11413637581,0,footway,,63.47942732309823,0,0.0,0.0
숭실대,11413637475,11413637759,0,footway,,8.447293322735483,0,0.3333333333333333,0.3333333333333333
숭실대,11413637475,11413637584,0,footway,,9.680023884380763,0,0.3333333333333333,0.3333333333333333
숭실대,11413637475,10589255419,0,residential,상도로50길,207.51488134975622,0,0.3333333333333333,0.3333333333333333
숭실대,11413637581,11413637916,0,footway,,80.2510098832945,0,0.0,0.0
숭실대,11413637820,13597219422,0,footway,,12.67031693669353,0,0.0,0.0
숭실대,11413637820,11413637916,0,footway,,10.858776404527081,0,0.0,0.0
숭실대,2824550283,11413637666,0,service,상도로52길,24.26498149827314,0,0.0,0.0
숭실대,11413637831,2824550279,0,service,상도로52길,4.924502495624352,0,0.0,0.0
숭실대,11413637831,11413637888,0,footway,,66.63080825589057,0,0.0,0.0
숭실대,2824550282,3337436846,0,residential,상도로50길,16.78902365393332,0,0.0,0.0
숭실대,3337436846,11413637596,0,residential,상도로50길,8.759038347252073,0,0.0,0.0
숭실대,3337436846,13281452472,0,service,상도로50길,87.55021407312329,0,0.0,0.0
숭실대,11413637666,11413637779,0,footway,,79.76866110846474,0,0.0,0.0
숭실대,11413637666,11413637596,0,footway,,65.22431798610322,0,0.0,0.0
숭실대,11413637793,2824550284,0,residential,상도로62길,11.66761164639034,0,0.0,0.0
숭실대,11413637793,11413637888,0,footway,,65.42026613149955,0,0.0,0.0
숭실대,11413637793,11413637879,0,footway,,21.82177780641954,0,0.0,0.0
숭실대,2824550284,11413637833,0,tertiary,상도로54길,20.702260287527903,0,0.0,0.0
숭실대,2824550284,11413637897,0,tertiary,상도로54길,67.73184858079634,0,0.0,0.0
숭실대,2824550285,11413637693,0,footway,,70.08949959349492,0,0.0,0.0
숭실대,2824550285,11413637799,0,footway,,21.06050313787245,0,0.0,0.0
숭실대,2824550285,2824550287,0,residential,상도로62길,122.73052878574924,0,0.0,0.0
숭실대,2824550285,2825723258,0,service,상도로54길,149.9183842089076,1,0.0,1.0
숭실대,11413637897,11413637693,0,footway,,9.13954153183301,0,0.0,0.0
숭실대,11413637897,11413637888,0,footway,,8.613554615081341,0,0.0,0.0
숭실대,11413637693,11413637585,0,footway,,13.71417032193982,0,0.0,0.0
숭실대,11413637799,11413637939,0,footway,,6.427161298317531,0,0.0,0.0
숭실대,2824550287,11413637678,0,service,상도로56길,21.36804356659515,0,0.0,0.0
숭실대,2824550287,2825723258,0,service,상도로56길,42.454184780718315,0,0.0,0.0
숭실대,2825723258,13296689135,0,service,상도로56길,29.536949791971168,0,0.0,0.0
숭실대,2824550288,2825723289,0,residential,상도로58길,41.170026224165774,0,0.5,0.5
숭실대,2824550288,11413637556,0,residential,상도로58길,21.429199206680394,0,0.5,0.5
숭실대,11413637678,11413637556,0,footway,,53.09156979878515,0,0.0,0.0
숭실대,2825723289,2825723225,0,residential,상도로58길,91.64969936589368,0,0.0,0.0
숭실대,11413637556,11413637566,0,footway,,68.16533843636404,0,0.0,0.0
숭실대,2825724226,10611854840,0,residential,상도로60길,44.510159355619315,0,0.3333333333333333,0.3333333333333333
숭실대,2825724226,2825724222,0,residential,상도로62길,36.88731704167941,0,0.3333333333333333,0.3333333333333333
숭실대,2825724226,2825724223,0,residential,상도로60길,48.823834341628995,0,0.3333333333333333,0.3333333333333333
숭실대,2824550298,4666594482,0,service,,34.77807329829254,0,0.0,0.0
숭실대,2824550301,4620932579,0,service,,29.78554701175539,0,0.0,0.0
숭실대,2824550301,2824550303,0,residential,상도로61길,104.85541162283054,0,0.0,0.0
숭실대,2824550301,2890319200,0,service,,51.48580392233418,0,0.0,0.0
숭실대,4666594482,2890319200,0,primary,사당로,92.76602003666515,0,0.0,0.0
숭실대,4620932579,14074780687,0,service,상도로63길,101.7899258041801,0,0.0,0.0
숭실대,4620932579,12864837514,0,service,,22.329386583920193,0,0.0,0.0
숭실대,2824550303,4620932587,0,service,상도로61가길,52.04680410322305,0,0.0,0.0
숭실대,2824550303,4620932585,0,service,상도로61가길,68.91220111136036,1,0.0,1.0
숭실대,2890319200,4620932587,0,primary,사당로,104.84008637966332,0,0.0,0.0
숭실대,4620932587,2890319302,0,primary,사당로,101.91611588677429,0,0.0,0.0
숭실대,2824550308,11413637731,0,tertiary,상도로53길,17.599748803394256,0,2.0,2.0
숭실대,11413637731,11413637673,0,footway,,11.887497311914759,0,0.0,0.0
숭실대,11413637731,11413637561,0,footway,,15.577305189863232,0,0.0,0.0
숭실대,13528976150,11413637615,0,footway,,13.159776148481857,0,0.0,0.0
숭실대,13528976150,11413637762,0,footway,,13.368486038973757,0,0.0,0.0
숭실대,13528976150,2825711406,0,primary,상도로,39.4060624944803,0,0.3333333333333333,0.3333333333333333
숭실대,2824550315,4621460692,0,tertiary,상도로53길,129.3147151831666,0,0.6666666666666666,0.6666666666666666
숭실대,2824550315,4621466918,0,tertiary,상도로53길,95.3505183512097,0,0.6666666666666666,0.6666666666666666
숭실대,2824550315,6963036771,0,service,상도로47나길,47.078016692361956,0,0.6666666666666666,0.6666666666666666
숭실대,4621460692,2825706556,0,tertiary,상도로53길,38.54116564051539,0,1.0,1.0
숭실대,4621466918,2825731322,0,tertiary,상도로53길,82.3128811122517,0,0.0,0.0
숭실대,4621466918,2825731332,0,service,상도로53길,51.95960750023447,0,0.0,0.0
숭실대,6963036771,6963036773,0,service,상도로47나길,57.11066563765411,0,0.0,0.0
숭실대,2824550318,2825731322,0,tertiary,상도로53길,3.4402819778235827,0,0.6666666666666666,0.6666666666666666
숭실대,2824550318,4621475837,0,tertiary,상도로53길,56.45614905013567,0,0.6666666666666666,0.6666666666666666
숭실대,2824550318,3713180481,0,service,,504.88653423083616,0,0.6666666666666666,0.6666666666666666
숭실대,2825731322,2825731302,0,service,상도로53길,61.948244679833934,0,0.0,0.0
숭실대,4621475837,2825701322,0,service,상도로53길,41.141937562918514,0,0.0,0.0
숭실대,4621475837,2824550321,0,tertiary,상도로53길,107.34619078492247,0,0.0,0.0
숭실대,3713180481,2825711099,0,tertiary,상도로53길,7.575051906472408,0,0.0,0.0
숭실대,2824759097,2824759213,0,residential,청림5길,28.399246895886,0,1.0,1.0
숭실대,2824759097,2824759209,0,residential,청림3길,68.84860627737552,1,1.0,2.0
숭실대,2824759213,8482687961,0,tertiary,관악로40길,83.83621946708693,0,0.5,0.5
숭실대,2824759209,4619539828,0,residential,청림3길,70.68468499843935,0,0.5,0.5
숭실대,2824759203,2824759300,0,residential,서달로1길,210.12335620500946,0,1.1666666666666665,1.1666666666666665
숭실대,2824759203,2824759222,0,residential,서달로,154.93447115445974,0,1.1666666666666665,1.1666666666666665
숭실대,2824759300,2824759222,0,residential,서달로,64.55182131746783,0,1.3333333333333333,1.3333333333333333
숭실대,2824759300,12816428872,0,residential,서달로,31.203795901099276,0,0.6666666666666666,0.6666666666666666
숭실대,2824759222,4697324255,0,residential,서달로2길,349.9940712814536,0,0.6666666666666666,0.6666666666666666
숭실대,2825728925,11413637870,0,residential,청림3마길,5.152532494696301,0,0.5,0.5
숭실대,4619539828,4619539841,0,residential,청림3길,39.401702233359956,0,0.0,0.0
숭실대,8482687961,8482687969,0,tertiary,관악로40길,15.858864295339245,0,0.0,0.0
숭실대,8482687961,8482687969,1,service,,178.3368714120263,2,0.0,2.0
숭실대,8482687961,8482687939,0,service,,58.127499920804496,1,0.0,1.0
숭실대,2824759217,2824759229,0,service,청림5가길,22.747175342483594,0,0.0,0.0
숭실대,2824759217,2824759260,0,service,청림5가길,14.792650470686514,0,0.0,0.0
숭실대,2824759260,2825728950,0,residential,청림3길,34.49316627105647,0,0.0,0.0
숭실대,2824759260,4619539820,0,residential,청림3길,38.32547064341959,1,0.0,1.0
숭실대,4619539822,4619539820,0,service,청림3라길,51.19018207943664,0,0.0,0.0
숭실대,4697324255,4611250951,0,residential,서달로2길,48.246148828510535,0,0.0,0.0
숭실대,4697324255,4697324244,0,service,,60.06618534337821,3,0.0,3.0
숭실대,2824759227,8482687980,0,tertiary,관악로40길,30.672805273531704,0,0.0,0.0
숭실대,2824759227,8482687983,0,service,,20.327963432451853,0,0.0,0.0
숭실대,2824759227,13322228135,0,tertiary,관악로40길,61.3202636355748,0,0.6666666666666666,0.6666666666666666
숭실대,8482687980,8482687969,0,tertiary,관악로40길,29.92565163579045,0,0.0,0.0
숭실대,8482687980,8482687970,0,service,,14.841972506038308,0,0.0,0.0
숭실대,2824759242,2825711987,0,residential,서달로,23.93233635250143,0,0.6666666666666666,0.6666666666666666
숭실대,2824759242,12816428873,0,residential,서달로,56.78466219460989,0,0.0,0.0
숭실대,2824759242,2825714904,0,service,,244.81893499222303,3,0.0,3.0
숭실대,2825711987,2825711424,0,residential,상도로55길,71.35342486476668,1,1.1666666666666665,2.1666666666666665
숭실대,2825711987,12785639994,0,residential,서달로,375.8890606428441,0,0.6666666666666666,0.6666666666666666
숭실대,12816428873,12816428872,0,residential,서달로,39.61300183934832,0,0.0,0.0
숭실대,12816428873,5406793613,0,"['service', 'path']",,581.142312001729,8,0.0,8.0
숭실대,2825714904,4686503139,0,residential,상도로55길,7.19522664869094,0,0.0,0.0
숭실대,2825714904,2825714913,0,residential,상도로55길,225.87379930366188,0,0.0,0.0
숭실대,4619539820,4619539841,0,residential,청림3길,24.130697639463584,0,0.0,0.0
숭실대,12785639994,12785639987,0,service,,34.80387986887062,0,0.0,0.0
숭실대,5746089412,13322228150,0,residential,상도로61길,7.6341678268480795,0,0.0,0.0
숭실대,5746089412,2890319302,0,primary,사당로,55.319533877905755,0,0.0,0.0
숭실대,12816428872,8857857355,0,"['path', 'steps']",,52.64871973439809,0,0.0,0.0
숭실대,2825706577,2825730235,0,service,상도로45길,42.73894912091989,0,0.0,0.0
숭실대,2825706542,2825706563,0,tertiary,상도로53길,13.183910645357846,0,2.0,2.0
숭실대,2825706563,2825711038,0,service,상도로37길,41.25538067235574,0,0.0,0.0
숭실대,2825706563,13230033251,0,service,상도로37길,15.364536715476767,0,0.0,0.0
숭실대,11413637591,13230033251,0,footway,,14.135421257324184,0,0.0,0.0
숭실대,11413637591,11413588662,0,footway,,31.78902165632761,1,0.0,1.0
숭실대,2825711099,2825711071,0,residential,상도로53가길,51.0970340945213,0,0.0,0.0
숭실대,4621460691,11413637707,0,service,상도로37길,54.87720327418025,0,0.0,0.0
숭실대,2825706556,11413637479,0,footway,,18.35635521115025,0,1.0,1.0
숭실대,11413588662,11413637707,0,footway,,44.28189543508384,0,0.0,0.0
숭실대,2825711038,2825711094,0,service,상도로37길,48.248345944975675,0,0.25,0.25
숭실대,2825730235,4621471425,0,service,상도로47가길,49.76829424848126,0,0.0,0.0
숭실대,2825711094,2825711047,0,residential,상도로55길,19.823189963608108,0,0.5833333333333333,0.5833333333333333
숭실대,2825711094,2825711091,0,service,상도로55길,39.356506957332186,0,0.25,0.25
숭실대,2825711094,2825711406,0,residential,상도로55길,60.82646149688131,0,0.5833333333333333,0.5833333333333333
숭실대,2825711071,2825711413,0,residential,상도로53가길,115.24595970411488,1,0.3333333333333333,1.3333333333333333
숭실대,2825711047,2825711413,0,residential,상도로55길,55.919662620974094,0,0.6666666666666666,0.6666666666666666
숭실대,2825711047,4686503142,0,service,상도로55길,31.575506304120616,0,0.3333333333333333,0.3333333333333333
숭실대,2825711413,3713157340,0,residential,상도로55길,142.46893749619534,1,0.3333333333333333,1.3333333333333333
숭실대,2825711406,13528976148,0,primary,상도로,194.1190954122785,0,0.3333333333333333,0.3333333333333333
숭실대,13528976148,13149390528,0,footway,,14.653998974954634,0,0.0,0.0
숭실대,3713157340,2825714913,0,residential,상도로55길,0.6097821228548,0,0.0,0.0
숭실대,2825711424,4686503139,0,residential,상도로55길,97.2330326728827,0,0.5,0.5
숭실대,2825714913,4654271182,0,service,,123.50093289251089,0,0.0,0.0
숭실대,2825723221,10611854835,0,residential,상도로60길,22.503840035268386,0,0.0,0.0
숭실대,2825723221,2825723284,0,residential,상도로60길,40.61532251963166,0,0.0,0.0
숭실대,10611854835,10611854840,0,residential,상도로60길,18.815337552496302,0,0.0,0.0
숭실대,10611854835,10611854838,0,service,,77.70993201845978,0,0.0,0.0
숭실대,2825723284,2825723264,0,residential,상도로60길,31.014799528356285,0,0.0,0.0
숭실대,2825726596,2825726590,0,service,상도로,27.312162553592124,0,0.0,0.0
숭실대,2825726596,2825726591,0,service,상도로66길,38.290007652019945,0,0.0,0.0
숭실대,10611854823,2825723404,0,service,상도로60가길,94.29613469848705,0,0.0,0.0
숭실대,2825723225,7256876601,0,service,상도로58길,315.3563747120414,1,0.0,1.0
숭실대,2825723272,13296689135,0,service,상도로56길,68.9278398934412,0,0.0,0.0
숭실대,2825723272,2825723246,0,service,상도로56길,13.381128710361503,0,0.0,0.0
숭실대,2825723228,13324709401,0,service,상도로60길,82.0253986436533,0,0.0,0.0
숭실대,2825723228,13317612289,0,service,상도로60길,145.81226799722296,1,0.0,1.0
숭실대,13324709401,13324709406,0,service,,83.47843007839913,1,0.0,1.0
숭실대,13317612289,2825723264,0,service,상도로60길,3.6924364179329108,0,0.0,0.0
숭실대,13317612289,10611854831,0,service,,106.12933293886539,2,0.0,2.0
숭실대,11413637615,11413637939,0,footway,,10.511152287297143,0,0.0,0.0
숭실대,2825723287,2825727126,0,service,상도로68길,145.41722904813037,2,0.0,2.0
숭실대,13296689135,13296689136,0,service,,32.91898208323717,0,0.0,0.0
숭실대,2825723264,2825723404,0,service,상도로60가길,50.80186226406514,1,0.0,1.0
숭실대,3337436844,13281452472,0,service,상도로50길,10.88650868399561,0,0.0,0.0
숭실대,3337436844,3337436851,0,service,,187.50241004407542,3,0.0,3.0
숭실대,2825726591,2825726710,0,service,상도로66길,39.896046837438035,0,0.0,0.0
숭실대,2825724222,2825724223,0,footway,,51.411742252287,0,0.0,0.0
숭실대,2825724222,10611854843,0,footway,,46.07502828508533,0,0.0,0.0
숭실대,2825724223,11413637566,0,footway,,44.52039414990567,0,0.0,0.0
숭실대,10611854843,10611854838,0,footway,,19.451429344341797,0,0.0,0.0
숭실대,10611854843,10611854840,0,service,,65.3004216058483,0,0.0,0.0
숭실대,2825726590,10611854838,0,footway,,21.526152533594264,0,0.0,0.0
숭실대,2825726590,2825726710,0,footway,,40.05126509207497,0,0.0,0.0
숭실대,2825726710,11413637692,0,footway,,83.59661396707544,0,0.0,0.0
숭실대,11413637819,11413637870,0,footway,,45.06059182512068,0,0.0,0.0
숭실대,11413637528,11413637910,0,footway,,5.3505362991197964,0,0.0,0.0
숭실대,4619539837,8537501420,0,residential,청림3나길,50.17230534372581,0,0.5,0.5
숭실대,4619539837,8537416816,0,service,관악로38길,153.0054511296085,2,0.0,2.0
숭실대,11413637870,2825728935,0,residential,청림3마길,11.87827428103162,0,0.0,0.0
숭실대,2825728935,4619539838,0,residential,청림3마길,76.79348377860889,1,0.0,1.0
숭실대,2825731332,2825731303,0,service,상도로53길,18.162835687139975,0,0.0,0.0
숭실대,6963036773,6963036774,0,service,상도로47나길,40.431219258286994,0,0.0,0.0
숭실대,11413637873,10570464798,0,footway,,12.490675715907512,0,0.0,0.0
숭실대,11413637873,11413637802,0,service,,40.75120240185631,0,0.0,0.0
숭실대,2826156923,5406793565,0,residential,사당로2가길,87.9404172256056,0,0.0,0.0
숭실대,5406793565,5406793587,0,path,동작충효길,444.6727990479563,2,0.0,2.0
숭실대,13322228149,12794885931,0,footway,,390.29311838133975,1,0.0,1.0
숭실대,13322228149,13322228150,0,footway,,67.5497480895107,1,0.0,1.0
숭실대,13322228115,13322228150,0,residential,상도로61길,54.708083288565646,2,0.0,2.0
숭실대,13149390530,13149390529,0,footway,,114.79742360964306,0,1.0,1.0
숭실대,13149390530,13149390531,0,footway,,201.99542638080686,0,2.0,2.0
숭실대,13149390531,12791616330,0,footway,,138.22447357541787,0,1.0,1.0
숭실대,5406793616,5406793593,0,path,동작충효길,8.805115656770964,0,0.0,0.0
숭실대,5406793616,5406793629,0,path,동작충효길,270.16971024490186,0,0.0,0.0
숭실대,13281452472,13281452478,0,service,,64.27281019344325,1,0.0,1.0
숭실대,3337436851,3337436860,0,service,,83.35847543798168,2,0.0,2.0
숭실대,3382528798,7256876661,0,path,,70.34727912663959,0,0.0,0.0
숭실대,7256876661,3958853416,0,residential,상도로50길,61.0757231502793,0,0.0,0.0
숭실대,3958853416,10589255419,0,residential,상도로50길,184.04786516086025,0,0.0,0.0
숭실대,13319101346,11413637492,0,footway,,118.48230095551813,0,1.0,1.0
숭실대,13319101346,11413637577,0,footway,,72.43362134264041,0,1.0,1.0
숭실대,4611250951,4611263520,0,service,서달로10길,77.08331794766008,0,0.0,0.0
숭실대,4611263520,4697324239,0,service,서달로10길,63.848831589994816,0,0.0,0.0
숭실대,10239817425,4697324239,0,service,,6.284122496497202,0,0.0,0.0
숭실대,10239817425,4697324237,0,service,,40.95975063222696,1,0.0,1.0
숭실대,8537501420,10792799832,0,primary,관악로,31.244316748973397,0,0.8333333333333333,0.8333333333333333
숭실대,8537416816,10792799832,0,primary,관악로,81.24717992622186,0,0.3333333333333333,0.3333333333333333
숭실대,4619539867,8482850191,0,residential,,50.94683421261281,0,0.0,0.0
숭실대,8482850191,4619539868,0,residential,,47.29639198442235,0,0.5,0.5
숭실대,4619539868,4619539869,0,residential,사당로2다길,71.04540515120051,1,1.0,2.0
숭실대,4619539869,8482842641,0,residential,사당로2아길,36.28782690370129,0,0.5,0.5
숭실대,8482842641,4619539870,0,residential,사당로2아길,24.6581319186169,0,0.5,0.5
숭실대,4619539870,4619556438,0,residential,사당로2라길,68.61205327511519,0,0.5,0.5
숭실대,8482827900,4619556438,0,service,,83.12418909246733,1,0.0,1.0
숭실대,4619556438,8482827909,0,residential,사당로2라길,24.745594098794747,0,0.0,0.0
숭실대,8482827909,4619556441,0,residential,사당로2라길,98.66388188225349,0,0.0,0.0
숭실대,4619556441,8482835723,0,residential,사당로2라길,98.45216826158575,1,0.25,1.25
숭실대,8482827915,8482827916,0,service,,23.34422710547333,0,0.0,0.0
숭실대,8482835723,8482827916,0,residential,사당로2자길,107.96376360992309,0,0.25,0.25
숭실대,8482835723,5406793587,0,residential,사당로2자길,173.15738985299026,0,0.25,0.25
숭실대,4697324250,4697324251,0,service,,57.974694894977446,0,0.0,0.0
숭실대,4697324250,4697324244,0,service,,106.19839466413596,2,0.0,2.0
숭실대,4697324244,4697324245,0,service,,15.326276528028705,0,0.0,0.0
숭실대,4697324245,4697324249,0,service,,34.35371173930473,1,0.0,1.0
숭실대,5406793587,5406793593,0,path,동작충효길,121.63597626181506,0,0.0,0.0
숭실대,5406793597,8857857341,0,path,동작충효길,435.41769037575614,8,0.0,8.0
숭실대,8857857341,8857857358,0,path,동작충효길,122.09741222398776,0,0.0,0.0
숭실대,5406793629,12152877184,0,path,,130.85389983555166,0,0.0,0.0
숭실대,13322228150,12794885932,0,footway,,77.04828081323,0,0.0,0.0
숭실대,10570453188,10570453205,0,footway,,151.05779567112816,1,0.0,1.0
숭실대,10570453205,10570464709,0,footway,,19.019140611343303,1,0.0,1.0
숭실대,10570453193,10570464787,0,footway,,42.596814930021104,0,0.0,0.0
숭실대,10570453193,10570464800,0,footway,,237.77804475969782,0,0.0,0.0
숭실대,10570464800,10570464715,0,footway,,56.73055978901517,1,0.0,1.0
숭실대,10570464800,10570464798,0,footway,,53.475358046134616,0,0.0,0.0
숭실대,10570464798,11413637759,0,footway,,17.633423250654513,0,0.0,0.0
숭실대,11413637585,10589255412,0,service,,272.6545752426391,3,0.0,3.0
숭실대,11413637585,11413637584,0,footway,,98.64352501935075,0,0.0,0.0
숭실대,10589255412,10589255546,0,service,,6.871977685397696,0,0.0,0.0
숭실대,10589255546,10589255561,0,path,,138.71839793628095,2,0.0,2.0
숭실대,10589255561,10589255555,0,path,,121.07667833571564,0,0.0,0.0
숭실대,10589255555,10589255556,0,path,,30.322563425162016,0,0.0,0.0
숭실대,10589255555,10589255564,0,path,,27.691928215480445,0,0.0,0.0
숭실대,10589255556,10589255564,0,path,,13.575951461699765,0,0.0,0.0
숭실대,10611854831,10611854834,0,service,,61.93577758402413,0,0.0,0.0
숭실대,11413637492,11413637804,0,footway,,11.2731314616982,0,0.0,0.0
숭실대,11413637804,11413637699,0,footway,,86.48084739874244,0,0.0,0.0
숭실대,11413637910,11413637699,0,footway,,76.44666595540093,0,0.0,0.0
숭실대,11413637561,11413637916,0,footway,,9.128055786968266,0,0.0,0.0
숭실대,11413637779,11413637879,0,footway,,8.485014708025714,0,0.0,0.0
숭실대,11413637779,13597219422,0,footway,,8.735809316396017,0,0.0,0.0
숭실대,11413637697,13149390528,0,footway,,2.9462906055091023,0,0.0,0.0
숭실대,13149390528,12791615981,0,footway,,52.48751774969922,0,0.0,0.0
숭실대,13149390528,13149390529,0,footway,,96.27029883748739,0,0.0,0.0
중앙대,436821679,10239817468,0,primary,양녕로,14.342318211978403,0,0.6666666666666666,0.6666666666666666
중앙대,436821679,2825730234,0,primary,양녕로,34.0085550320579,0,0.6666666666666666,0.6666666666666666
중앙대,436821679,10239817463,0,primary,양녕로,33.709361774237806,0,0.6666666666666666,0.6666666666666666
중앙대,10239817468,1831853297,0,residential,,57.751169663651744,0,0.0,0.0
중앙대,2825730234,4621496740,0,service,,49.81928876455686,0,0.0,0.0
중앙대,10239817463,2829147721,0,service,상도로41마길,48.759391126995794,0,0.0,0.0
중앙대,571454796,4644112573,0,primary,양녕로,788.0590051162288,0,2.0,2.0
중앙대,436881331,3888649128,0,steps,,23.345231208659058,0,0.3333333333333333,0.3333333333333333
중앙대,436881331,4611246540,0,primary,현충로,126.65521033190447,0,0.0,0.0
중앙대,3888649128,4612824445,0,residential,서달로14길,41.22536780647671,0,0.3333333333333333,0.3333333333333333
중앙대,3888649128,3888649127,0,residential,서달로14길,33.06988303256661,0,0.3333333333333333,0.3333333333333333
중앙대,3888649162,4612824445,0,residential,서달로14길,39.481076488851684,1,1.0,2.0
중앙대,4611246540,4612845666,0,steps,,37.753483288615726,0,0.25,0.25
중앙대,4611246540,436881334,0,primary,현충로,57.51232571606259,0,0.0,0.0
중앙대,436881334,6964092884,0,primary,현충로,116.17779394943008,0,0.0,0.0
중앙대,436881334,2288832800,0,tertiary,서달로,90.56222769354119,0,0.25,0.25
중앙대,13675095844,13675095845,0,tertiary,서달로,7.281664321717376,0,1.0,1.0
중앙대,13675095844,13392265479,0,primary,현충로,114.47296468332686,0,2.0,2.0
중앙대,6964092884,13392265479,0,footway,,9.365961151644603,0,1.0,1.0
중앙대,6964092884,7775271115,0,footway,,37.28803465900464,1,0.0,1.0
중앙대,2288832800,4612938749,0,tertiary,서달로,40.103341976145124,0,0.25,0.25
중앙대,2288832800,3888649121,0,residential,서달로14길,9.263139062573783,0,0.5833333333333333,0.5833333333333333
중앙대,2288832800,4612938745,0,residential,서달로15길,127.24916262819886,0,0.25,0.25
중앙대,436883217,1831853316,0,tertiary,흑석로,26.11268572477254,0,1.0,1.0
중앙대,436883217,4621482145,0,tertiary,흑석로,40.413999544797235,0,1.0,1.0
중앙대,4621482145,12989020958,0,tertiary,흑석로,36.96101431285292,0,0.0,0.0
중앙대,4621482145,2829147725,0,service,상도로41마길,39.08196046538547,0,0.0,0.0
중앙대,436883219,2824550328,0,tertiary,흑석로,12.455176768931,0,0.6666666666666666,0.6666666666666666
중앙대,436883219,4613243688,0,tertiary,흑석로,208.54603934451958,0,0.6666666666666666,0.6666666666666666
중앙대,2824550328,2829147720,0,tertiary,상도로53길,20.854493393414664,0,0.6666666666666666,0.6666666666666666
중앙대,2824550328,4621486060,0,tertiary,흑석로,143.5816477867958,0,1.1666666666666665,1.1666666666666665
중앙대,4613243688,4613243797,0,service,흑석로3길,118.29560096361043,3,0.6666666666666666,3.6666666666666665
중앙대,4613243688,2829530627,0,tertiary,흑석로,183.13584102930673,0,0.6666666666666666,0.6666666666666666
중앙대,436883255,5106672539,0,footway,,25.338004995330746,0,0.0,0.0
중앙대,3119042928,7775271107,0,tertiary,흑석로,13.444448884503206,0,1.0,1.0
중앙대,3119042928,4613243679,0,tertiary,흑석로,41.667157428266194,0,1.0,1.0
중앙대,5106672539,5106672540,0,footway,,39.82656220069434,0,0.0,0.0
중앙대,5106672539,436883256,0,footway,,51.05492660087519,0,1.0,1.0
중앙대,436883256,2829530659,0,tertiary,흑석로,43.372761517707275,0,1.0,1.0
중앙대,2829530659,2829530656,0,tertiary,흑석로,40.739752422104345,0,0.5,0.5
중앙대,2829530659,4613247248,0,service,흑석로13길,21.842206024883644,1,0.0,1.0
중앙대,7775271115,2829530656,0,tertiary,흑석로,120.12326459497493,0,0.5,0.5
중앙대,4613249918,8757719544,0,footway,,196.3677973494939,0,0.0,0.0
중앙대,2829530351,1831853301,0,primary,양녕로,788.6532505968498,0,1.5,1.5
중앙대,2829530351,2829530357,0,residential,노량진로24길,143.69922833043455,0,0.8333333333333333,0.8333333333333333
중앙대,1831853297,4644112576,0,residential,매봉로,3.899830827699349,0,0.5,0.5
중앙대,1831853297,4621496740,0,service,상도로,86.9160343565604,0,0.0,0.0
중앙대,4644112576,1831853312,0,residential,매봉로,20.587189433903323,0,0.5,0.5
중앙대,4621496740,10265961154,0,service,상도로,107.47719281043913,0,0.0,0.0
중앙대,4621496740,4621496741,0,service,,27.299004616756214,0,0.0,0.0
중앙대,10239817464,2825701323,0,tertiary,흑석로,39.373794324416366,0,1.5,1.5
중앙대,1831853303,2824550239,0,service,강남초등2길,105.21723089473528,0,0.0,0.0
중앙대,2824550239,4621488498,0,residential,강남초등길,86.00794887734637,0,0.3333333333333333,0.3333333333333333
중앙대,2824550239,2824550237,0,residential,강남초등길,48.68545014347397,0,0.0,0.0
중앙대,1831853312,14136808385,0,service,,50.09721347249318,0,0.0,0.0
중앙대,14136808385,14136808384,0,service,,78.72027213292074,2,0.0,2.0
중앙대,14136808385,14136808395,0,service,,50.767901519063386,2,0.0,2.0
중앙대,2825701323,2829147721,0,residential,상도로41가길,48.70714047027556,0,0.5,0.5
중앙대,4621488493,4621488501,0,service,강남초등6길,67.95966873366983,0,0.0,0.0
중앙대,4621488500,4621488498,0,service,강남초등4길,73.90401792892685,0,0.3333333333333333,0.3333333333333333
중앙대,2288832799,7775271107,0,tertiary,흑석로,34.92006979944633,0,0.0,0.0
중앙대,2288832799,2288832804,0,tertiary,흑석로,31.669846520974065,0,0.6666666666666666,0.6666666666666666
중앙대,2288832804,4612938749,0,tertiary,서달로,93.6991350984649,0,0.6666666666666666,0.6666666666666666
중앙대,2288832804,2824759219,0,tertiary,서달로,40.216924684500825,0,0.6666666666666666,0.6666666666666666
중앙대,4612938749,4613243605,0,service,서달로13길,30.900881398906957,0,0.0,0.0
중앙대,3888649121,4612845666,0,residential,서달로14길,81.44127035973565,0,0.5833333333333333,0.5833333333333333
중앙대,3888649121,4612845662,0,residential,서달로14가길,140.5297002385921,0,0.6666666666666666,0.6666666666666666
중앙대,4612938745,2829530656,0,residential,서달로15길,24.75229218799833,0,0.5,0.5
중앙대,4612938745,4613243610,0,service,서달로13길,63.24580367945246,0,0.0,0.0
중앙대,2824759219,10107993115,0,tertiary,서달로,28.76300174576201,0,0.6666666666666666,0.6666666666666666
중앙대,2824759219,4612845662,0,residential,서달로12길,81.3390216314064,0,0.3333333333333333,0.3333333333333333
중앙대,13363604110,2829530328,0,residential,만양로4길,98.67840543330976,0,0.6666666666666666,0.6666666666666666
중앙대,13363604110,13363593899,0,service,,62.48377087601355,0,0.0,0.0
중앙대,2824550219,2824550237,0,service,,44.634401375555235,0,0.0,0.0
중앙대,2824550220,2824550236,0,residential,강남초등길,17.824945615407064,0,1.0,1.0
중앙대,2824550220,4621493611,0,tertiary,매봉로,55.403246598565815,0,1.0,1.0
중앙대,2824550237,2824550236,0,residential,강남초등길,30.353898678887134,0,0.0,0.0
중앙대,2824550236,8483283650,0,service,매봉로2길,29.04574931647668,0,0.0,0.0
중앙대,4621493611,10239817443,0,tertiary,매봉로,5.114679075469602,0,0.0,0.0
중앙대,4621493611,4621493613,0,service,매봉로4길,63.59956303123431,0,0.0,0.0
중앙대,8483283650,8483284778,0,service,,47.623094964647535,0,0.0,0.0
중앙대,8483283650,4621493642,0,service,매봉로2길,90.79856901839759,0,0.0,0.0
중앙대,4621488498,4621488496,0,residential,강남초등길,25.970226572087448,0,0.3333333333333333,0.3333333333333333
중앙대,2824550249,4621475854,0,residential,상도로47길,13.303162224245675,0,0.3333333333333333,0.3333333333333333
중앙대,2824550249,2825701329,0,residential,상도로41길,36.68126521427603,0,0.6666666666666666,0.6666666666666666
중앙대,2824550249,4621475847,0,residential,상도로47길,26.63010739394105,0,0.8333333333333333,0.8333333333333333
중앙대,4621475854,2825701337,0,residential,상도로47길,38.0599895742248,0,0.0,0.0
중앙대,2825701329,8483442364,0,residential,상도로41길,51.78385891613622,0,0.3333333333333333,0.3333333333333333
중앙대,2825701329,4621475847,0,residential,상도로41길,26.971340084561767,0,0.8333333333333333,0.8333333333333333
중앙대,2824550253,2825701327,0,residential,상도로47길,24.105913593335682,0,0.0,0.0
중앙대,2824550253,2825731308,0,residential,상도로47길,69.20079446721493,0,0.0,0.0
중앙대,2825701327,2825731327,0,service,상도로45길,78.77224269092459,0,0.0,0.0
중앙대,2825701327,2825701322,0,service,상도로45길,93.6780138068635,0,0.0,0.0
중앙대,2825701327,4621475838,0,residential,상도로47길,60.768669718394605,0,0.0,0.0
중앙대,2825731331,2825701322,0,service,상도로47다길,78.12195761076015,0,0.0,0.0
중앙대,2825731308,2825731327,0,service,상도로47길,65.86832408323284,0,0.0,0.0
중앙대,2825731308,2825730230,0,residential,상도로47길,50.43542474292076,0,0.0,0.0
중앙대,2824550259,2825706570,0,residential,상도로47길,48.13799489320594,0,1.0,1.0
중앙대,2825706570,2825730230,0,residential,상도로47길,45.199767503761926,0,0.0,0.0
중앙대,2824550315,4621460692,0,tertiary,상도로53길,129.3147151831666,0,0.6666666666666666,0.6666666666666666
중앙대,2824550315,4621466918,0,tertiary,상도로53길,95.3505183512097,0,0.6666666666666666,0.6666666666666666
중앙대,2824550315,6963036771,0,service,상도로47나길,47.078016692361956,0,0.6666666666666666,0.6666666666666666
중앙대,4621460692,2825706556,0,tertiary,상도로53길,38.54116564051539,0,1.0,1.0
중앙대,4621466918,2825731322,0,tertiary,상도로53길,82.3128811122517,0,0.0,0.0
중앙대,4621466918,2825731332,0,service,상도로53길,51.95960750023447,0,0.0,0.0
중앙대,2824550318,2825731322,0,tertiary,상도로53길,3.4402819778235827,0,0.6666666666666666,0.6666666666666666
중앙대,2824550318,4621475837,0,tertiary,상도로53길,56.45614905013567,0,0.6666666666666666,0.6666666666666666
중앙대,2824550318,3713180481,0,service,,504.88653423083616,0,0.6666666666666666,0.6666666666666666
중앙대,2825731322,2825731302,0,service,상도로53길,61.948244679833934,0,0.0,0.0
중앙대,4621475837,2825701322,0,service,상도로53길,41.141937562918514,0,0.0,0.0
중앙대,4621475837,2824550321,0,tertiary,상도로53길,107.34619078492247,0,0.0,0.0
중앙대,3713180481,2825711099,0,tertiary,상도로53길,7.575051906472408,0,1.0,1.0
중앙대,2824550321,8761605951,0,tertiary,상도로53길,143.97940423756012,0,0.0,0.0
중앙대,2824550321,2825701309,0,service,,96.38010828162106,4,0.0,4.0
중앙대,8761605951,2829147711,0,tertiary,상도로53길,82.32518449661944,0,0.0,0.0
중앙대,8761605951,8761605888,0,"['path', 'steps']",동작충효길,695.8327376470875,4,0.0,4.0
중앙대,2825701309,2829147710,0,service,상도로47바길,65.99520234248132,1,0.0,1.0
중앙대,2824550326,2829147711,0,tertiary,상도로53길,6.359273122621254,0,0.0,0.0
중앙대,2824550326,2829147720,0,tertiary,상도로53길,83.21796812346598,0,0.0,0.0
중앙대,2824550326,4621486051,0,service,상도로47아길,72.91702386569372,0,0.0,0.0
중앙대,2829147711,2829147710,0,service,,44.915291673329406,0,0.0,0.0
중앙대,2829147720,4621486051,0,service,상도로47아길,82.1587138159162,1,0.0,1.0
중앙대,4621486060,12989020958,0,tertiary,흑석로,42.800705860025175,0,0.5,0.5
중앙대,4621486060,4621488491,0,residential,강남초등길,45.61480337039566,0,0.5,0.5
중앙대,4621486060,4621482136,0,residential,상도로47길,86.80787848591011,0,0.5,0.5
중앙대,2824759203,13816446695,0,tertiary,서달로,221.8133138831433,0,1.0,1.0
중앙대,2824759203,2824759300,0,residential,서달로1길,210.12335620500946,0,1.0,1.0
중앙대,2824759203,2824759222,0,residential,서달로,154.93447115445974,0,1.0,1.0
중앙대,13816446695,12864823352,0,tertiary,서달로,100.32145119725662,0,1.3333333333333333,1.3333333333333333
중앙대,13816446695,4611303880,0,residential,,333.6100435457537,0,1.3333333333333333,1.3333333333333333
중앙대,2824759300,2824759222,0,residential,서달로,64.55182131746783,0,1.3333333333333333,1.3333333333333333
중앙대,2824759300,12816428872,0,residential,서달로,31.203795901099276,0,0.6666666666666666,0.6666666666666666
중앙대,2824759222,4697324255,0,residential,서달로2길,349.9940712814536,0,0.6666666666666666,0.6666666666666666
중앙대,10107993115,12864823352,0,tertiary,서달로,360.1085628546346,0,1.3333333333333333,1.3333333333333333
중앙대,10107993115,4612845662,0,residential,,182.0401373804823,3,1.0,4.0
중앙대,4697324255,4697324244,0,service,,60.06618534337821,3,0.0,3.0
중앙대,2824759242,2825711987,0,residential,서달로,23.93233635250143,0,1.0,1.0
중앙대,2824759242,2825714904,0,service,,244.81893499222303,3,0.0,3.0
중앙대,2825711987,2825711424,0,residential,상도로55길,71.35342486476668,1,1.0,2.0
중앙대,2825714904,2825714913,0,residential,상도로55길,225.87379930366188,0,0.0,0.0
중앙대,12816428872,8857857355,0,"['path', 'steps']",,52.64871973439809,0,0.0,0.0
중앙대,2825701311,2825730232,0,residential,상도로41길,18.044791625308097,0,0.3333333333333333,0.3333333333333333
중앙대,2825701311,8483442364,0,residential,상도로41길,85.19429557778781,0,0.3333333333333333,0.3333333333333333
중앙대,2825701311,4621475849,0,residential,상도로41가길,24.379692037155127,0,0.3333333333333333,0.3333333333333333
중앙대,2825730232,2825730228,0,residential,상도로41길,15.681160592129205,0,0.0,0.0
중앙대,4621475849,2825701315,0,residential,상도로41가길,30.677698071237746,0,0.0,0.0
중앙대,2825701315,8483442363,0,service,상도로41다길,63.896327607630234,0,0.0,0.0
중앙대,2825701315,4621478345,0,residential,상도로41가길,49.68763928227689,0,0.0,0.0
중앙대,2825701315,10708858396,0,service,,28.447053595590447,0,0.0,0.0
중앙대,8483442363,8483442362,0,service,,27.003411745982216,0,0.0,0.0
중앙대,8483442363,2825701337,0,service,상도로41다길,106.44299123569374,0,0.0,0.0
중앙대,4621478345,4621482143,0,residential,상도로41가길,41.93396378591161,0,0.0,0.0
중앙대,4621478345,10708858400,0,service,상도로39길,36.022249311917705,0,0.0,0.0
중앙대,2825706567,2825730228,0,residential,상도로41길,27.561544672929735,0,0.0,0.0
중앙대,2825706567,4626863240,0,service,상도로37길,88.35415278250743,0,0.0,0.0
중앙대,2825701337,4621486058,0,residential,상도로47길,60.10808709806261,0,0.0,0.0
중앙대,2829147721,11871139992,0,residential,상도로41가길,33.013531590137056,0,0.0,0.0
중앙대,4621469141,4626863240,0,service,상도로43길,45.98642784603963,0,0.0,0.0
중앙대,4621486058,4621482136,0,residential,상도로47길,36.27256386382045,0,0.0,0.0
중앙대,2825711099,2825711071,0,residential,상도로53가길,51.0970340945213,0,1.0,1.0
중앙대,2825706556,11413637479,0,footway,,18.35635521115025,0,1.0,1.0
중앙대,2825730230,2825730235,0,service,상도로47가길,78.62234302423667,0,0.0,0.0
중앙대,2825711071,2825711413,0,residential,상도로53가길,115.24595970411488,1,0.5,1.5
중앙대,2825711413,3713157340,0,residential,상도로55길,142.46893749619534,1,0.5,1.5
중앙대,3713157340,2825714913,0,residential,상도로55길,0.6097821228548,0,0.0,0.0
중앙대,3713157340,12785639986,0,service,,24.643983951350435,0,0.0,0.0
중앙대,2825711424,4686503139,0,residential,상도로55길,97.2330326728827,0,0.0,0.0
중앙대,2825714913,4654271182,0,service,,123.50093289251089,0,0.0,0.0
중앙대,2825730231,4621482143,0,residential,상도로41가길,34.741435165249506,0,0.0,0.0
중앙대,2825730231,11871139992,0,residential,상도로41가길,21.479010228162338,0,0.0,0.0
중앙대,2825730231,10712384714,0,service,양녕로,86.70750954370313,0,0.0,0.0
중앙대,11871139992,11871139989,0,service,,60.42128404679161,0,0.0,0.0
중앙대,6963036773,6963036774,0,service,상도로47나길,40.431219258286994,0,0.0,0.0
중앙대,12989020955,12989020958,0,service,흑석로 8,60.023371501924935,0,0.0,0.0
중앙대,2829147730,4621488491,0,service,강남초등8길,111.21348821525606,0,0.0,0.0
중앙대,4621488491,4621488496,0,residential,강남초등길,27.547645220695877,0,0.0,0.0
중앙대,2829530328,10239817443,0,tertiary,매봉로,27.70082287441872,0,0.6666666666666666,0.6666666666666666
중앙대,2829530328,3119042912,0,tertiary,매봉로,116.73091620811815,0,0.6666666666666666,0.6666666666666666
중앙대,2829530337,4613249929,0,residential,노량진로32길,77.45964130615431,0,1.3333333333333333,1.3333333333333333
중앙대,3119042912,3119042915,0,tertiary,매봉로,34.464904495327175,0,0.6666666666666666,0.6666666666666666
중앙대,2829530336,4613249929,0,residential,노량진로32길,9.039429823770455,0,0.6666666666666666,0.6666666666666666
중앙대,2829530336,11179633109,0,residential,흑석로9길,54.31583521770307,0,0.6666666666666666,0.6666666666666666
중앙대,2829530336,4613270057,0,residential,노량진로32길,64.68429686130482,0,0.3333333333333333,0.3333333333333333
중앙대,4613249929,4613270035,0,residential,노량진로26길,73.57766074410846,0,0.3333333333333333,0.3333333333333333
중앙대,11179633109,2829530608,0,residential,흑석로9길,35.56933664281795,0,0.3333333333333333,0.3333333333333333
중앙대,11179633109,11179633112,0,residential,,66.9367069824238,0,0.3333333333333333,0.3333333333333333
중앙대,4613270057,4613270050,0,service,노량진로28길,125.03003265689817,3,0.0,3.0
중앙대,4613270057,4613249938,0,residential,노량진로32길,117.2859840837321,2,0.5,2.5
중앙대,2829530350,2829530357,0,residential,노량진로24길,10.52784206431241,0,1.3333333333333333,1.3333333333333333
중앙대,2829530357,8757719544,0,residential,,8.73428223117235,0,0.3333333333333333,0.3333333333333333
중앙대,2829530608,4613243818,0,residential,흑석로9길,9.049606780021781,0,0.0,0.0
중앙대,2829530608,4613243797,0,service,흑석로3길,317.54239692191004,2,0.0,2.0
중앙대,4613243818,2829530610,0,residential,흑석로9길,49.44670220696004,0,0.0,0.0
중앙대,4613243818,4613243675,0,service,흑석로3길,164.02838165078242,0,0.0,0.0
중앙대,4613243797,4621493630,0,service,흑석로3길,99.65436185112401,1,0.0,1.0
중앙대,2829530610,4613243680,0,residential,흑석로9길,29.853091631074307,0,0.0,0.0
중앙대,2829530610,2829530627,0,service,흑석로5길,262.7961905714676,0,0.0,0.0
중앙대,4613243680,2890319153,0,service,흑석로7길,233.24830414612046,0,0.6666666666666666,0.6666666666666666
중앙대,2829530627,4613243837,0,residential,흑석로6길,9.562493966077522,0,0.6666666666666666,0.6666666666666666
중앙대,2829530627,2890319153,0,tertiary,흑석로,127.84405818562728,0,0.6666666666666666,0.6666666666666666
중앙대,2829530617,2829530641,0,service,흑석로5길,140.0934233476833,1,0.0,1.0
중앙대,2829530641,2829530643,0,residential,흑석로13길,110.76969703324154,0,0.6666666666666666,0.6666666666666666
중앙대,4613243677,2829530643,0,service,흑석로13마길,147.5423095641906,1,0.6666666666666666,1.6666666666666665
중앙대,4613243677,4613247245,0,residential,흑석로11길,83.19822679069935,0,0.0,0.0
중앙대,4613243677,4178779526,0,service,흑석로13마길,39.48178283127633,0,0.0,0.0
중앙대,4613243837,4613243825,0,residential,흑석로6길,44.76002808233427,0,0.6666666666666666,0.6666666666666666
중앙대,4613243837,4613243835,0,service,흑석로6가길,73.58151887117145,0,0.6666666666666666,0.6666666666666666
중앙대,2890319153,4613247240,0,tertiary,흑석로,62.99915732951321,0,0.6666666666666666,0.6666666666666666
중앙대,2829530628,2829530629,0,residential,흑석로9길,44.02518928446719,0,0.25,0.25
중앙대,2829530628,4613243821,0,residential,흑석로10길,83.25523383473657,1,0.25,1.25
중앙대,2829530628,4613243679,0,tertiary,흑석로,36.87612433525367,0,0.25,0.25
중앙대,2829530628,4613243823,0,tertiary,흑석로,67.41122003895768,0,0.25,0.25
중앙대,4613243821,4613243823,0,residential,"['흑석로8길', '흑석로10길']",108.15846995462843,1,0.0,1.0
중앙대,4613243821,10232790207,0,service,,63.11348537937526,0,0.0,0.0
중앙대,4613243823,8323580239,0,service,흑석로13가길,30.96890169713483,0,0.0,0.0
중앙대,4613243823,7775271120,0,tertiary,흑석로,23.759164024635375,0,1.0,1.0
중앙대,4613247245,5106672540,0,residential,흑석로11길,45.63596392939984,0,0.0,0.0
중앙대,4613247245,4613247248,0,service,흑석로13가길,132.2024479034971,0,0.0,0.0
중앙대,2829530643,10232790156,0,tertiary,흑석로,65.69352439808918,0,0.6666666666666666,0.6666666666666666
중앙대,10232790156,10232790157,0,tertiary,흑석로,55.74312258751466,0,0.0,0.0
중앙대,10232790156,10232790154,0,service,,67.1332489900536,1,0.0,1.0
중앙대,2829530656,10232790157,0,tertiary,흑석로,48.53841874283485,0,0.5,0.5
중앙대,10232790157,10232790154,0,service,,13.280226315510088,0,0.0,0.0
중앙대,4613247248,10232790154,0,service,흑석로13길,38.439755428908775,1,0.0,1.0
중앙대,2829530668,4613247241,0,service,흑석로13마길,79.38567317398129,1,0.0,1.0
중앙대,4613247241,4613247240,0,service,흑석로13마길,14.679550499764495,0,0.0,0.0
중앙대,4613247240,7775271120,0,tertiary,흑석로,12.644693095198347,0,1.0,1.0
중앙대,4613243825,6963043036,0,service,흑석로6길,50.18152524233634,0,0.0,0.0
중앙대,3119042913,3119042915,0,service,,170.45456750449657,0,0.6666666666666666,0.6666666666666666
중앙대,3119042915,12056780871,0,tertiary,매봉로,92.70676084517042,0,1.6666666666666665,1.6666666666666665
중앙대,12056766167,12056780871,0,service,,113.15159129777626,0,3.0,3.0
중앙대,4612845666,4612824428,0,residential,서달로14나길,23.620872675719866,0,0.25,0.25
중앙대,4612845666,3888649126,0,residential,서달로14길,57.66087002713634,0,0.25,0.25
중앙대,3888649126,3888649127,0,residential,서달로14길,35.39785292974002,0,0.0,0.0
중앙대,3888649127,4612824441,0,service,서달로14바길,48.20936975308931,0,0.0,0.0
중앙대,4612824441,4612824427,0,service,서달로14바길,44.40715847718134,0,0.0,0.0
중앙대,4611290232,3888649136,0,residential,서달로14라길,94.22281834078481,0,0.6666666666666666,0.6666666666666666
중앙대,4611290232,4611290226,0,service,현충로6길,84.7439308248519,0,0.0,0.0
중앙대,3888649136,4611246528,0,tertiary,흑석한강로,79.39629359714961,0,0.6666666666666666,0.6666666666666666
중앙대,3888649136,3888649139,0,tertiary,흑석한강로,71.514651452954,0,1.3333333333333333,1.3333333333333333
중앙대,3888649139,4611303880,0,"['tertiary', 'residential']",흑석한강로,339.44903025711744,0,1.3333333333333333,1.3333333333333333
중앙대,3888649139,6215701774,0,service,,88.00368884019949,2,0.6666666666666666,2.6666666666666665
중앙대,4611303880,4611263521,0,residential,흑석한강로,148.83150344892118,0,0.6666666666666666,0.6666666666666666
중앙대,8482522490,7775281607,0,primary,현충로,31.94578186920248,0,2.0,2.0
중앙대,4611250951,4611263521,0,residential,"['흑석한강로', '서달로2길']",69.60686565843483,0,0.0,0.0
중앙대,4611250951,4611263520,0,service,서달로10길,77.08331794766008,0,0.0,0.0
중앙대,4611263521,4611263519,0,service,,50.51121374077694,0,0.0,0.0
중앙대,4611263520,4697324239,0,service,서달로10길,63.848831589994816,0,0.0,0.0
중앙대,10239817425,4697324239,0,service,,6.284122496497202,0,0.0,0.0
중앙대,10239817425,4697324237,0,service,,40.95975063222696,1,0.0,1.0
중앙대,4611290233,7775281607,0,primary,현충로,2.507096971221133,0,0.0,0.0
중앙대,4611290233,4611290237,0,service,현충로8길,48.8982149996323,0,0.0,0.0
중앙대,4621493630,4621493618,0,service,매봉로4가길,162.15868514490361,2,0.0,2.0
중앙대,4621493630,4621493631,0,service,흑석로3길,45.02832770756954,0,0.0,0.0
중앙대,6963043036,4613243829,0,service,흑석로6길,203.28863367869783,2,0.0,2.0
중앙대,4613243829,4613243835,0,service,흑석로6가길,174.14886564050758,1,0.0,1.0
중앙대,4613270071,4613249924,0,residential,노량진로26길,53.91164795146206,0,0.3333333333333333,0.3333333333333333
중앙대,4613267682,4613249924,0,residential,노량진로26길,23.309917961143366,0,0.3333333333333333,0.3333333333333333
중앙대,4613249924,4613270044,0,residential,노량진로26길,66.36725742450443,0,0.3333333333333333,0.3333333333333333
중앙대,4613270044,4613270031,0,residential,노량진로26길,13.715433910486718,0,0.0,0.0
중앙대,4613270035,4613270056,0,residential,노량진로26길,12.90895385446459,0,0.0,0.0
중앙대,4613270050,4613270056,0,service,노량진로26길,110.71926535146375,1,0.0,1.0
중앙대,4613249938,4613249952,0,residential,노량진로32길,44.815524505280585,0,0.8333333333333333,0.8333333333333333
중앙대,4613249952,9555870578,0,residential,노량진로30길,256.47712340470036,0,0.3333333333333333,0.3333333333333333
중앙대,4613249952,4613249965,0,residential,노량진로32길,62.3001399097099,0,0.3333333333333333,0.3333333333333333
중앙대,4613249965,10579158603,0,"['service', 'path']",노량진로32길,260.3235011154196,6,0.0,6.0
중앙대,4613270031,4613270045,0,residential,노량진로26길,46.863839766804794,0,0.0,0.0
중앙대,4613270045,4613270056,0,residential,노량진로26길,51.17668559799422,0,0.0,0.0
중앙대,4621488496,4621488501,0,service,강남초등6길,72.61497053756692,0,0.0,0.0
중앙대,4621493613,4621493616,0,service,매봉로4길,63.66085346799699,0,0.0,0.0
중앙대,4621493613,8483284778,0,service,,21.903279558150324,0,0.0,0.0
중앙대,4621493616,4621493615,0,service,매봉로4길,35.92915327625735,1,0.0,1.0
중앙대,4621493642,4621493643,0,service,매봉로2길,74.8695315052154,0,0.0,0.0
중앙대,5215341513,6964092877,0,footway,,522.980323065015,0,0.0,0.0
중앙대,6964092877,6964092883,0,footway,,123.82632100313496,0,0.0,0.0
중앙대,6964092883,6964093585,0,footway,,48.474851914549305,0,0.0,0.0
중앙대,6964093585,13675095845,0,footway,,116.11224752541763,0,0.0,0.0
중앙대,13675095845,13675095847,0,tertiary,서달로,52.12912536220441,0,0.0,0.0
중앙대,12864823352,12864823363,0,residential,,164.24779676032063,5,0.6666666666666666,5.666666666666667
중앙대,13363604104,13363593899,0,service,,120.7699817977094,1,0.0,1.0
