학교,node,예측,백분위,사고다발지_100m,지원점수,A점수
숭실대,969906543,0.8420561920039918,0.96390937829294,0,2,
숭실대,1872054412,0.11574513970578569,0.5017123287671232,0,0,
숭실대,1872054413,0.028678050576608678,0.3071654373024236,0,0,
숭실대,2824550264,0.6830116946440121,0.8885669125395153,0,2,3.0
숭실대,2824550308,0.9187685163762923,0.9873551106427819,1,1,2.0
숭실대,2824550315,0.03860395395931501,0.3464172813487882,0,0,0.0
숭실대,2824550318,0.020276508505758614,0.2642255005268704,0,2,2.0
숭실대,2824759203,0.008562030025570417,0.18295574288724975,0,0,
숭실대,2824759213,0.008176488752194079,0.17953108535300316,0,0,
숭실대,2824759222,0.06568242169401346,0.4149104320337197,0,0,
숭실대,2824759281,0.008631672930471226,0.18348261327713383,0,2,
숭실대,2824759300,0.041719135352826814,0.35550579557428874,0,0,
숭실대,2825706542,0.8639457390966757,0.9735247629083246,1,2,3.0
숭실대,2825706556,0.06815029297732386,0.4196522655426765,1,1,2.0
숭실대,2825711987,0.0026957123964138152,0.08877766069546891,0,2,
숭실대,11413637475,0.006332109933863347,0.1558219178082192,0,0,1.0
숭실대,11413637545,0.1282636466372994,0.517781875658588,0,2,
숭실대,11413637586,0.4385828610434675,0.7535563751317176,0,1,
숭실대,11413637898,0.06672425551912668,0.41714963119072707,0,0,
숭실대,13149390530,0.027332331474880334,0.3009747102212856,0,2,2.0
숭실대,13149390531,0.2748480114281815,0.6423867228661749,0,2,
숭실대,13316391021,0.6553824105837768,0.8736828240252897,0,2,2.0
숭실대,13319101346,0.0012469797016567347,0.05571654373024236,0,0,
숭실대,13322228135,0.012098623770261548,0.21351422550052687,0,2,
숭실대,13324709490,0.2813377817187873,0.6485774499473129,0,2,
중앙대,436821679,0.32547296386310764,0.6800579557428873,0,0,0.0
중앙대,436883217,0.6965459732998559,0.8958113804004215,0,2,2.0
중앙대,436883256,0.6625764464466459,0.8782929399367756,1,2,3.0
중앙대,2288832804,0.4953303198620938,0.7896469968387777,1,1,2.0
중앙대,2824550220,0.08050290679654824,0.4456006322444679,0,2,2.0
중앙대,2824550315,0.03860395395931501,0.3464172813487882,0,0,0.0
중앙대,2824550318,0.020276508505758614,0.2642255005268704,0,2,2.0
중앙대,2824550328,0.16081110297270867,0.5497892518440464,0,0,
중앙대,2824759203,0.008562030025570417,0.18295574288724975,0,0,
중앙대,2824759222,0.06568242169401346,0.4149104320337197,0,0,
중앙대,2824759300,0.041719135352826814,0.35550579557428874,0,0,
중앙대,2825706556,0.06815029297732386,0.4196522655426765,1,1,2.0
중앙대,2825711099,0.8639457390966757,0.9735247629083246,1,2,3.0
중앙대,2825711987,0.0026957123964138152,0.08877766069546891,0,2,
중앙대,2829530328,0.534146151553906,0.8104583772391991,0,2,2.0
중앙대,2829530643,0.09223460820767959,0.46588514225500527,0,0,1.0
중앙대,2829530656,0.8363705822255924,0.9619336143308747,0,0,1.0
중앙대,2890319153,0.7488374166983962,0.9212328767123288,0,2,3.0
중앙대,3119042915,0.11745851038349574,0.5050052687038988,0,2,2.0
중앙대,3119042928,0.8147563703105681,0.9548208640674394,1,2,3.0
중앙대,3888649136,0.17166029326513002,0.559536354056902,0,2,3.0
중앙대,3888649139,0.12956261730580004,0.5189673340358272,0,2,3.0
중앙대,4611303880,0.001734686980310647,0.06599051633298209,0,2,
중앙대,4613243688,0.3965266875231366,0.726027397260274,0,2,
중앙대,4613243837,0.015950014646893905,0.23946259220231822,0,2,3.0
중앙대,4621486060,0.43403989149495253,0.7505268703898841,0,2,2.0
중앙대,4621488498,0.040946953024329574,0.3528714436248683,0,2,2.0
중앙대,7775271120,0.7414315617090347,0.9182033719704953,0,2,3.0
중앙대,8482522490,0.555412762671564,0.821917808219178,0,2,3.0
중앙대,10107993115,0.8047104565252579,0.9490252897787145,1,2,3.0
중앙대,12056766167,0.014463227689891936,0.2298472075869336,0,2,
중앙대,12056780871,0.14541164971703205,0.5350368809272918,0,2,
중앙대,12864823352,0.5755925308144758,0.8303477344573235,0,2,3.0
중앙대,13392265479,0.43262843161974013,0.7497365648050579,0,2,3.0
중앙대,13675095844,0.34423951340106623,0.6916491043203372,0,2,3.0
중앙대,13816446695,0.007715328908835481,0.17281348788198103,0,2,
