site,x,y,자치구,판본수,총사고건수,평균사고건수,총중상자,사망발생,경사_60m,등급,정류소수_100m,log승하차,교차로수_300m,경사_60m_z,log승하차_z,정류소수_100m_z,교차로수_300m_z
0,199892.21071076024,553709.4252441761,서울 종로구1,1,9,9.0,9,1,3.082146761367852,1,5,9.217312782324704,6,0.001539661910318188,0.30262458104826157,1.6894769107569112,-0.194909130129854
1,198978.37332772376,552484.0863744336,서울 종로구2,1,8,8.0,8,0,0.7555290471463986,3,0,6.817548185289196,8,-0.7084170686565925,-1.5661116366927783,-1.4284418515841697,0.6467068627321091
2,197959.17697353853,552258.5775826372,서울 종로구3,1,7,7.0,8,0,0.6985522901779717,1,4,9.974772419050506,14,-0.7258032648711028,0.8924708761286503,1.065893158288695,3.1715548413179984
3,202088.24569423514,552840.1213196996,서울 종로구4,2,16,8.0,16,0,0.22172392817805547,1,4,9.848867848926483,7,-0.8713052538131563,0.7944269136247745,1.065893158288695,0.22589886630112752
4,198879.40189140814,552283.4819955801,서울 종로구5,1,7,7.0,7,0,1.0173709019220567,1,4,10.039221759119,9,-0.628517226922469,0.9426586387718215,1.065893158288695,1.0675148591630905
5,201897.12663915395,552756.4364008914,서울 종로구6,3,23,7.666666666666667,23,0,0.6879022560145682,3,1,9.455674588792865,8,-0.7290530739776262,0.4882408457533458,-0.8048580991159534,0.6467068627321091
6,196689.46748698043,550231.040396583,서울 중구1,1,9,9.0,8,1,2.142067061441584,1,5,8.807394668147262,4,-0.2853213493131394,-0.016585406138726683,1.6894769107569112,-1.036525122991817
7,197567.761322253,550615.8590605141,서울 중구2,1,8,8.0,9,0,1.470149627553609,1,6,10.460449129924843,5,-0.4903538742776639,1.2706753303677873,2.3130606632251274,-0.6157171265608355
8,200929.18765515546,550593.7237947184,서울 중구3,1,8,8.0,9,0,4.18896944487494,1,0,8.788613103650633,6,0.3392815302442546,-0.031210919759541076,-1.4284418515841697,-0.194909130129854
9,201603.04856723463,551797.7785864582,서울 중구4,1,8,8.0,8,0,1.3145293365048023,1,1,8.664940000021948,8,-0.5378406927470456,-0.1275172025494708,-0.8048580991159534,0.6467068627321091
10,201943.38518032266,551759.573721258,서울 중구5,1,8,8.0,8,0,3.382072145517121,1,3,9.046077988060743,6,0.09306051806261172,0.16928122638180987,0.44230940582047884,-0.194909130129854
11,200081.96468040944,551889.7247052748,서울 중구6,1,7,7.0,6,1,1.5671939229942093,1,1,7.942304918930517,11,-0.4607412523630092,-0.6902450425692768,-0.8048580991159534,1.9091308520250536
12,197605.54067737085,551036.2229046081,서울 중구7,1,7,7.0,8,0,3.854822854903984,3,3,9.46018239062899,9,0.2373182300012472,0.49175114529021385,0.44230940582047884,1.0675148591630905
13,198481.38682546953,551881.2085937245,서울 중구8,1,7,7.0,8,0,0.574958884769797,1,0,9.233105084875406,5,-0.7635172259945272,0.314922307156263,-1.4284418515841697,-0.6157171265608355
14,200950.2590695587,550393.7576030807,서울 중구9,1,7,7.0,7,0,5.565886547136975,3,2,8.914578433314816,4,0.7594414723818623,0.06688035719901528,-0.18127434664773728,-1.036525122991817
15,199580.71794063065,548325.6700777144,서울 용산구1,1,8,8.0,8,0,1.6175933828273634,1,1,9.07718863077724,8,-0.445362088219811,0.19350759628214845,-0.8048580991159534,0.6467068627321091
16,200581.8245926626,548190.937909223,서울 용산구2,1,7,7.0,8,0,1.014225020000478,2,3,9.112297105852996,10,-0.6294771783705053,0.22084714408811712,0.44230940582047884,1.4883228555940722
17,205051.80768192452,549418.4291654944,서울 성동구1,2,14,7.0,16,0,11.256284432229116,1,3,6.9031641105178245,6,2.4958403029378076,-1.4994411055549361,0.44230940582047884,-0.194909130129854
18,205658.57431077212,549178.3094625098,서울 광진구1,1,7,7.0,6,1,17.896268090877047,1,2,8.259650189189195,5,4.522000879510594,-0.443123053690117,-0.18127434664773728,-0.6157171265608355
19,206171.6783323947,549005.751718559,서울 광진구2,3,23,7.666666666666667,20,1,7.126370036796365,1,1,9.637343897094901,3,1.2356158561881627,0.6297097283659823,-0.8048580991159534,-1.4573331194227985
20,204035.20891050744,553451.3662180589,서울 동대문구1,1,12,12.0,13,1,0.1943082124156644,1,6,10.44842564121791,7,-0.8796710338078005,1.2613124416752866,2.3130606632251274,0.22589886630112752
21,203639.69467859837,553318.4130144287,서울 동대문구2,2,23,11.5,23,0,0.593314652507558,3,3,9.781516728061895,7,-0.7579160476099178,0.7419794864810497,0.44230940582047884,0.22589886630112752
22,203376.45811379046,553167.7499012162,서울 동대문구3,1,9,9.0,9,0,0.04666880991275472,1,2,9.240030703306202,7,-0.9247225207208076,0.32031540029876115,-0.18127434664773728,0.22589886630112752
23,203395.40061006305,553367.929419202,서울 동대문구4,1,8,8.0,8,1,0.10229084767607569,1,2,9.245660809030863,7,-0.9077497108618701,0.32469965635886905,-0.18127434664773728,0.22589886630112752
24,205510.21450031654,554499.6287820422,서울 동대문구5,1,8,8.0,7,1,2.263526224873734,1,3,9.138490889696735,4,-0.2482586423455978,0.24124467499966742,0.44230940582047884,-1.036525122991817
25,206581.14730334937,552524.5428483792,서울 동대문구6,1,7,7.0,6,1,1.1575693454505547,1,2,8.479531520389479,8,-0.5857363145320684,-0.27189783946423857,-0.18127434664773728,0.6467068627321091
26,203301.3152971532,552959.9593036802,서울 동대문구7,2,14,7.0,12,1,0.6289088118305486,3,0,8.900654541839735,6,-0.7470546530517301,0.05603759356981514,-1.4284418515841697,-0.194909130129854
27,205944.74374034666,551800.8707544747,서울 동대문구8,1,7,7.0,8,0,0.6115282681936101,2,2,8.059215030036889,5,-0.7523582462722802,-0.5992052134483318,-0.18127434664773728,-0.6157171265608355
28,203731.58482099255,554110.0105243085,서울 동대문구9,1,7,7.0,8,0,0.6052812221626583,1,2,7.331334894129078,7,-0.7542645037329389,-1.1660174640438716,-0.18127434664773728,0.22589886630112752
29,205929.51709502295,554661.9244354975,서울 동대문구10,1,7,7.0,7,0,1.1550917109228258,1,3,9.021941027956352,7,-0.5864923533510348,0.1504853779936112,0.44230940582047884,0.22589886630112752
30,205137.10323662357,553177.1200360728,서울 동대문구11,1,7,7.0,7,0,2.4272292994248326,3,1,8.864495966366274,7,-0.1983053995409714,0.02788031528816539,-0.8048580991159534,0.22589886630112752
31,203359.21911150112,552647.4532903205,서울 동대문구12,1,7,7.0,7,0,4.894286813893656,1,2,8.504774461733078,11,0.5545058923127542,-0.25224074526867896,-0.18127434664773728,1.9091308520250536
32,206284.01909059728,552472.3298252173,서울 동대문구13,3,21,7.0,20,1,0.29310942377555865,1,2,9.134500379649314,9,-0.8495222970538587,0.23813719909886974,-0.18127434664773728,1.0675148591630905
33,203004.46524784726,553181.1760864945,서울 동대문구14,2,17,8.5,17,0,5.020458559825217,1,0,8.4341130797993,4,0.593006622228096,-0.3072659272296119,-1.4284418515841697,-1.036525122991817
34,203525.65251136888,553661.1159488535,서울 동대문구15,2,14,7.0,14,0,0.23339751051151345,3,0,8.108166911145211,5,-0.8677431136743589,-0.5610855773529073,-1.4284418515841697,-0.6157171265608355
35,204421.52363434728,552292.963967687,서울 동대문구16,1,7,7.0,7,0,2.960594732333751e-15,3,1,6.845124614148125,6,-0.9389632941416327,-1.5446374173346382,-0.8048580991159534,-0.194909130129854
36,205190.522835319,554417.8952718289,서울 동대문구17,1,7,7.0,7,0,1.8561772065602493,1,2,9.856725572146253,5,-0.37255932804645264,0.8005458521189536,-0.18127434664773728,-0.6157171265608355
37,207691.23732025086,553311.2610142063,서울 중랑구1,3,29,9.666666666666666,29,0,3.7920652815328935,2,1,9.227162597705329,7,0.21816804416001123,0.3102947945194386,-0.8048580991159534,0.22589886630112752
38,207752.10651308033,554311.4836544651,서울 중랑구2,1,7,7.0,6,1,3.4333749248632786,1,5,9.564534822678835,8,0.10871532601449806,0.5730121028948907,1.6894769107569112,0.6467068627321091
39,208409.8179505948,555426.6668611333,서울 중랑구3,2,14,7.0,13,1,2.1672193898382375,1,3,8.854047843386642,7,-0.2776462315980623,0.019744189835039568,0.44230940582047884,0.22589886630112752
40,206839.2031874739,556667.5626425868,서울 중랑구4,1,7,7.0,8,0,0.6070394210834291,3,2,8.256071380589912,8,-0.7537279973916319,-0.44590993089219944,-0.18127434664773728,0.6467068627321091
41,206972.98947270683,554087.2486789685,서울 중랑구5,1,7,7.0,7,0,0.14731131495758257,1,2,8.69205148333321,6,-0.8940119216391705,-0.10640504394732216,-0.18127434664773728,-0.194909130129854
42,206648.50437140168,554905.8474379936,서울 중랑구6,1,7,7.0,7,0,0.0688484072666166,1,3,9.314130623155734,6,-0.917954518256807,0.37801822837014293,0.44230940582047884,-0.194909130129854
43,208808.23928234883,555117.4255457536,서울 중랑구7,1,7,7.0,7,0,1.9952642569439405,2,2,8.493739649570234,7,-0.3301175521797012,-0.2608337352520089,-0.18127434664773728,0.22589886630112752
44,206469.3966227686,554724.8223232895,서울 중랑구8,1,7,7.0,7,0,0.0,1,2,7.409781006665233,5,-0.9389632941416336,-1.10493018414217,-0.18127434664773728,-0.6157171265608355
45,208007.0902264094,555273.2238927314,서울 중랑구9,1,7,7.0,7,0,0.0,3,1,9.15652777778389,6,-0.9389632941416336,0.2552902968350114,-0.8048580991159534,-0.194909130129854
46,206775.451244326,557367.5016326506,서울 중랑구10,1,7,7.0,7,0,1.1790988321687301,2,3,7.78051874749056,15,-0.5791666903485209,-0.8162305990163513,0.44230940582047884,3.5923628377489796
47,208606.2475646903,555476.4939558548,서울 중랑구11,1,7,7.0,7,0,0.5588595537210495,3,3,9.466891245327842,9,-0.7684298630667107,0.4969754409443768,0.44230940582047884,1.0675148591630905
48,202190.8957351016,556051.5747498777,서울 성북구1,2,18,9.0,18,0,4.044429743216563,1,4,10.093857280899348,10,0.29517590283531175,0.9852042194726294,1.065893158288695,1.4883228555940722
49,201595.60579035105,554840.9315527973,서울 성북구2,2,17,8.5,18,0,5.047672196213379,1,2,10.401367156398168,8,0.6013107386280012,1.2246672244555217,-0.18127434664773728,0.6467068627321091
50,202821.34957368154,555965.897084617,서울 성북구3,1,7,7.0,7,0,0.7080288608811003,1,2,6.689759744185328,4,-0.7229115327604708,-1.6656226005575112,-0.18127434664773728,-1.036525122991817
51,203381.9802994104,555888.8508034418,서울 성북구4,1,7,7.0,7,0,3.9384413934853,1,2,8.026064770878014,10,0.26283404375229974,-0.6250198662664532,-0.18127434664773728,1.4883228555940722
52,201861.85193400478,555800.7249230983,서울 성북구5,1,7,7.0,7,0,11.037245980836268,1,0,8.371249601320525,5,2.429001723540443,-0.35621875333246855,-1.4284418515841697,-0.6157171265608355
53,204139.59488912733,556393.0824952336,서울 성북구6,1,7,7.0,7,0,5.005954307888061,3,3,7.755877684131485,4,0.5885807162351693,-0.8354190009119536,0.44230940582047884,-1.036525122991817
54,203004.185141895,555446.6660440165,서울 성북구7,1,7,7.0,7,0,4.038809027076043,3,3,9.311373149372667,3,0.2934607670696996,0.37587093811748473,0.44230940582047884,-1.4573331194227985
55,202692.08795047895,557036.9920565134,서울 강북구1,5,83,16.6,83,0,0.8440165235110678,1,5,10.682253676045464,6,-0.6814155208595581,1.44339818372901,1.6894769107569112,-0.194909130129854
56,202419.78768352367,559985.3385436982,서울 강북구2,1,8,8.0,7,1,1.6954074175954403,1,3,10.002818961861909,9,-0.42161749220024103,0.9143111809647323,0.44230940582047884,1.0675148591630905
57,202612.7903011744,560233.7142773509,서울 강북구3,2,14,7.0,14,1,0.7939304778282797,1,1,8.814809625254806,5,-0.6966990481114238,-0.01081125690884743,-0.8048580991159534,-0.6157171265608355
58,203506.68550867387,558770.650157769,서울 강북구4,1,7,7.0,6,1,4.224540959011431,2,6,8.8005125351853,8,0.35013601472758493,-0.021944636430404424,2.3130606632251274,0.6467068627321091
59,203076.11696713069,556967.6474200884,서울 강북구5,1,7,7.0,6,1,2.9008923515032357,2,6,9.14050613281381,9,-0.053769290412078494,0.24281397800758897,2.3130606632251274,1.0675148591630905
60,201851.30269946734,557781.4455729557,서울 강북구6,1,7,7.0,6,1,2.7597653379355336,1,2,9.07674261770277,9,-0.09683355169349203,0.19316027855486922,-0.18127434664773728,1.0675148591630905
61,202348.7274631748,558440.5228887671,서울 강북구7,4,39,9.75,35,1,2.0887547626055656,1,1,9.520463901937637,9,-0.3015893529259681,0.5386933510306411,-0.8048580991159534,1.0675148591630905
62,202613.17825266396,557485.3860920593,서울 강북구8,1,7,7.0,7,0,0.0,1,1,8.45258240960341,13,-0.9389632941416336,-0.29288355590661536,-0.8048580991159534,2.7507468448870167
63,201497.3200845916,560380.5791436748,서울 강북구9,1,7,7.0,7,0,1.310401662401522,3,0,8.295798110636145,4,-0.5391002335789141,-0.4149740718743915,-1.4284418515841697,-1.036525122991817
64,203063.81219824322,561013.6490992705,서울 도봉구1,2,16,8.0,15,1,2.531519144741606,1,3,10.242809411759394,6,-0.16648183129430671,1.1011956971332826,0.44230940582047884,-0.194909130129854
65,203904.6568385161,562934.4121990444,서울 도봉구2,1,8,8.0,8,0,2.6884901367524114,3,0,8.979810739630857,9,-0.11858285261781729,0.11767782855522745,-1.4284418515841697,1.0675148591630905
66,203409.8079328249,561931.3793258038,서울 도봉구3,1,7,7.0,8,0,2.8974488127963425,1,2,8.249667889743039,6,-0.05482007046373153,-0.4508964346852412,-0.18127434664773728,-0.194909130129854
67,202888.87121058497,562068.656948052,서울 도봉구4,1,7,7.0,7,0,6.47003678193516,1,2,8.927926120589385,7,1.0353387720177085,0.0772744211267363,-0.18127434664773728,0.22589886630112752
68,204332.38479133707,561516.1320656436,서울 도봉구5,1,7,7.0,7,0,7.539312486266674,1,1,9.271174459519175,6,1.361623351766926,0.34456755622421154,-0.8048580991159534,-0.194909130129854
69,202876.86316845124,560568.0026739816,서울 도봉구6,1,7,7.0,7,0,1.3755706223585307,1,3,8.613751858398174,6,-0.519214224174483,-0.16737825154126423,0.44230940582047884,-0.194909130129854
70,205352.54603388897,561561.5864356952,서울 노원구1,1,7,7.0,5,1,0.3082657928309966,1,2,9.231328254833663,9,-0.8448974005115125,0.313538660336955,-0.18127434664773728,1.0675148591630905
71,206891.96051765262,557703.1303580642,서울 노원구2,4,31,7.75,30,1,0.8424375188708487,3,4,8.391330018552221,8,-0.681897346887559,-0.34058180169372115,1.065893158288695,0.6467068627321091
72,206487.01507440963,562261.6601548849,서울 노원구3,2,14,7.0,16,0,3.1137655368400394,3,3,9.475096315041862,14,0.011187986309101068,0.5033648638747009,0.44230940582047884,3.1715548413179984
73,204858.71342061978,564119.9667885539,서울 노원구4,1,7,7.0,7,0,3.152620652274602,1,2,8.557436954276655,5,0.023044446676915648,-0.2112315949319036,-0.18127434664773728,-0.6157171265608355
74,207203.31061456937,563432.1938568627,서울 노원구5,1,7,7.0,7,0,4.8615612561737835,1,2,7.269279735326808,6,0.5445198383844431,-1.2143408383009666,-0.18127434664773728,-0.194909130129854
75,193068.46866213705,557674.6363132448,서울 은평구1,1,12,12.0,12,0,1.8803328992261232,1,4,10.435893160544651,6,-0.365188329156168,1.251553192555107,1.065893158288695,-0.194909130129854
76,193733.60488319202,556757.8265398697,서울 은평구2,1,9,9.0,9,1,2.103375112744583,1,0,9.091553203314694,7,-0.29712802009892314,0.2046935255129863,-1.4284418515841697,0.22589886630112752
77,193115.1962609423,556414.4028245364,서울 은평구3,1,7,7.0,7,1,1.0664820016348624,1,2,8.765976821360619,6,-0.6135311999643118,-0.04883816561632841,-0.18127434664773728,-0.194909130129854
78,192825.82560700228,558153.527352804,서울 은평구4,1,7,7.0,7,1,3.7464404292344136,3,3,8.153934409521488,7,0.20424582961980858,-0.5254456725402407,0.44230940582047884,0.22589886630112752
79,191630.2173539761,553485.3812884155,서울 은평구5,1,7,7.0,6,1,1.099515346974448,2,1,7.8359108285737324,8,-0.6034512260547055,-0.7730958731253013,-0.8048580991159534,0.6467068627321091
80,193672.51794216761,556957.5780114487,서울 은평구6,1,7,7.0,6,1,6.152772938769703,1,4,8.882114044208821,5,0.9385271645739764,0.04159980268789626,1.065893158288695,-0.6157171265608355
81,192706.6588483402,554231.393574328,서울 은평구7,1,7,7.0,7,0,4.743465162813718,3,1,8.722989730200965,10,0.5084833568335008,-0.08231292153389508,-0.8048580991159534,1.4883228555940722
82,192095.68769424054,556248.9122567831,서울 은평구8,1,7,7.0,7,0,6.10333729783763,1,3,8.621006704630984,6,0.9234421053504164,-0.161728783286694,0.44230940582047884,-0.194909130129854
83,192907.77245200617,557793.8262735065,서울 은평구9,1,7,7.0,7,0,1.567814736577855,3,1,9.397727036416375,6,-0.46055181394369243,0.4431161322755471,-0.8048580991159534,-0.194909130129854
84,195127.4122011603,554264.2874390222,서울 서대문구1,1,11,11.0,9,1,8.08404470001276,1,3,10.24143105654291,8,1.5278458898064673,1.1001223492236005,0.44230940582047884,0.6467068627321091
85,194825.17515375259,554662.8323702228,서울 서대문구2,1,9,9.0,8,1,4.46260014318143,1,2,8.927065776612762,5,0.4227786835432113,0.07660445710159146,-0.18127434664773728,-0.6157171265608355
86,197021.07480621396,551833.4233958095,서울 서대문구3,1,8,8.0,9,0,1.2754068937193708,1,5,9.904909122272063,7,-0.5497787268305823,0.8380671762232732,1.6894769107569112,0.22589886630112752
87,193982.22463752297,551397.0938055675,서울 서대문구4,1,8,8.0,8,0,5.787705508175011,1,2,8.983488339836205,2,0.8271285115519439,0.1205416364081293,-0.18127434664773728,-1.8781411158537802
88,195045.14701575882,554684.011189743,서울 서대문구5,1,7,7.0,5,1,21.979002604169875,2,4,8.584954336898134,8,5.767828601491984,-0.189803355851404,1.065893158288695,0.6467068627321091
89,192468.38435227697,553889.9951903473,서울 서대문구6,1,7,7.0,7,0,6.215305100514754,1,2,7.444946387533819,5,0.9576085670907852,-1.077546322858041,-0.18127434664773728,-0.6157171265608355
90,195045.6885688549,550822.5283538117,서울 서대문구7,1,7,7.0,7,0,7.618051234366992,1,4,9.190496388986158,10,1.3856501198210582,0.28174221386823234,1.065893158288695,1.4883228555940722
91,195362.52766881153,548947.741103311,서울 마포구1,2,14,7.0,13,1,1.4417164682001655,3,4,9.638856042389122,6,-0.4990301225202823,0.6308872608128266,1.065893158288695,-0.194909130129854
92,195575.1317079591,549084.6739998752,서울 마포구2,1,7,7.0,8,0,2.7568986666513893,3,2,9.2174056764079,6,-0.09770830329538215,0.3026969192008852,-0.18127434664773728,-0.194909130129854
93,193028.6952769003,550111.5309867744,서울 마포구3,1,7,7.0,7,0,3.7842376442891337,3,3,7.352192930494201,6,0.21577947653599866,-1.14977496757792,0.44230940582047884,-0.194909130129854
94,188709.19612676196,549708.4131736242,서울 양천구1,1,10,10.0,10,0,0.8277923922857037,1,1,8.341379445071068,6,-0.6863662401335676,-0.37947913598912536,-0.8048580991159534,-0.194909130129854
95,185698.0387818813,547831.7019969005,서울 양천구2,1,8,8.0,10,0,0.8764442833625186,2,4,8.163931769614727,9,-0.6715203385857272,-0.517660563571172,1.065893158288695,1.0675148591630905
96,185176.26334370198,548129.0402585603,서울 양천구3,1,7,7.0,8,0,1.468958235200996,3,0,7.814738312180505,2,-0.4907174221928686,-0.7895832603688739,-1.4284418515841697,-1.8781411158537802
97,185218.08537355223,547789.1353079234,서울 양천구4,1,7,7.0,8,0,3.4522543456888024,1,2,7.909631640768622,4,0.11447629473847726,-0.7156882624287937,-0.18127434664773728,-1.036525122991817
98,186882.7024387523,547037.6991793659,서울 양천구5,1,7,7.0,7,0,4.245433554560947,1,3,8.945963115056253,9,0.3565112944904463,0.09132012580171567,0.44230940582047884,1.0675148591630905
99,184854.34439984747,548467.4558995109,서울 양천구6,1,7,7.0,7,0,2.549069639145435,1,3,8.653819788948063,6,-0.16112637837627342,-0.13617669407141667,0.44230940582047884,-0.194909130129854
100,187501.32302854382,547341.1004042989,서울 양천구7,1,7,7.0,7,0,1.4030288338362122,1,0,7.892379740425748,11,-0.5108354768071129,-0.7291226013782947,-1.4284418515841697,1.9091308520250536
101,188188.1632789307,549865.7024815324,서울 양천구8,1,7,7.0,7,0,3.684275295025659,2,1,9.156578838745583,6,0.1852764238732916,0.25533005884689675,-0.8048580991159534,-0.194909130129854
102,187950.90496417906,549850.4353597902,서울 양천구9,2,14,7.0,14,0,0.7675284915975755,1,0,8.866900043525739,5,-0.7047554931862846,0.02975240976930152,-1.4284418515841697,-0.6157171265608355
103,187741.40665743797,547342.3766340084,서울 양천구10,1,7,7.0,7,0,1.1390355319732566,1,1,8.929759905045902,11,-0.5913918227579579,0.07870241928691304,-0.8048580991159534,1.9091308520250536
104,186534.4417170481,548316.6622101921,서울 강서구1,3,24,8.0,24,0,2.8417799168915656,3,1,5.361746401465589,4,-0.0718071788697424,-2.699768463968213,-0.8048580991159534,-1.036525122991817
105,185467.3241185517,549831.2243137367,서울 강서구2,1,8,8.0,8,0,3.1826636690299517,2,4,8.908764374960246,7,0.032211935526338525,0.0623528541961513,1.065893158288695,0.22589886630112752
106,186457.45143235836,547995.7993244112,서울 강서구3,1,7,7.0,6,1,7.049144425046301,1,1,9.984551574718692,9,1.2120508147552813,0.9000860657179299,-0.8048580991159534,1.0675148591630905
107,185954.8814481399,549082.6539010415,서울 강서구4,3,28,9.333333333333334,27,1,5.520904423934627,1,3,9.135352608453006,7,0.7457153836791536,0.23880084370519056,0.44230940582047884,0.22589886630112752
108,186877.9164458411,547938.0121460829,서울 강서구5,1,7,7.0,7,0,2.9451434991604115,2,1,8.261276483806816,6,-0.040266255546277635,-0.44185663128501124,-0.8048580991159534,-0.194909130129854
109,183396.1834466891,551780.9384237881,서울 강서구6,1,7,7.0,7,0,2.711780331457856,1,1,7.227756199682131,9,-0.1114759564628221,-1.2466758994330989,-0.8048580991159534,1.0675148591630905
110,187957.12253445626,548163.8325569986,서울 강서구7,1,7,7.0,7,0,3.947489229275473,1,2,9.081076358818056,5,0.26559494936951106,0.1965350341415013,-0.18127434664773728,-0.6157171265608355
111,186884.73083416402,550418.9807748734,서울 강서구8,1,7,7.0,7,0,0.6209624692299947,2,2,9.211455878599516,13,-0.7494794430712378,0.29806371364959966,-0.18127434664773728,2.7507468448870167
112,186158.2860579562,544052.7307167135,서울 구로구1,1,10,10.0,9,1,1.743955067186554,1,2,8.943758840228014,7,-0.40680339946393235,0.08960362068680816,-0.18127434664773728,0.22589886630112752
113,190383.6917896809,543334.8958480818,서울 구로구2,1,8,8.0,8,0,3.659553133299965,2,3,8.032548712529389,10,0.17773256954602698,-0.6199707141068572,0.44230940582047884,1.4883228555940722
114,189645.2836222914,544521.9249439889,서울 구로구3,2,15,7.5,13,1,3.2380538677542896,1,7,9.466574221257568,13,0.04911400076525185,0.49672856907921636,2.9366444156933436,2.7507468448870167
115,189641.83792852145,543631.0691613049,서울 구로구4,1,7,7.0,7,0,1.143761033509557,3,2,8.806390244737019,7,-0.5899498576252703,-0.017367567191935065,-0.18127434664773728,0.22589886630112752
116,187612.5223717935,545240.9004122836,서울 구로구5,1,7,7.0,7,0,0.5714890307467287,1,4,8.850979797307708,8,-0.7645760360442848,0.017355051820217685,1.065893158288695,0.6467068627321091
117,190028.02805969305,542492.6881758196,서울 구로구6,1,7,7.0,7,0,0.42502616681369493,1,2,8.480087401525601,5,-0.8092685076058015,-0.271464965667736,-0.18127434664773728,-0.6157171265608355
118,191147.67819928797,542638.6872764763,서울 구로구7,1,7,7.0,7,0,0.22413392387645578,2,4,9.634749632312696,10,-0.8705698546729116,0.627689531650477,1.065893158288695,1.4883228555940722
119,189765.6644585206,543423.0228639818,서울 구로구8,2,14,7.0,14,0,2.6966859525885787,1,3,9.227831664793955,6,-0.11608193698401671,0.3108158080814185,0.44230940582047884,-0.194909130129854
120,191378.59091415914,540599.1368060362,서울 금천구1,1,8,8.0,10,0,6.11309237859946,1,2,8.914435336127733,5,0.9264188235288056,0.06676892506250952,-0.18127434664773728,-0.6157171265608355
121,191453.20213702501,541619.9213145394,서울 금천구2,1,8,8.0,9,0,5.503661723615867,1,2,8.356009233824425,4,0.7404538527152892,-0.36808667852264226,-0.18127434664773728,-1.036525122991817
122,190934.50598846734,541337.0608146443,서울 금천구3,1,7,7.0,5,1,1.6946743450473682,1,2,9.347661750940006,9,-0.4218411859279713,0.40412946986007015,-0.18127434664773728,1.0675148591630905
123,191954.8544205695,539078.3993176691,서울 금천구4,3,23,7.666666666666667,22,1,3.5280083756948124,1,5,8.965140850041951,9,0.1375922897477095,0.1062541439076104,1.6894769107569112,1.0675148591630905
124,191663.57466459484,539680.2990147199,서울 금천구5,1,7,7.0,6,1,3.997953826471381,1,1,8.091874228893355,4,0.28099398988037205,-0.5737729573758491,-0.8048580991159534,-1.036525122991817
125,191339.5629064017,541013.0899966632,서울 금천구6,2,16,8.0,20,0,2.827739464398421,1,1,8.38267329194659,6,-0.0760915585883283,-0.3473229372846909,-0.8048580991159534,-0.194909130129854
126,191204.68665267364,539437.7721983435,서울 금천구7,1,7,7.0,7,0,3.104898218897798,1,3,9.22130264672569,7,0.008482164885714544,0.3057315541735453,0.44230940582047884,0.22589886630112752
127,190289.71295128675,542193.9638975607,서울 금천구8,1,7,7.0,7,0,6.6629350287932345,1,1,9.538359934498118,7,1.0942007878247506,0.552629286347362,-0.8048580991159534,0.22589886630112752
128,191033.1603920555,541597.6834978816,서울 금천구9,1,7,7.0,7,0,4.901974032007838,1,3,9.214374160783674,6,0.5568516116830401,0.3003362280528296,0.44230940582047884,-0.194909130129854
129,191648.51693409044,546282.7341948126,서울 영등포구1,1,14,14.0,13,1,1.7155515427948367,1,1,10.289417932943682,5,-0.415470604733823,1.137490520258861,-0.8048580991159534,-0.6157171265608355
130,191835.42286413762,546633.8363944852,서울 영등포구2,5,49,9.8,46,1,1.1613094991528754,1,0,9.44951474036292,4,-0.5845950237742071,0.48344407032334996,-1.4284418515841697,-1.036525122991817
131,190921.56356046576,547539.3500936066,서울 영등포구3,1,8,8.0,8,0,0.6107898883862154,1,0,7.991308510524108,5,-0.7525835594858649,-0.6520851386672607,-1.4284418515841697,-0.6157171265608355
132,192006.942699783,546604.7612034342,서울 영등포구4,1,8,8.0,8,0,0.6084171352792881,1,3,9.02257953294203,4,-0.7533075942200371,0.15098259234264347,0.44230940582047884,-1.036525122991817
133,191428.8645907018,546201.5363771976,서울 영등포구5,1,7,7.0,6,1,7.667723721782546,1,0,9.178330245111283,8,1.4008074516633775,0.27226823724681154,-1.4284418515841697,0.6467068627321091
134,192630.98973475758,545887.8027958373,서울 영등포구6,1,7,7.0,8,0,1.9909320253325133,3,4,8.741502514567234,5,-0.3314395127975144,-0.06789671142761468,1.065893158288695,-0.6157171265608355
135,191849.3318494156,546143.7481384488,서울 영등포구7,1,7,7.0,7,0,7.589405743140626,1,2,7.856032180972212,4,1.3769090794807202,-0.757427044597945,-0.18127434664773728,-1.036525122991817
136,192134.21494567764,545244.9185890697,서울 영등포구8,1,7,7.0,7,0,6.083549871310652,1,2,8.840089824138264,6,0.9174040628488241,0.008874850346661401,-0.18127434664773728,-0.194909130129854
137,191234.15539043807,543544.1219575842,서울 영등포구9,3,22,7.333333333333333,22,0,0.6019234124826648,3,2,6.797724375815699,6,-0.7552891239650047,-1.581548763643682,-0.18127434664773728,-0.194909130129854
138,191828.04878217386,546383.7265326767,서울 영등포구10,1,7,7.0,7,0,0.6781180361881223,1,3,10.1352723700119,5,-0.7320386838080131,1.0174548315039955,0.44230940582047884,-0.6157171265608355
139,194018.81433662097,544514.648359765,서울 동작구1,1,11,11.0,12,0,0.3946949585314978,2,4,9.48279253982972,4,-0.8185239367786076,0.5093580408799433,1.065893158288695,-1.036525122991817
140,198354.17417814786,541936.6707566832,서울 동작구2,1,9,9.0,9,0,11.544272856746373,1,1,9.17264855398296,5,2.583718650575939,0.2678438107832191,-0.8048580991159534,-0.6157171265608355
141,198327.68588943934,543157.003841844,서울 동작구3,1,9,9.0,9,0,0.17226305075040158,3,0,9.641154577901686,3,-0.8863980138376618,0.6326771682751661,-1.4284418515841697,-1.4573331194227985
142,195840.9510472355,544244.2206849055,서울 동작구4,1,8,8.0,7,1,8.807489242335471,3,3,9.820155030751328,7,1.7486016757159615,0.7720677691888542,0.44230940582047884,0.22589886630112752
143,194591.15398930156,545998.2578103285,서울 동작구5,1,7,7.0,6,1,0.9980635174004604,1,2,9.635038685328508,5,-0.6344087868065721,0.6279146219948231,-0.18127434664773728,-0.6157171265608355
144,196602.06795803286,545315.7244255341,서울 동작구6,3,34,11.333333333333334,32,1,1.6066883712436384,2,5,9.64323653745439,12,-0.44868970251736073,0.6342984244703849,1.6894769107569112,2.329938848456035
145,198209.6615335768,542776.2295446588,서울 동작구7,1,7,7.0,13,0,0.7362605194372603,1,5,9.035330087093673,5,-0.7142967715624887,0.1609116588722844,1.6894769107569112,-0.6157171265608355
146,198033.74029166147,541994.9926292102,서울 동작구8,1,7,7.0,7,0,2.199259694415089,3,1,8.854996339217147,2,-0.2678692795252284,0.02048279916073357,-0.8048580991159534,-1.8781411158537802
147,193095.9366766492,544989.9291264063,서울 동작구9,1,7,7.0,7,0,2.3656751587545584,1,6,8.743639669155327,8,-0.21708836340993987,-0.06623247394923279,2.3130606632251274,0.6467068627321091
148,193263.64593803143,543550.2688777209,서울 동작구10,1,7,7.0,7,0,0.40967573324351153,3,2,7.444173189188792,11,-0.8139526220452544,-1.0781484251445046,-0.18127434664773728,1.9091308520250536
149,197188.33857776877,542950.8752352991,서울 동작구11,1,7,7.0,7,0,4.2757142116140185,3,4,8.01113040087984,7,0.36575129818740537,-0.6366495061649707,1.065893158288695,0.22589886630112752
150,191393.81983057887,542780.3478076931,서울 관악구1,5,46,9.2,45,1,4.014203546620922,1,5,10.848526234981342,10,0.28595251749729766,1.5728773640135252,1.6894769107569112,1.4883228555940722
151,191569.3137440497,542360.8197305555,서울 관악구2,1,9,9.0,9,0,8.129989005248396,2,2,8.997717892476109,6,1.5418655839461106,0.1316224234208596,-0.18127434664773728,-0.194909130129854
152,193448.27890496913,542690.920178781,서울 관악구3,1,8,8.0,7,1,2.41682898205152,1,1,9.840551188119987,3,-0.20147900871366958,0.7879505928727448,-0.8048580991159534,-1.4573331194227985
153,196994.1102787592,541849.4180689657,서울 관악구4,1,8,8.0,8,0,7.429439950131685,1,3,9.334813523620241,5,1.3280962510074472,0.3941243436256576,0.44230940582047884,-0.6157171265608355
154,195042.27846593555,542525.1599126565,서울 관악구5,2,14,7.0,11,1,1.6332007022442954,1,3,9.03508027589199,9,-0.4405995862417556,0.16071712677494565,0.44230940582047884,1.0675148591630905
155,193785.41588461533,542815.896824688,서울 관악구6,2,14,7.0,14,1,0.6927144027118892,1,2,10.858524939806511,5,-0.7275846694712239,1.5806635201474961,-0.18127434664773728,-0.6157171265608355
156,192813.57655548616,541647.1518670316,서울 관악구7,1,7,7.0,8,0,5.181176522959443,2,3,8.994624809877754,6,0.6420489719672451,0.12921378905599307,0.44230940582047884,-0.194909130129854
157,197039.7301945069,541656.7064076052,서울 관악구8,3,25,8.333333333333334,25,0,4.8274446377114675,3,4,8.483482945133504,3,0.5341093086470257,-0.268820799932961,1.065893158288695,-1.4573331194227985
158,196652.92601460617,542047.6838148113,서울 관악구9,1,7,7.0,7,0,6.380222896002532,1,5,9.545890524622427,12,1.0079324764211088,0.558493480911964,1.6894769107569112,2.329938848456035
159,193790.28350352636,542578.1674960004,서울 관악구10,2,15,7.5,15,0,2.676089709328977,1,4,10.185536449697002,6,-0.1223667862040531,1.0565962982441104,1.065893158288695,-0.194909130129854
160,195610.42912330214,542442.3024085548,서울 관악구11,1,7,7.0,7,0,2.4192846149854104,1,2,9.489532474148385,9,-0.20072968358021048,0.5146065387459605,-0.18127434664773728,1.0675148591630905
161,195261.3535151016,542441.9409318311,서울 관악구12,2,14,7.0,14,0,1.1635524337200327,3,1,8.544299882266014,11,-0.5839106025723737,-0.22146164928460327,-0.8048580991159534,1.9091308520250536
162,200377.58919663206,545208.6880523993,서울 서초구1,1,8,8.0,7,1,1.0224683814902462,2,3,10.546206938418896,8,-0.6269617543984518,1.3374563483413457,0.44230940582047884,0.6467068627321091
163,201812.48055185218,544121.1400460385,서울 서초구2,3,26,8.666666666666666,28,0,6.947095047194549,2,2,7.860010808918609,3,1.1809109148855421,-0.7543288214849222,-0.18127434664773728,-1.4573331194227985
164,202250.84175248072,544625.115293611,서울 서초구3,3,24,8.0,24,0,3.0899889559058202,3,6,10.466495736465951,8,0.0039326716259295786,1.2753839224737622,2.3130606632251274,0.6467068627321091
165,202625.85706460208,544310.6129830577,서울 강남구1,2,15,7.5,15,0,2.6636467831761714,1,6,8.8504205377343,4,-0.1261636880827476,0.01691954717895463,2.3130606632251274,-1.036525122991817
166,204091.05348405475,542947.5191209529,서울 강남구2,1,7,7.0,6,1,0.27137843879389817,3,0,8.798069901766993,4,-0.8561534075088657,-0.02384675530535275,-1.4284418515841697,-1.036525122991817
167,209052.24675905664,543093.9154220858,서울 강남구3,1,7,7.0,6,1,0.5617615533138576,1,8,10.060780754900856,8,-0.7675443311933724,0.9594469838809415,3.5602281681615597,0.6467068627321091
168,203612.49617219917,546406.3413029487,서울 강남구4,1,7,7.0,8,0,1.1804202177531427,1,2,9.294040897797773,7,-0.5787634755945054,0.3623740283401612,-0.18127434664773728,0.22589886630112752
169,204460.99016352242,544870.2423317642,서울 강남구5,1,7,7.0,7,0,4.124103089511208,3,1,9.198639929926262,3,0.31948785924436,0.2880837233288804,-0.8048580991159534,-1.4573331194227985
170,204299.9748288282,545049.4579024843,서울 강남구6,1,7,7.0,7,0,0.5664544160704683,1,0,9.441390647119402,5,-0.7661123256346949,0.4771177051043521,-1.4284418515841697,-0.6157171265608355
171,204659.5753184575,545151.4080859296,서울 강남구7,1,7,7.0,7,0,2.519927439799332,1,0,8.172200890944772,1,-0.17001898692250025,-0.5112212625924679,-1.4284418515841697,-2.298949112284762
172,202835.82612811425,545721.9461314639,서울 강남구8,1,7,7.0,7,0,7.538540908639829,1,2,7.944412087516337,2,1.3613879083909108,-0.6886041556847576,-0.18127434664773728,-1.8781411158537802
173,202584.34147192567,544099.9730554612,서울 강남구9,1,7,7.0,7,0,7.192322862741385,3,2,9.85582940868018,6,1.2557410587056907,0.7998479948673978,-0.18127434664773728,-0.194909130129854
174,204229.32040680415,547049.8721604481,서울 강남구10,1,7,7.0,7,0,1.817224164337598,1,2,7.341483852363161,5,-0.38444567032476823,-1.1581143031055863,-0.18127434664773728,-0.6157171265608355
175,207357.59368286384,545725.966334531,서울 송파구1,1,8,8.0,8,0,0.3567918296582177,3,1,9.106466206349795,2,-0.8300899028110355,0.2163065266054276,-0.8048580991159534,-1.8781411158537802
176,210328.3666462796,543921.0219827429,서울 송파구2,1,7,7.0,5,1,3.5198832878989172,1,4,9.217962859764453,2,0.13511295645118937,0.3031308070578861,1.065893158288695,-1.8781411158537802
177,210369.97564930154,543621.1226147591,서울 송파구3,1,7,7.0,7,0,1.1190199090855184,1,0,7.382385286790304,5,-0.5974994983330121,-1.1262636824380494,-1.4284418515841697,-0.6157171265608355
178,209564.15076185716,544657.2590113393,서울 송파구4,1,7,7.0,7,0,0.3775695681120113,2,2,7.324596295596945,4,-0.8237496711644428,-1.1712649217109155,-0.18127434664773728,-1.036525122991817
179,210902.43327847362,548846.0496704163,서울 강동구1,1,10,10.0,10,0,4.089382474612231,1,0,9.233325784620606,6,0.3088930227629404,0.3150941696829498,-1.4284418515841697,-0.194909130129854
180,211231.6783541871,548760.9363485676,서울 강동구2,2,16,8.0,16,0,0.18352309065843878,2,4,9.396348672757163,5,-0.8829620642743542,0.4420427777913742,1.065893158288695,-0.6157171265608355
181,212273.315059915,548313.6212470836,서울 강동구3,2,16,8.0,16,0,1.392320678546793,1,0,8.810146828593847,4,-0.5141030213088201,-0.014442253468701843,-1.4284418515841697,-1.036525122991817
182,212438.96729055018,549614.5266545557,서울 강동구4,1,9,9.0,9,0,3.8591368035065563,2,0,7.14958761802214,6,0.23863461164271543,-1.3075470614703777,-1.4284418515841697,-0.194909130129854
183,212081.38571022035,549132.431437079,서울 강동구5,1,8,8.0,8,0,1.4662255552946668,2,2,7.198231830334919,9,-0.4915512869400184,-1.2696670121335927,-0.18127434664773728,1.0675148591630905
184,211582.79408145123,548829.6593047546,서울 강동구6,1,7,7.0,6,1,9.38206664899539,2,0,0.0,7,1.9239313375664873,-6.875048699012525,-1.4284418515841697,0.22589886630112752
185,212244.10532904463,548633.0948954772,서울 강동구7,1,7,7.0,7,0,0.92695687257392,3,0,8.418085487555599,5,-0.656106653531328,-0.31974687729695944,-1.4284418515841697,-0.6157171265608355
186,211777.7620601182,549791.0829387398,서울 강동구8,1,7,7.0,7,0,3.0532491224078484,2,2,7.659277874471183,3,-0.007278320155125016,-0.9106428637700428,-0.18127434664773728,-1.4573331194227985
187,211101.55057813882,549027.1808357582,서울 강동구9,1,7,7.0,7,0,1.1872932978958477,1,2,9.145523102314431,8,-0.576666186694308,0.2467207747911965,-0.18127434664773728,0.6467068627321091
188,212718.85168431656,549657.5319117645,서울 강동구10,2,14,7.0,14,0,1.7224492468727408,2,0,8.188214101244279,7,-0.4133658019526727,-0.49875151198194617,-1.4284418515841697,0.22589886630112752
189,212605.51706092368,548394.9195939439,서울 강동구11,1,7,7.0,7,0,1.8768856398084566,3,1,7.877531738813659,5,-0.3662402445656583,-0.7406849847920113,-0.8048580991159534,-0.6157171265608355
190,211383.9958090839,548588.5056284124,서울 강동구12,1,7,7.0,7,0,4.693966875457463,1,0,8.954127792198047,4,0.49337918134076514,0.09767809437074992,-1.4284418515841697,-1.036525122991817
191,199893.56742396747,553758.059068098,서울 종로구1,1,10,10.0,11,1,3.79643884639299,1,4,9.217312782324704,6,0.21950261742918947,0.30262458104826157,1.065893158288695,-0.194909130129854
192,198809.54255953597,552298.2395689589,서울 종로구2,1,7,7.0,7,0,1.5364893378449374,1,3,9.966703122346466,9,-0.47011061577528984,0.8861871818774868,0.44230940582047884,1.0675148591630905
193,201424.39118533753,552657.2308216473,서울 종로구3,1,8,8.0,8,1,1.4488951065521742,1,2,8.489331206829544,10,-0.49683959393315696,-0.26426666222473866,-0.18127434664773728,1.4883228555940722
194,197069.43135847742,551844.6054245051,서울 종로구5,3,28,9.333333333333334,33,0,1.6739024195880483,1,4,9.892124853793085,6,-0.4281796437659463,0.8281118557916346,1.065893158288695,-0.194909130129854
195,200930.13738174428,550509.1956615149,서울 중구1,1,9,9.0,9,1,2.52710971728695,1,2,9.301636641708361,5,-0.16782734786982506,0.36828895923127336,-0.18127434664773728,-0.6157171265608355
196,201609.8681291466,551759.9543559663,서울 중구2,1,10,10.0,10,0,2.3044667568202946,1,1,8.664940000021948,7,-0.23576582668843835,-0.1275172025494708,-0.8048580991159534,0.22589886630112752
197,201808.15991034207,552073.9776700332,서울 중구3,1,7,7.0,7,0,2.704915091948372,1,0,0.0,6,-0.11357085282973248,-6.875048699012525,-1.4284418515841697,-0.194909130129854
198,201903.31200748502,551770.3646796548,서울 중구4,1,7,7.0,7,0,2.292921326026042,1,3,9.354599898922725,7,-0.23928886197247812,0.4095323199710232,0.44230940582047884,0.22589886630112752
199,201076.15844023027,552179.3556352151,서울 중구5,3,28,9.333333333333334,31,0,0.1035230300900499,1,0,6.733517092574772,9,-0.9073737160464175,-1.6315480326483587,-1.4284418515841697,1.0675148591630905
200,197573.05622357051,550536.5023172526,서울 용산구1,1,8,8.0,8,0,4.297531987992128,1,2,10.486960266218622,5,0.37240889263919785,1.2913199888592306,-0.18127434664773728,-0.6157171265608355
201,196755.05210728603,550219.8846563185,서울 용산구2,1,7,7.0,7,0,13.54440560987874,3,5,8.807394668147262,3,3.194049991833186,-0.016585406138726683,1.6894769107569112,-1.4573331194227985
202,200545.32992957818,548187.2424470893,서울 용산구3,1,9,9.0,10,0,0.9929861490412417,2,3,8.651757920931992,10,-0.6359581224873593,-0.13778230465613542,0.44230940582047884,1.4883228555940722
203,200062.59585588326,547416.8509919465,서울 용산구4,1,7,7.0,6,1,1.554379699651142,1,3,7.952524335629423,3,-0.4646514538773317,-0.6822870144639259,0.44230940582047884,-1.4573331194227985
204,197214.26331767233,550544.8605008327,서울 용산구5,3,22,7.333333333333333,22,0,6.037431719088093,3,0,8.91169084943025,5,0.9033313200980146,0.06463174806730379,-1.4284418515841697,-0.6157171265608355
205,201856.46572644147,549857.3653697004,서울 성동구2,1,7,7.0,6,1,4.738597540959877,1,4,8.992802049714962,5,0.5069980243373777,0.12779437569491886,1.065893158288695,-0.6157171265608355
206,203436.02416297788,553194.8305201714,서울 동대문구1,4,43,10.75,41,1,0.08097137389744861,1,0,10.063214361885322,6,-0.9142552505595879,0.9613420737231858,-1.4284418515841697,-0.194909130129854
207,203772.66764651617,553298.9736224739,서울 동대문구2,2,19,9.5,19,1,0.43847781479573317,1,1,9.933844658034413,9,-0.8051637988847726,0.8605997545126784,-0.8048580991159534,1.0675148591630905
208,203049.97567392292,553173.1278228149,서울 동대문구3,1,9,9.0,9,0,12.890544689502725,1,1,8.4341130797993,4,2.9945273291980117,-0.3072659272296119,-0.8048580991159534,-1.036525122991817
209,203609.39737297423,553402.8096785517,서울 동대문구4,1,8,8.0,8,0,0.5193321871800993,3,0,9.896129906157105,7,-0.7804914577781235,0.8312306560338913,-1.4284418515841697,0.22589886630112752
210,203980.83581277484,553464.8247582099,서울 동대문구5,2,17,8.5,16,1,0.6476699922353408,1,5,10.44842564121791,8,-0.7413297648501377,1.2613124416752866,1.6894769107569112,0.6467068627321091
211,205568.5489786757,554453.4375297062,서울 동대문구8,1,8,8.0,8,0,2.0341315402486693,3,1,8.604571705303943,4,-0.3182573788420814,-0.17452698796015706,-0.8048580991159534,-1.036525122991817
212,205077.8540069859,553219.5714756647,서울 동대문구9,2,16,8.0,16,0,1.8485027311234958,1,2,8.6623152168985,5,-0.374901159047132,-0.129561164399963,-0.18127434664773728,-0.6157171265608355
213,208375.70124160754,555401.9540057941,서울 중랑구1,2,18,9.0,18,0,0.8356097369727481,3,4,8.90060617626634,8,-0.683980813236057,0.05599993050119291,1.065893158288695,0.6467068627321091
214,208891.31050271422,555533.0337101545,서울 중랑구2,2,18,9.0,18,0,1.2107277189865624,1,0,8.400130057858467,8,-0.5695152805189635,-0.3337290661423084,-1.4284418515841697,0.6467068627321091
215,207547.27930079267,553263.5270743924,서울 중랑구4,2,14,7.0,13,1,3.382016701907998,3,2,7.523446457223198,9,0.0930435996994345,-1.0164170256324068,-0.18127434664773728,1.0675148591630905
216,206420.98473780128,554596.4250698832,서울 중랑구5,1,7,7.0,7,0,2.960594732333751e-15,3,1,7.409781006665233,5,-0.9389632941416327,-1.10493018414217,-0.8048580991159534,-0.6157171265608355
217,207718.3338729231,554274.7747451914,서울 중랑구6,2,17,8.5,15,1,4.931297504981658,2,2,9.633789038739833,9,0.5657995350458289,0.6269415016135493,-0.18127434664773728,1.0675148591630905
218,206814.80862760002,556645.9241740961,서울 중랑구7,1,7,7.0,7,0,0.5475888644282042,3,2,8.256071380589912,5,-0.7718690622409771,-0.44590993089219944,-0.18127434664773728,-0.6157171265608355
219,207056.6047873334,555494.1265701375,서울 중랑구8,2,14,7.0,13,1,5.432012662495247,1,6,8.24363032700921,5,0.7185904701447643,-0.45559798422952846,2.3130606632251274,-0.6157171265608355
220,208846.99990387066,555048.9549168092,서울 중랑구9,1,7,7.0,7,0,2.851128501876019,2,1,8.315416508230992,7,-0.06895450101449345,-0.3996969025366891,-0.8048580991159534,0.22589886630112752
221,208403.62509983743,556282.7374155889,서울 중랑구10,2,15,7.5,17,0,2.747754220473754,1,2,9.275596377595678,13,-0.10049868912947758,0.34801097666288794,-0.18127434664773728,2.7507468448870167
222,201610.01761451675,554905.5334991596,서울 성북구1,2,17,8.5,20,0,5.217981662582419,1,2,10.325512633727465,8,0.6532798916129896,1.1655980582675918,-0.18127434664773728,0.6467068627321091
223,202203.0581740931,556003.170440724,서울 성북구2,1,11,11.0,11,0,1.0784374854774132,3,3,10.352489933200307,11,-0.6098830388722162,1.186605725704649,0.44230940582047884,1.9091308520250536
224,200881.93860367648,556463.7682846481,서울 성북구3,1,7,7.0,6,1,7.50007032452455,1,4,8.636706628705365,6,1.3496487859925317,-0.14950299381975055,1.065893158288695,-0.194909130129854
225,200827.21000337222,554366.2518581132,서울 성북구4,2,14,7.0,14,0,1.1123898985647191,3,4,10.047643753070252,14,-0.599522615652286,0.9492169841785931,1.065893158288695,3.1715548413179984
226,200487.68946945213,554302.1249335943,서울 성북구5,1,7,7.0,7,0,5.759475742117317,1,2,9.275502690447219,10,0.8185143278411937,0.3479380209372814,-0.18127434664773728,1.4883228555940722
227,201575.49997874748,558334.3935750291,서울 강북구1,1,7,7.0,7,0,9.776626302003482,3,7,8.73739047124814,5,2.0443294070692697,-0.07109882728881306,2.9366444156933436,-0.6157171265608355
228,202368.71761644058,560015.8610466396,서울 강북구2,3,29,9.666666666666666,27,1,0.4276352980722642,1,2,10.182396576672074,8,-0.808472343162184,1.0541512274033957,-0.18127434664773728,0.6467068627321091
229,202252.6309948197,559825.4590035505,서울 강북구3,3,32,10.666666666666666,32,0,0.47804376922491915,1,7,10.823480455169316,9,-0.7930904292561467,1.5533738027500077,2.9366444156933436,1.0675148591630905
230,201817.748977229,560562.189119874,서울 강북구5,1,7,7.0,7,0,0.34359552889649575,2,1,8.87332798950246,5,-0.8341166934982648,0.03475795717475158,-0.8048580991159534,-0.6157171265608355
231,203878.27379805676,562969.6981714787,서울 도봉구1,1,8,8.0,8,0,0.37399505207146666,3,1,8.851169227562135,8,-0.8248404183490757,0.017502564279406413,-0.8048580991159534,0.6467068627321091
232,203823.266835628,563449.2096982753,서울 도봉구2,1,7,7.0,6,1,3.0124564236316154,3,3,8.769637447151485,9,-0.01972602519800798,-0.04598757601956578,0.44230940582047884,1.0675148591630905
233,203834.4344097445,562757.1849960437,서울 도봉구3,1,7,7.0,7,0,1.8621174288799007,2,0,8.80738501503196,7,-0.37074669643485525,-0.01659292317860734,-1.4284418515841697,0.22589886630112752
234,202987.00734433808,561018.2666077527,서울 도봉구4,1,7,7.0,7,0,7.81895127030868,3,3,10.242809411759394,6,1.4469538448877537,1.1011956971332826,0.44230940582047884,-0.194909130129854
235,204052.4758893511,561502.6165018921,서울 도봉구5,1,7,7.0,7,0,3.123898855347965,3,2,8.224699561967235,5,0.014280122001916142,-0.4703396827724553,-0.18127434664773728,-0.6157171265608355
236,203697.4106229802,559040.8916638345,서울 도봉구6,1,7,7.0,8,0,9.753921996645639,2,2,7.3199503779847035,8,2.0374012923630507,-1.174882774277522,-0.18127434664773728,0.6467068627321091
237,203450.60421486772,561987.2169143693,서울 도봉구7,1,8,8.0,9,0,7.246264622460412,3,1,8.793719723170177,7,1.2722011394215986,-0.027234311029591073,-0.8048580991159534,0.22589886630112752
238,204810.8056549088,564276.7802864485,서울 노원구2,1,7,7.0,6,1,1.0993070257866044,1,1,8.635813152738276,7,-0.6035147943102575,-0.15019875827158205,-0.8048580991159534,0.22589886630112752
239,192285.08375638074,555436.6102801816,서울 은평구1,1,8,8.0,8,0,2.2558531877091723,1,0,7.745058660076206,6,-0.2506000344641107,-0.8438439531417207,-1.4284418515841697,-0.194909130129854
240,193018.84089919084,557676.272591964,서울 은평구2,1,7,7.0,7,0,2.261971046585902,1,3,10.389795048488393,7,-0.2487331978713848,1.215655833424369,0.44230940582047884,0.22589886630112752
241,192873.181754026,558277.8270401446,서울 은평구3,1,7,7.0,7,0,2.4906135160487493,3,4,8.575967145446233,7,-0.17896399638359067,-0.1968018298611826,1.065893158288695,0.22589886630112752
242,192895.22052560747,557899.7542033428,서울 은평구4,2,15,7.5,15,0,2.961677832299614,3,2,8.327609197820571,6,-0.03522087958018757,-0.3902022543299995,-0.18127434664773728,-0.194909130129854
243,192656.55639862118,554247.0327995557,서울 은평구5,1,7,7.0,7,0,1.5600909001044478,1,1,8.542923817405255,9,-0.4629087072384418,-0.22253321365655784,-0.8048580991159534,1.0675148591630905
244,193747.07968570385,556857.4364565698,서울 은평구6,1,8,8.0,8,1,3.217461646735309,1,2,9.330703588645637,6,0.04283037891350351,0.3909238695670391,-0.18127434664773728,-0.194909130129854
245,192036.53893266583,556272.6063553168,서울 은평구7,1,7,7.0,7,0,15.456663047990121,3,2,8.556965861394461,5,3.777566583521351,-0.2115984427185418,-0.18127434664773728,-0.6157171265608355
246,195130.1949499473,554305.3179063657,서울 서대문구1,2,21,10.5,19,1,1.832377626611977,1,3,10.347577662898304,6,-0.37982166077333784,1.1827804599114853,0.44230940582047884,-0.194909130129854
247,194840.49985693925,554597.2484322179,서울 서대문구2,2,20,10.0,20,0,12.444679373316585,1,2,8.878394007160967,5,2.8584735717552605,0.038702948566766614,-0.18127434664773728,-0.6157171265608355
248,192238.74793529478,552315.0243266413,서울 서대문구3,1,7,7.0,7,0,0.9420686560585404,1,1,8.854862867502595,7,-0.651495362071542,0.020378862538226898,-0.8048580991159534,0.22589886630112752
249,195504.5227673316,549084.5281239083,서울 마포구1,3,23,7.666666666666667,19,1,0.2197673164191993,3,2,9.191673679906383,6,-0.8719023049225051,0.2826589896987283,-0.18127434664773728,-0.194909130129854
250,186158.33485245923,546945.7514969602,서울 양천구1,1,7,7.0,8,0,1.855821220194285,2,0,8.242221397901586,8,-0.37266795565422917,-0.4566951405318172,-1.4284418515841697,0.6467068627321091
251,185161.79984711608,548158.7744236224,서울 양천구2,1,7,7.0,8,0,1.373965541524195,3,0,7.814738312180505,2,-0.5197040072335886,-0.7895832603688739,-1.4284418515841697,-1.8781411158537802
252,185310.8388652089,547820.8805896743,서울 양천구3,1,7,7.0,8,0,1.000143856061424,2,1,8.247076372762562,5,-0.6337739810001941,-0.45291449164228215,-0.8048580991159534,-0.6157171265608355
253,187995.97123462145,549844.5738851561,서울 양천구4,1,7,7.0,7,0,0.6403242180313088,3,0,8.866900043525739,4,-0.7435712941763779,0.02975240976930152,-1.4284418515841697,-1.036525122991817
254,186837.12297051228,547045.9915229414,서울 양천구5,1,11,11.0,11,0,5.221298251616755,3,3,9.108336224575886,8,0.6542919335539834,0.21776274059877065,0.44230940582047884,0.6467068627321091
255,188632.5033816432,549721.2235819285,서울 양천구6,4,52,13.0,51,1,2.960594732333751e-15,2,2,8.137122259343991,5,-0.9389632941416327,-0.538537570792928,-0.18127434664773728,-0.6157171265608355
256,188901.79099425426,549689.7954707968,서울 양천구7,2,15,7.5,14,1,2.4147333264208077,1,2,9.488834395544702,5,-0.20211848842315525,0.5140629334393629,-0.18127434664773728,-0.6157171265608355
257,187050.9342217946,546521.9071967409,서울 양천구8,2,14,7.0,14,0,2.144232708006859,1,2,8.25772858982772,9,-0.2846605121908017,-0.44461943476316607,-0.18127434664773728,1.0675148591630905
258,185785.94958135742,547854.6776499858,서울 강서구2,1,9,9.0,9,0,2.0602973436517282,2,4,8.163931769614727,8,-0.3102730038744437,-0.517660563571172,1.065893158288695,0.6467068627321091
259,185970.96673010042,549033.2176930365,서울 강서구3,1,7,7.0,6,1,7.429122889099027,1,3,9.135352608453006,7,1.3279995012866999,0.23880084370519056,0.44230940582047884,0.22589886630112752
260,185534.27933939683,549874.169238019,서울 강서구4,2,15,7.5,15,0,1.8780318553836157,1,5,9.236064710219074,7,-0.36589048213700887,0.3172270161587575,1.6894769107569112,0.22589886630112752
261,186174.13133169018,549304.008749607,서울 강서구5,2,17,8.5,17,0,1.8429185394847634,3,4,8.844308423435592,6,-0.3766051495284476,0.012159943103172786,1.065893158288695,-0.194909130129854
262,189806.1179787929,543424.2756620583,서울 구로구1,1,7,7.0,7,0,2.960594732333751e-15,3,3,9.227831664793955,5,-0.9389632941416327,0.3108158080814185,0.44230940582047884,-0.6157171265608355
263,190233.96475924258,543517.6201238031,서울 구로구2,1,7,7.0,10,0,0.9116310909503689,3,0,0.0,4,-0.6607832455422676,-6.875048699012525,-1.4284418515841697,-1.036525122991817
264,191185.91736361082,542596.3740870688,서울 구로구4,1,9,9.0,9,0,0.3531886748992659,2,2,9.584780765208023,9,-0.8311893889693138,0.588777951809128,-0.18127434664773728,1.0675148591630905
265,186192.99354916837,544091.8616570818,서울 구로구6,1,7,7.0,7,0,1.3542543780609448,1,2,8.943758840228014,6,-0.5257187784108646,0.08960362068680816,-0.18127434664773728,-0.194909130129854
266,191201.16586444923,539484.5163269904,서울 금천구1,3,28,9.333333333333334,27,1,2.4222565749570117,1,3,9.127011356324488,7,-0.19982280361797317,0.23230537328566353,0.44230940582047884,0.22589886630112752
267,191408.90464102293,540539.7474087935,서울 금천구2,1,7,7.0,9,0,9.402232582126963,1,1,8.914435336127733,6,1.9300848796234438,0.06676892506250952,-0.8048580991159534,-0.194909130129854
268,190693.66716817935,541515.5232414232,서울 금천구4,1,7,7.0,5,1,4.071971413616661,3,2,8.305579687094433,4,0.30358011731029194,-0.4073569971759874,-0.18127434664773728,-1.036525122991817
269,192289.40774470172,545747.2002290775,서울 영등포구2,2,14,7.0,15,0,2.9439134398150855,1,1,8.166115457059218,6,-0.040641602517064015,-0.5159600901910796,-0.8048580991159534,-0.194909130129854
270,191556.826098095,546256.0403524949,서울 영등포구3,1,17,17.0,17,0,8.547144929371221,1,1,8.620995073681026,7,1.6691588020010428,-0.16173784049899714,-0.8048580991159534,0.22589886630112752
271,191795.9258410875,546404.563714357,서울 영등포구5,1,8,8.0,7,1,0.6479434171112727,3,4,10.1352723700119,5,-0.7412463305025928,1.0174548315039955,1.065893158288695,-0.6157171265608355
272,197213.73348279382,542972.5183318108,서울 동작구1,1,7,7.0,7,0,6.625560860609797,1,4,8.01113040087984,7,1.082796231722138,-0.6366495061649707,1.065893158288695,0.22589886630112752
273,194033.4475962884,544584.7528945107,서울 동작구3,1,9,9.0,10,0,0.8973849180874359,1,5,9.455667016735271,5,-0.6651303998886976,0.48823494926737937,1.6894769107569112,-0.6157171265608355
274,193845.8124125115,544424.7500451966,서울 동작구4,1,7,7.0,7,0,1.2935308884322083,2,3,9.488614619617584,5,-0.5442482729221094,0.5138917903050323,0.44230940582047884,-0.6157171265608355
275,198364.57790210104,543167.8272611994,서울 동작구5,1,8,8.0,8,0,0.10020367368648309,3,3,9.641154577901686,3,-0.9083866024374468,0.6326771682751661,0.44230940582047884,-1.4573331194227985
276,195796.08420824996,544244.1323550517,서울 동작구6,1,7,7.0,6,1,3.96256199399024,1,2,9.950384989607212,7,0.2701943344305335,0.8734799831408188,-0.18127434664773728,0.22589886630112752
277,192590.48114742636,542001.7409475981,서울 관악구1,1,7,7.0,7,0,2.759715730076036,3,5,8.659174268567412,10,-0.09684868930442142,-0.13200707259929606,1.6894769107569112,1.4883228555940722
278,195047.41415980703,542484.3548188827,서울 관악구4,2,15,7.5,11,1,1.6332007022443011,3,2,9.03508027589199,9,-0.4405995862417538,0.16071712677494565,-0.18127434664773728,1.0675148591630905
279,195606.2010850923,542521.9675548217,서울 관악구5,1,8,8.0,8,0,2.0611325061181596,3,1,8.782674181932522,7,-0.31001815787609355,-0.03583565592019263,-0.8048580991159534,0.22589886630112752
280,193504.4923011028,542701.872703314,서울 관악구6,1,9,9.0,9,1,1.1222726143767343,1,2,10.318226727537056,4,-0.5965069502233962,1.1599244031124565,-0.18127434664773728,-1.036525122991817
281,193644.03725584,542420.9058549165,서울 관악구8,1,7,7.0,7,0,2.311920737060914,2,2,9.204010704410312,7,-0.23349127878613665,0.29226603388053246,-0.18127434664773728,0.22589886630112752
282,200332.30468508514,545178.443647438,서울 서초구1,2,15,7.5,16,0,2.678888073285709,1,4,10.546206938418896,8,-0.12151287827001045,1.3374563483413457,1.065893158288695,0.6467068627321091
283,198422.6606276938,542009.497920369,서울 서초구2,2,17,8.5,18,0,0.6933318568011279,3,4,9.286291345220404,5,-0.7273962561862259,0.35633932410687597,1.065893158288695,-0.6157171265608355
284,203194.064198533,542616.8889193977,서울 서초구4,1,7,7.0,7,0,4.950125140928936,1,6,10.128880185671862,3,0.5715447018515868,1.0124771322740531,2.3130606632251274,-1.4573331194227985
285,202707.82942283823,544258.5636120881,서울 강남구1,1,8,8.0,8,0,0.9551286435118023,3,1,8.8504205377343,5,-0.6475101667655458,0.01691954717895463,-0.8048580991159534,-0.6157171265608355
286,202512.6851791222,544124.1019499965,서울 강남구2,1,7,7.0,7,0,3.7062212989425802,1,5,9.927139497935057,6,0.1919731463707732,0.8553783359039958,1.6894769107569112,-0.194909130129854
287,202664.71767589886,543940.9050634933,서울 강남구3,1,7,7.0,7,0,1.9206221073543437,3,2,9.948693728922507,5,-0.3528942619765872,0.8721629705892318,-0.18127434664773728,-0.6157171265608355
288,203875.7118644367,544634.9168290922,서울 강남구4,1,8,8.0,9,0,2.1817380725990887,3,0,8.28818570660718,3,-0.27321592210543416,-0.42090197627408876,-1.4284418515841697,-1.4573331194227985
289,210338.59967775745,543597.9038996899,서울 송파구1,1,7,7.0,7,0,0.7103558532603849,1,1,7.517029846489775,5,-0.7222014617025773,-1.0214137460971997,-0.8048580991159534,-0.6157171265608355
290,209679.0467436753,546145.341838117,서울 송파구2,2,20,10.0,22,0,0.09497894578808896,2,0,7.595143975770122,4,-0.9099809042061355,-0.9605849870248241,-1.4284418515841697,-1.036525122991817
291,212759.5463210064,543694.8395111297,서울 송파구3,1,7,7.0,7,0,3.2292493495713734,1,2,8.676675256240369,8,0.04642734240055709,-0.11837876524319334,-0.18127434664773728,0.6467068627321091
292,207383.46692112953,545702.1246872778,서울 송파구4,1,9,9.0,10,0,0.44711354330500147,3,1,9.106466206349795,2,-0.8025286459152806,0.2163065266054276,-0.8048580991159534,-1.8781411158537802
293,212950.59772794458,544307.9801784416,서울 송파구5,1,7,7.0,6,1,1.6634976318244437,1,2,8.07811792410118,10,-0.43135461705775036,-0.5844852184947845,-0.18127434664773728,1.4883228555940722
294,210939.9254622468,548834.8316697008,서울 강동구1,2,17,8.5,16,1,1.949247464917147,1,0,9.584456840479973,6,-0.3441593653313955,0.5885257062880974,-1.4284418515841697,-0.194909130129854
295,211208.4091949982,548972.5062711884,서울 강동구2,1,8,8.0,8,0,1.042174281715577,3,4,6.5174330018062845,9,-0.6209485892741008,-1.7998162732064302,1.065893158288695,1.0675148591630905
296,211790.72316554823,549654.3255157837,서울 강동구3,2,15,7.5,15,0,6.531031163915989,3,2,7.317469411702297,4,1.0539509280884574,-1.1768147435851175,-0.18127434664773728,-1.036525122991817
297,211838.79501219487,549780.1028660578,서울 강동구4,1,7,7.0,7,0,4.955854609671893,2,2,7.659277874471183,3,0.5732930229753243,-0.9106428637700428,-0.18127434664773728,-1.4573331194227985
298,199118.36380044845,552370.7868602859,서울 종로구1,3,34,11.333333333333334,30,1,1.0397739393897492,3,2,9.723082867047339,8,-0.6216810427319549,0.6964760764568988,-0.18127434664773728,0.6467068627321091
299,199930.4956538387,553752.6456717547,서울 종로구3,2,15,7.5,14,1,3.542951043469363,1,4,9.217312782324704,7,0.14215197632377324,0.30262458104826157,1.065893158288695,0.22589886630112752
300,201297.28438689813,552576.9574045182,서울 종로구4,2,15,7.5,11,1,1.9429876468121716,1,2,9.673741608152575,7,-0.34606952013189696,0.6580532254658117,-0.18127434664773728,0.22589886630112752
301,198418.88528223045,552288.8234842714,서울 종로구5,2,14,7.0,14,0,1.933265246158413,1,2,9.786455243078818,9,-0.34903626612510963,0.7458251894659932,-0.18127434664773728,1.0675148591630905
302,200968.88071682447,550583.7546526354,서울 중구2,1,7,7.0,6,1,10.245371938007336,1,0,8.974225964870948,6,2.1873649892238407,0.1133288724640094,-1.4284418515841697,-0.194909130129854
303,196843.8151545715,551117.2035702821,서울 중구3,1,7,7.0,7,0,2.1660902720267097,1,4,9.429685751617905,7,-0.27799077672251366,0.46800291018840817,1.065893158288695,0.22589886630112752
304,200537.25654315774,548141.6532407999,서울 용산구1,1,13,13.0,17,0,0.9875027589989394,2,3,8.793577816383126,11,-0.6376313538235863,-0.027344816181985865,0.44230940582047884,1.9091308520250536
305,201751.28163068136,550473.7231110226,서울 성동구1,3,22,7.333333333333333,22,0,10.656447170676321,3,4,8.23140180361155,10,2.3128027121547707,-0.46512053681278187,1.065893158288695,1.4883228555940722
306,203567.68444340446,553327.3299238271,서울 동대문구2,1,12,12.0,12,0,0.22209396603484421,3,1,10.024491202892554,8,-0.871192338457365,0.9311877120143235,-0.8048580991159534,0.6467068627321091
307,205477.08980275644,554433.5895104862,서울 동대문구4,2,21,10.5,21,0,1.048896601963841,3,3,9.138490889696735,4,-0.6188973040646274,0.24124467499966742,0.44230940582047884,-1.036525122991817
308,203347.3953721746,552985.6012457123,서울 동대문구6,1,8,8.0,7,1,1.1485056394299538,1,2,9.45924472991049,4,-0.5885020628773477,0.49102097344470036,-0.18127434664773728,-1.036525122991817
309,202771.1967806879,552634.3462235394,서울 동대문구7,1,7,7.0,7,1,1.1376106541132813,3,3,8.692739157478584,7,-0.5918266177054655,-0.10586954076377898,0.44230940582047884,0.22589886630112752
310,204847.05749070627,551833.9819553846,서울 동대문구8,2,14,7.0,12,1,1.229969641203891,3,5,9.253965144718835,9,-0.5636436961569367,0.3311663793380996,1.6894769107569112,1.0675148591630905
311,205789.5327806913,551358.8699125332,서울 동대문구9,1,7,7.0,6,1,0.2322927166917991,2,3,9.953623968320187,3,-0.8680802364442065,0.8760022292131653,0.44230940582047884,-1.4573331194227985
312,204007.8399095732,553424.7099958562,서울 동대문구10,1,7,7.0,6,1,1.0131435236230946,1,6,10.44842564121791,9,-0.6298071920326181,1.2613124416752866,2.3130606632251274,1.0675148591630905
313,202094.45123494082,552886.3191508113,서울 동대문구11,1,7,7.0,7,0,0.46123546164943485,1,3,9.80117078706414,7,-0.7982194072656033,0.7572844259440638,0.44230940582047884,0.22589886630112752
314,207866.36126681542,553600.3860892393,서울 중랑구3,2,17,8.5,17,0,2.514794964630086,3,2,9.243157249584074,6,-0.17158513819376453,0.3227500933820418,-0.18127434664773728,-0.194909130129854
315,208652.2260666734,555546.5999595352,서울 중랑구5,3,23,7.666666666666667,20,1,1.1690213265950788,1,7,9.143793814577215,9,-0.5822417949802817,0.2453741499474832,2.9366444156933436,1.0675148591630905
316,208791.4548959362,555034.3811282816,서울 중랑구8,2,15,7.5,15,0,7.6968140411524475,1,3,8.406715663500805,7,1.4096842292726777,-0.32860074655846316,0.44230940582047884,0.22589886630112752
317,208614.39887347387,556481.9390020579,서울 중랑구9,1,7,7.0,8,0,4.773835651894789,1,2,7.754536877096646,10,0.5177507723620249,-0.8364631094341398,-0.18127434664773728,1.4883228555940722
318,208605.50390821457,554481.7332432601,서울 중랑구10,1,7,7.0,7,0,3.9126039251915166,3,4,8.49476285665428,6,0.2549498587382099,-0.2600369470426288,1.065893158288695,-0.194909130129854
319,207515.25662311167,553231.7931273128,서울 중랑구11,1,7,7.0,7,0,2.790532375280564,3,1,7.523446457223198,8,-0.0874451312799488,-1.0164170256324068,-0.8048580991159534,0.6467068627321091
320,207501.43743362842,552995.2692872105,서울 중랑구12,1,7,7.0,7,0,5.082681830313967,3,1,7.276890973968778,6,0.611993767993964,-1.2084138414073171,-0.8048580991159534,-0.194909130129854
321,207898.56906579717,555175.1072062505,서울 중랑구13,1,7,7.0,7,0,1.0219165485870243,3,0,8.553089526381694,4,-0.6271301436793362,-0.2146170086393014,-1.4284418515841697,-1.036525122991817
322,207561.35509888554,555078.7544827682,서울 중랑구14,1,7,7.0,7,0,1.2538286928423166,1,0,9.336461310367111,7,-0.5563632159164121,0.3954075023058025,-1.4284418515841697,0.22589886630112752
323,202155.88198910723,556018.7004181807,서울 성북구1,2,23,11.5,23,0,3.406637709060239,1,3,10.286522325882334,12,0.10055658717228998,1.135235663347241,0.44230940582047884,2.329938848456035
324,200525.44901050688,554342.7048173087,서울 성북구4,1,7,7.0,7,0,6.523392052168984,1,5,9.275502690447219,11,1.051619888155602,0.3479380209372814,1.6894769107569112,1.9091308520250536
325,202301.70705800655,559852.1980003064,서울 강북구2,1,11,11.0,11,0,1.477620414857057,1,3,10.801457938637006,8,-0.4880741977771815,1.536224506397954,0.44230940582047884,0.6467068627321091
326,202579.618692935,560182.9291444222,서울 강북구5,2,16,8.0,15,1,0.5820538488566799,1,2,8.965585946569306,7,-0.7613522302258525,0.1066007479045545,-0.18127434664773728,0.22589886630112752
327,202980.90102914436,557376.8013121033,서울 강북구6,1,8,8.0,8,0,6.577087645618818,2,6,7.904453912384341,8,1.0680048523628614,-0.7197202448029338,2.3130606632251274,0.6467068627321091
328,202143.81810798167,559039.3969112546,서울 강북구7,1,7,7.0,6,1,1.341774804419309,1,3,9.72179740926192,5,-0.5295268631027882,0.695475069306883,0.44230940582047884,-0.6157171265608355
329,201604.836296432,558320.3442998135,서울 강북구8,1,7,7.0,7,0,7.378908115748076,1,6,8.73739047124814,5,1.3126766933769662,-0.07109882728881306,2.3130606632251274,-0.6157171265608355
330,203835.22819158726,562859.6125429787,서울 도봉구2,1,7,7.0,7,0,0.8072008925456349,3,3,8.80738501503196,9,-0.6926496418903622,-0.01659292317860734,0.44230940582047884,1.0675148591630905
331,204841.10418467695,564232.9174545625,서울 노원구2,1,7,7.0,7,0,0.6411740663876546,3,3,8.635813152738276,5,-0.7433119668460387,-0.15019875827158205,0.44230940582047884,-0.6157171265608355
332,206523.34982599775,562239.0664561692,서울 노원구3,1,7,7.0,7,0,1.4249245311957282,3,2,9.475096315041862,15,-0.5041541051250246,0.5033648638747009,-0.18127434664773728,3.5923628377489796
333,193000.62935941984,557714.6903155051,서울 은평구1,1,11,11.0,11,0,4.2081815285241335,1,3,10.391557839207017,7,0.3451440095039915,1.2170285475915252,0.44230940582047884,0.22589886630112752
334,192716.56140994435,554531.754540516,서울 은평구2,1,10,10.0,10,0,1.1275868778355906,1,3,9.286608221895253,7,-0.5948853270888524,0.35658608119279206,0.44230940582047884,0.22589886630112752
335,192491.65787056496,555484.478055332,서울 은평구3,2,16,8.0,18,0,2.499512682673165,1,2,9.18778796750567,7,-0.17624845648082912,0.27963312145152275,-0.18127434664773728,0.22589886630112752
336,191633.3390829733,553405.2934170661,서울 은평구5,1,7,7.0,6,1,1.9409334413262098,1,0,7.8359108285737324,7,-0.3466963515197144,-0.7730958731253013,-1.4284418515841697,0.22589886630112752
337,192872.994246341,556446.0430963824,서울 은평구6,1,7,7.0,7,0,4.19252491012891,2,0,7.824291142099496,6,0.3403664641686907,-0.7821443143682568,-1.4284418515841697,-0.194909130129854
338,195282.48972355633,548902.0480386437,서울 마포구1,2,21,10.5,19,1,1.0219399431259852,1,4,9.662288838155863,9,-0.6271230049430098,0.6491347648331511,1.065893158288695,1.0675148591630905
339,195226.06960073463,549533.6516467222,서울 마포구3,1,7,7.0,7,0,1.4327721098963024,3,1,8.229597136770195,9,-0.5017594524568743,-0.46652586060644197,-0.8048580991159534,1.0675148591630905
340,188268.9795749547,549928.0018909705,서울 양천구2,3,31,10.333333333333334,29,1,8.333333333333332,3,3,9.561941822323005,4,1.6039151735559856,0.5709928908090298,0.44230940582047884,-1.036525122991817
341,187845.294518983,547380.374716931,서울 양천구5,3,21,7.0,21,0,0.33137533858174234,1,2,8.728473098789634,10,-0.8378456285569712,-0.07804293209846157,-0.18127434664773728,1.4883228555940722
342,186828.18693602015,547009.850322429,서울 양천구6,1,7,7.0,7,0,1.9098635564834747,3,4,8.945963115056253,7,-0.3561771844589667,0.09132012580171567,1.065893158288695,0.22589886630112752
343,185895.62211135554,549044.644198847,서울 강서구4,1,7,7.0,7,0,6.900310493065659,3,2,9.481133037324094,7,1.1666348226477194,0.5080657589454872,-0.18127434664773728,0.22589886630112752
344,185917.24884982023,543954.6157218318,서울 구로구1,2,18,9.0,18,0,1.7952745595267259,1,4,8.712351360079353,8,-0.39114349161853285,-0.09059719557000206,1.065893158288695,0.6467068627321091
345,187249.65310577492,543495.8164957382,서울 구로구2,1,7,7.0,7,0,0.10478728081700696,1,5,8.748284430859075,3,-0.9069879357322556,-0.06261552150760881,1.6894769107569112,-1.4573331194227985
346,190190.2401208844,543556.6674644185,서울 구로구3,1,7,7.0,7,0,3.714631342562094,3,0,0.0,3,0.19453943263066834,-6.875048699012525,-1.4284418515841697,-1.4573331194227985
347,186104.10258734273,543675.6544698875,서울 구로구6,1,7,7.0,7,0,1.9946705676682532,3,3,6.046456637668524,6,-0.33029871374077896,-2.166573325315405,0.44230940582047884,-0.194909130129854
348,191238.4279367534,539465.8667145801,서울 금천구1,1,12,12.0,11,1,1.537905007327603,1,2,9.22130264672569,7,-0.4696786307219082,0.3057315541735453,-0.18127434664773728,0.22589886630112752
349,190681.9570877029,541610.8244049685,서울 금천구3,1,7,7.0,5,1,4.191768850976357,1,3,8.275984212677418,4,0.3401357561839708,-0.43040348056549343,0.44230940582047884,-1.036525122991817
350,190862.40962141933,540847.2270450162,서울 금천구4,1,7,7.0,6,1,4.332035684057705,3,0,7.550593400500154,7,0.3829375373329344,-0.9952772537709175,-1.4284418515841697,0.22589886630112752
351,191715.27083085512,546296.1939253301,서울 영등포구1,1,15,15.0,14,1,7.639858849644758,1,1,10.289417932943682,3,1.3923046136596577,1.137490520258861,-0.8048580991159534,-1.4573331194227985
352,190990.80871018948,543750.905355302,서울 영등포구4,1,7,7.0,7,0,0.6644933618901602,3,1,8.930285055718572,5,-0.7361961907162148,0.07911136276537033,-0.8048580991159534,-0.6157171265608355
353,192727.02855636086,545793.2767518564,서울 영등포구6,1,7,7.0,7,0,2.229253015109789,3,1,8.745161215257166,5,-0.2587169552009122,-0.06504762093865712,-0.8048580991159534,-0.6157171265608355
354,194038.4211809293,544478.92803838,서울 동작구2,1,10,10.0,11,0,1.2535197656563923,2,4,9.48279253982972,4,-0.5564574836311129,0.5093580408799433,1.065893158288695,-1.036525122991817
355,195762.81406868453,544231.9011124433,서울 동작구3,1,8,8.0,7,1,5.799533894813713,1,1,9.950384989607212,6,0.8307378895148828,0.8734799831408188,-0.8048580991159534,-0.194909130129854
356,193630.87246490378,544381.537094997,서울 동작구4,1,8,8.0,8,0,1.0313046615734163,1,4,9.608865323783816,10,-0.624265404035487,0.6075329942639118,1.065893158288695,1.4883228555940722
357,198416.61959404364,543175.9833026872,서울 동작구5,1,7,7.0,6,1,0.3404481431987172,1,4,9.641154577901686,5,-0.8350771038167152,0.6326771682751661,1.065893158288695,-0.6157171265608355
358,193886.36489434142,544401.4014909152,서울 동작구6,1,7,7.0,7,0,1.3404316631802438,2,2,9.463456044425868,5,-0.5299367164950957,0.4943003934215217,-0.18127434664773728,-0.6157171265608355
359,193454.62964196468,542768.1055705202,서울 관악구1,3,29,9.666666666666666,25,1,1.721763666699824,2,0,9.840551188119987,3,-0.4135750035998236,0.7879505928727448,-1.4284418515841697,-1.4573331194227985
360,193667.67642832876,542443.4899919424,서울 관악구3,1,9,9.0,9,0,1.1768205272901966,1,3,9.513567920434088,7,-0.5798619046387377,0.5333233366515336,0.44230940582047884,0.22589886630112752
361,198310.4329839813,541897.7179688928,서울 관악구5,1,7,7.0,6,1,9.414899423985457,1,0,9.146125239403109,5,1.933950108353327,0.24718966885982557,-1.4284418515841697,-0.6157171265608355
362,191417.50603306567,542271.9721420399,서울 관악구6,2,15,7.5,14,1,1.9858427979013507,1,0,8.898577112878312,4,-0.3329924672197448,0.0544198654206498,-1.4284418515841697,-1.036525122991817
363,195158.97961250824,542305.8533705048,서울 관악구7,1,7,7.0,7,0,4.769885291946257,3,1,7.063710780750903,7,0.5165453381316917,-1.374420769113227,-0.8048580991159534,0.22589886630112752
364,192778.69972119338,541570.6297388098,서울 관악구8,1,7,7.0,7,0,2.0794145980226495,1,4,9.20880047726926,7,-0.304439461334286,0.29599590889716043,1.065893158288695,0.22589886630112752
365,193827.25286990995,542570.634386535,서울 관악구9,1,7,7.0,7,0,7.1564266633106985,3,3,9.663091184909131,6,1.2447874979931541,0.6497595654652095,0.44230940582047884,-0.194909130129854
366,202290.6001964774,544474.3003896474,서울 서초구1,1,11,11.0,11,0,1.6506350315319198,3,3,9.875157768935225,8,-0.43527958057644556,0.8148993073514509,0.44230940582047884,0.6467068627321091
367,198463.50722598573,542023.8685376212,서울 서초구2,1,9,9.0,10,0,0.7081622071904489,2,3,9.286291345220404,6,-0.722870842745416,0.35633932410687597,0.44230940582047884,-0.194909130129854
368,203219.48424746376,542530.8173482906,서울 서초구3,1,8,8.0,7,1,4.779580234983438,1,4,9.253007373101939,2,0.5195037055590681,0.330420546804763,1.065893158288695,-1.8781411158537802
369,201077.76210550565,545466.738087178,서울 서초구5,1,7,7.0,6,1,5.547980471557213,1,1,8.773893804968928,6,0.7539775154979331,-0.042673080081528016,-0.8048580991159534,-0.194909130129854
370,200742.23096562282,543412.3787321453,서울 서초구6,2,15,7.5,15,0,5.936397571827315,1,0,8.724721259678674,5,0.8725012131894199,-0.08096455100993678,-1.4284418515841697,-0.6157171265608355
371,204527.0285898683,544894.0840475244,서울 강남구1,3,31,10.333333333333334,34,0,4.196179849009838,3,0,9.198639929926262,4,0.34148175201441844,0.2880837233288804,-1.4284418515841697,-1.036525122991817
372,203793.96304318562,544731.6450909695,서울 강남구2,1,7,7.0,8,0,5.97580197388736,1,0,8.557220031175044,6,0.8845252858531385,-0.21140051652402403,-1.4284418515841697,-0.194909130129854
373,201838.0798907185,546104.3729407226,서울 강남구3,1,7,7.0,7,0,20.76417406180028,3,1,9.737916531812647,4,5.397129240411648,0.7080272955318887,-0.8048580991159534,-1.036525122991817
374,204721.44858145952,544238.3757636469,서울 강남구4,1,7,7.0,7,0,1.7967767742740528,3,0,9.335371627675572,7,-0.3906850976743526,0.3945589484459613,-1.4284418515841697,0.22589886630112752
375,205233.95770388946,543703.5025298104,서울 강남구5,2,15,7.5,15,0,0.6266692638353947,1,2,7.641223683536414,5,-0.7477380408566404,-0.9247019596178156,-0.18127434664773728,-0.6157171265608355
376,202479.04259613104,544336.220499312,서울 강남구6,1,7,7.0,7,0,2.567580658029165,1,1,9.640804366250737,5,-0.15547782581612374,0.6324044526943084,-0.8048580991159534,-0.6157171265608355
377,207326.28057674502,545719.7974631959,서울 송파구1,3,34,11.333333333333334,39,0,0.7284932519835389,3,1,9.106466206349795,2,-0.7166669176217988,0.2163065266054276,-0.8048580991159534,-1.8781411158537802
378,213217.05256256132,544186.991305248,서울 송파구3,2,15,7.5,15,0,5.783835702202633,3,0,7.505740655826256,6,0.8259476579981845,-1.0302048248088216,-1.4284418515841697,-0.194909130129854
379,212910.39675405817,544241.294419575,서울 송파구4,2,14,7.0,12,1,2.792266124014482,1,0,8.168833807587909,9,-0.08691608580108351,-0.5138432658609956,-1.4284418515841697,1.0675148591630905
380,212726.0701558392,543710.5706863799,서울 송파구5,2,14,7.0,13,1,2.5172938074464803,1,2,8.99783359742861,7,-0.17082262776272808,0.13171252477312456,-0.18127434664773728,0.22589886630112752
381,207530.82245827824,545772.4554685806,서울 송파구6,3,22,7.333333333333333,22,0,0.8072196915210484,1,1,9.484692052761192,4,-0.692643905469187,0.5108372228861672,-0.8048580991159534,-1.036525122991817
382,211719.53941254714,548467.5630575889,서울 강동구1,2,14,7.0,13,1,4.161003398381175,1,2,8.808041214694597,8,0.3307478193495797,-0.01608192969318154,-0.18127434664773728,0.6467068627321091
383,212706.4882792856,550007.1073185008,서울 강동구3,2,14,7.0,14,0,2.5459494262007234,1,2,8.139035684533663,6,-0.16207849705368205,-0.5370475550820973,-0.18127434664773728,-0.194909130129854
384,201163.53380657808,552520.2237422775,서울 종로구2,1,10,10.0,7,1,3.4917977051664786,1,2,9.878173053065803,6,0.12654276962122238,0.8172473587680573,-0.18127434664773728,-0.194909130129854
385,201952.58318759198,552851.0506343704,서울 종로구3,1,9,9.0,9,0,2.194946208469748,1,1,9.434095349234674,6,-0.2691855199889633,0.47143673648216256,-0.8048580991159534,-0.194909130129854
386,198922.81875328653,552188.4537738222,서울 종로구5,1,7,7.0,7,1,0.5055002402656209,1,3,9.984848993276529,8,-0.7847122129751432,0.9003176704476376,0.44230940582047884,0.6467068627321091
387,201568.69921366422,552706.9520724476,서울 종로구6,1,7,7.0,8,0,16.377093527678312,1,3,9.6311177540789,8,4.058431725258754,0.6248613282499005,0.44230940582047884,0.6467068627321091
388,197630.90096774217,550594.1863920537,서울 중구2,1,7,7.0,6,1,3.3681916873097606,1,6,10.486960266218622,6,0.0888249598669389,1.2913199888592306,2.3130606632251274,-0.194909130129854
389,200960.60957359738,550530.4847343671,서울 중구3,1,7,7.0,6,1,9.19184378613791,1,1,9.172078940500556,5,1.8658857029235971,0.2674002433824852,-0.8048580991159534,-0.6157171265608355
390,200484.14261471582,548177.2082521942,서울 용산구1,2,19,9.5,25,0,1.14015609411496,2,1,7.494466096550793,8,-0.5910498883569353,-1.0389845098175732,-0.8048580991159534,0.6467068627321091
391,199351.73380816262,548329.2660086118,서울 용산구3,2,14,7.0,14,0,11.307581642638336,1,2,8.934217045542157,5,2.511493411554115,0.08217326800399193,-0.18127434664773728,-0.6157171265608355
392,202101.56934024172,552677.6467831827,서울 동대문구5,2,14,7.0,12,1,0.14840737732485584,3,3,8.755762951040085,9,-0.8936774632320114,-0.05679187466548726,0.44230940582047884,1.0675148591630905
393,202673.71233346954,553122.0562485225,서울 동대문구7,1,7,7.0,7,0,0.6741420630213213,1,2,9.159885435745625,7,-0.7332519337944933,0.2579049603931095,-0.18127434664773728,0.22589886630112752
394,203284.80698718957,554129.1406900911,서울 동대문구8,1,7,7.0,7,0,1.153049903961098,1,1,8.432162256747556,8,-0.5871154013860155,-0.3087850652716098,-0.8048580991159534,0.6467068627321091
395,203107.67892860284,553200.3326861919,서울 동대문구9,1,7,7.0,7,0,1.3327522361382549,1,1,8.543652927797208,4,-0.532280058455415,-0.22196544338531654,-0.8048580991159534,-1.036525122991817
396,204612.32238480382,553978.5800650907,서울 동대문구10,2,14,7.0,13,1,11.719298518976355,1,2,9.456055641638907,6,2.637126929109436,0.48853757788080127,-0.18127434664773728,-0.194909130129854
397,204951.77823767153,554475.6951771646,서울 동대문구11,2,14,7.0,14,0,2.200399715102067,1,0,9.761862666280674,7,-0.2675214074383109,0.7266745448540004,-1.4284418515841697,0.22589886630112752
398,208873.02417001053,555585.4573428005,서울 중랑구1,2,19,9.5,20,0,2.1410463102471176,1,2,8.280375934471266,9,-0.28563282686113367,-0.42698357446947705,-0.18127434664773728,1.0675148591630905
399,207656.38627205658,554298.7190720488,서울 중랑구2,2,19,9.5,21,1,2.004144106259946,1,3,9.576187957029633,9,-0.32740790686505283,0.582086590550238,0.44230940582047884,1.0675148591630905
400,207630.6423231605,553261.9189732693,서울 중랑구4,1,8,8.0,8,0,4.506881039799341,2,2,8.236018929413241,8,0.4362907961680147,-0.46152510490327525,-0.18127434664773728,0.6467068627321091
401,208884.26558667127,557132.9114188277,서울 중랑구6,1,7,7.0,6,1,1.3707738436038792,2,2,8.029243687461229,6,-0.5206779392236246,-0.6225443915638221,-0.18127434664773728,-0.194909130129854
402,208463.2501825384,556404.6034844941,서울 중랑구7,1,7,7.0,8,0,3.0619029032542264,1,1,9.252054871321297,13,-0.004637658597713565,0.3296788179797162,-0.8048580991159534,2.7507468448870167
403,209102.05311227124,555644.1998415476,서울 중랑구9,1,7,7.0,7,0,2.023347490231758,1,4,8.116089526115875,6,-0.3215480822719907,-0.5549161065834887,1.065893158288695,-0.194909130129854
404,207831.9205836496,553600.6247936608,서울 중랑구10,1,7,7.0,7,0,2.2250715169314184,2,3,9.530453722232151,7,-0.2599929202025716,0.5464725886342563,0.44230940582047884,0.22589886630112752
405,207595.14352691412,555044.4403056804,서울 중랑구11,1,7,7.0,7,0,0.31496748483899495,1,2,8.763871801270524,6,-0.8428524099149988,-0.050477379431838804,-0.18127434664773728,-0.194909130129854
406,206717.38476459007,554933.4748620351,서울 중랑구12,2,14,7.0,14,0,0.04861404097241895,1,3,9.314130623155734,4,-0.9241289423796496,0.37801822837014293,0.44230940582047884,-1.036525122991817
407,200785.09615182,554392.6102087505,서울 성북구3,1,7,7.0,7,0,1.4855858003378348,3,2,10.082412217387565,13,-0.48564359691006376,0.9762917600067152,-0.18127434664773728,2.7507468448870167
408,203802.286979352,557134.3254875811,서울 성북구4,1,7,7.0,7,0,7.004289269149298,2,3,8.15815601259171,3,1.1983634695437961,-0.5221582406963019,0.44230940582047884,-1.4573331194227985
409,202971.26045030323,555524.0210689948,서울 성북구5,1,7,7.0,7,0,4.3515880265796625,3,3,9.311373149372667,3,0.3889038450279905,0.37587093811748473,0.44230940582047884,-1.4573331194227985
410,202164.33591910632,558979.9950781134,서울 강북구5,2,16,8.0,16,1,2.0205397005014802,1,4,9.7026872787866,5,-0.3224048664376242,0.6805936959467191,1.065893158288695,-0.6157171265608355
411,202565.05007553467,557693.7116652178,서울 강북구6,1,8,8.0,8,1,0.43499139101572365,1,1,9.149922382035717,13,-0.8062276651199073,0.2501465663697937,-0.8048580991159534,2.7507468448870167
412,201690.46925673645,558319.0587772166,서울 강북구7,1,7,7.0,7,0,3.490608388688384,3,2,8.741095164733178,5,0.12617985514961144,-0.06821392145276947,-0.18127434664773728,-0.6157171265608355
413,203050.85999921247,561043.3098338217,서울 도봉구1,1,7,7.0,6,1,2.7856377365462492,1,1,10.242809411759394,5,-0.08893870785330658,1.1011956971332826,-0.8048580991159534,-0.6157171265608355
414,205089.21129062635,561629.2241205511,서울 노원구1,1,8,8.0,9,0,0.15123886318793467,3,3,8.805002675105701,5,-0.8928134483000738,-0.018448090518216213,0.44230940582047884,-0.6157171265608355
415,205725.04345587007,557271.8707869459,서울 노원구3,2,16,8.0,16,0,2.1180831729433374,1,8,9.64812901314977,8,-0.29263992294920166,0.6381082758773389,3.5602281681615597,0.6467068627321091
416,205550.57984516735,561619.2344976873,서울 노원구4,1,7,7.0,6,1,0.5989377196576248,3,1,9.098518164264998,10,-0.7562001944445191,0.2101172553234286,-0.8048580991159534,1.4883228555940722
417,192953.18413996464,557739.8127057883,서울 은평구1,2,27,13.5,28,0,3.48405148778698,3,3,10.020665387174168,6,0.12417904689557058,0.9282084863001918,0.44230940582047884,-0.194909130129854
418,192747.68360265554,554499.7115293185,서울 은평구2,2,24,12.0,25,0,1.6710426669844392,3,0,9.298658421778658,8,-0.4290522841641855,0.36596977031836486,-1.4284418515841697,0.6467068627321091
419,192461.45879719075,557008.3474487781,서울 은평구4,2,15,7.5,15,0,2.8287376337257917,1,2,8.052296499538647,6,-0.0757869717935658,-0.6045927871010064,-0.18127434664773728,-0.194909130129854
420,193742.0321874288,556634.6065911239,서울 은평구5,1,7,7.0,7,0,0.853300345132612,3,2,8.998196584698123,5,-0.6785826052476337,0.13199518893858322,-0.18127434664773728,-0.6157171265608355
421,195172.11182659052,554252.2467882747,서울 서대문구1,2,21,10.5,20,1,8.708467960506166,1,1,10.24143105654291,7,1.7183857854670543,1.1001223492236005,-0.8048580991159534,0.22589886630112752
422,194343.24355687585,550668.8666609288,서울 서대문구2,2,16,8.0,14,1,2.5444083745502746,1,3,10.486475085596346,8,-0.1625487419008264,1.2909421707173543,0.44230940582047884,0.6467068627321091
423,194803.77494553349,554604.0001975573,서울 서대문구3,1,8,8.0,8,0,29.698932274628643,1,2,8.704074230428484,4,8.123529753229935,-0.09704273276003535,-0.18127434664773728,-1.036525122991817
424,187916.20925822353,549743.7106086321,서울 양천구3,1,7,7.0,7,0,2.556607904874942,1,1,0.0,4,-0.15882611114339185,-6.875048699012525,-0.8048580991159534,-1.036525122991817
425,186834.4654124052,547172.993655698,서울 양천구5,1,7,7.0,7,0,6.959284957967705,1,2,8.93560212262261,7,1.1846306102809279,0.08325185033986068,-0.18127434664773728,0.22589886630112752
426,186523.17697480676,548240.240269932,서울 강서구2,1,9,9.0,9,0,2.12767463890381,3,1,9.218474938430925,4,-0.2897131310774568,0.30352957114980966,-0.8048580991159534,-1.036525122991817
427,187171.45247567786,551243.8154991469,서울 강서구3,2,16,8.0,17,0,0.824561617368973,1,0,9.382511120833534,5,-0.6873520962899354,0.4312672481929703,-1.4284418515841697,-0.6157171265608355
428,187223.39234328704,543548.416295849,서울 구로구2,1,8,8.0,8,0,0.12283196571642267,3,5,8.748284430859075,4,-0.901481682849802,-0.06261552150760881,1.6894769107569112,-1.036525122991817
429,190613.87429147586,541648.9371808866,서울 금천구2,1,8,8.0,7,1,2.028019243624464,3,6,8.526191296449653,5,-0.32012251813894604,-0.23556310332259864,2.3130606632251274,-0.6157171265608355
430,191500.77120909837,542138.9683489265,서울 금천구3,1,7,7.0,5,1,2.9839533715983415,1,2,8.432499361442824,6,-0.028423600871497215,-0.3085225562930228,-0.18127434664773728,-0.194909130129854
431,191061.53105822005,541557.4263346714,서울 금천구4,2,15,7.5,15,0,1.8684392451432195,3,3,8.728640217198636,6,-0.3688176231805272,-0.07791279424079807,0.44230940582047884,-0.194909130129854
432,191249.10598273753,539173.4071624042,서울 금천구5,1,7,7.0,7,0,1.1380265353790382,3,2,9.184069256140308,7,-0.5916997134435681,0.2767372996611845,-0.18127434664773728,0.22589886630112752
433,191705.7514334352,546336.8088291152,서울 영등포구1,2,29,14.5,28,1,0.8351345259897129,1,2,10.289417932943682,4,-0.6841258216892218,1.137490520258861,-0.18127434664773728,-1.036525122991817
434,198351.19727909105,543198.0730931342,서울 동작구1,2,29,14.5,27,1,0.17056128095009448,3,1,9.641154577901686,2,-0.8869173010915233,0.6326771682751661,-0.8048580991159534,-1.8781411158537802
435,193989.34232605656,544481.2720267053,서울 동작구2,2,29,14.5,29,0,0.9941048369610784,2,5,9.480099066365336,4,-0.6356167599965482,0.5072605887295789,1.6894769107569112,-1.036525122991817
436,196654.7048569633,545344.1833524113,서울 동작구3,2,23,11.5,23,0,2.708570473406547,2,2,9.646760113212599,11,-0.11245542993358676,0.6370422909493941,-0.18127434664773728,1.9091308520250536
437,193615.66190819276,544325.9350190939,서울 동작구4,1,11,11.0,11,0,1.1454745476790449,1,5,9.474249348468698,9,-0.589426986630988,0.5027053170539658,1.6894769107569112,1.0675148591630905
438,195006.11745806874,545948.8161283159,서울 동작구5,2,21,10.5,21,0,2.850204190012805,3,2,10.286942307791906,5,-0.06923655054262205,1.13556271017766,-0.18127434664773728,-0.6157171265608355
439,197589.76005587605,542685.4748357858,서울 동작구6,1,7,7.0,6,1,1.9520462128334988,1,3,8.412320012187854,7,-0.34330534023383497,-0.32423654792778267,0.44230940582047884,0.22589886630112752
440,194125.50216369168,544675.2764956442,서울 동작구7,1,7,7.0,8,0,5.519030022185601,1,4,8.133596885788881,3,0.745143418577464,-0.5412828372459956,1.065893158288695,-1.4573331194227985
441,193706.0498454709,542594.1107826388,서울 관악구2,1,8,8.0,8,0,3.9461470824240465,3,3,10.96256062572157,7,0.26518539941003344,1.6616778223199546,0.44230940582047884,0.22589886630112752
442,197073.45636770688,541695.7797285676,서울 관악구5,1,7,7.0,7,0,5.9621219553766265,3,2,8.483482945133504,3,0.8803508909121006,-0.268820799932961,-0.18127434664773728,-1.4573331194227985
443,193629.56768608076,543387.4783826623,서울 관악구6,2,15,7.5,15,0,0.6923591628171147,1,2,8.899383069069996,5,-0.7276930692967387,0.05504747678185275,-0.18127434664773728,-0.6157171265608355
444,192734.11586422301,541569.4405008538,서울 관악구7,1,7,7.0,7,0,1.3229169286399116,1,2,8.936323641748702,7,-0.5352812574547017,0.08381370916734167,-0.18127434664773728,0.22589886630112752
445,202356.58050853002,544457.6146775256,서울 서초구1,2,27,13.5,27,0,1.6164925773134795,1,4,9.966541100679121,5,-0.4456979939764164,0.8860610129364999,1.065893158288695,-0.6157171265608355
446,203205.1496599986,542574.4437629038,서울 서초구2,2,18,9.0,16,1,4.979322910428033,1,6,9.960492728829353,3,0.5804542673752731,0.8813510461555953,2.3130606632251274,-1.4573331194227985
447,202548.6972072111,544390.823245848,서울 강남구2,1,8,8.0,8,0,6.743919953711111,3,4,9.059228618318881,4,1.118912966438564,0.17952183876515068,1.065893158288695,-1.036525122991817
448,202153.28297846584,545161.8507044942,서울 강남구3,2,15,7.5,17,0,2.98563162012312,3,4,9.939772820042249,3,-0.027911491027044637,0.8652161119097181,1.065893158288695,-1.4573331194227985
449,203810.55081654087,544765.4038459369,서울 강남구4,1,7,7.0,8,0,5.771305454094542,1,0,8.557220031175044,6,0.8221241102251078,-0.21140051652402403,-1.4284418515841697,-0.194909130129854
450,205307.0753346806,543787.3069965017,서울 강남구5,1,7,7.0,7,0,0.3203141566328445,3,0,8.705256298436074,5,-0.8412208975255876,-0.09612223693292525,-1.4284418515841697,-0.6157171265608355
451,204630.13070365356,544279.72014484,서울 강남구6,1,7,7.0,7,0,1.7146633918854448,1,2,9.181771627852411,4,-0.4157416199126501,0.27494809866963593,-0.18127434664773728,-1.036525122991817
452,202716.84170976732,544214.3384326036,서울 강남구7,1,7,7.0,7,0,1.9570507217892323,3,0,8.870019448328717,5,-0.3417782372660428,0.032181541668456354,-1.4284418515841697,-0.6157171265608355
453,209636.7324910225,546205.8469378251,서울 송파구2,1,10,10.0,11,0,0.08069910724375795,2,0,8.31886812989935,5,-0.9143383314809248,-0.3970090678925878,-1.4284418515841697,-0.6157171265608355
454,208880.6914619546,545961.8128889911,서울 송파구6,1,7,7.0,8,0,0.43800845496529733,1,2,10.055802908633677,5,-0.8053070218855427,0.9555706530036062,-0.18127434664773728,-0.6157171265608355
455,211818.97076433507,549705.2704245305,서울 강동구1,2,16,8.0,15,1,5.695023827189042,3,4,7.317469411702297,4,0.7988471214404349,-1.1768147435851175,1.065893158288695,-1.036525122991817
456,200245.55410074367,552382.3044707543,서울 종로구3,1,8,8.0,8,0,0.6626444181582691,1,3,9.012715213366512,9,-0.736760387420672,0.14330108421600685,0.44230940582047884,1.0675148591630905
457,198904.50472780748,552352.6820911964,서울 종로구4,1,7,7.0,7,1,1.2893848965443766,1,2,9.900591427327276,8,-0.5455134033419674,0.8347049160539018,-0.18127434664773728,0.6467068627321091
458,200997.0496496272,552488.398380045,서울 종로구5,1,7,7.0,7,0,0.550974825104292,1,1,9.014486372996254,7,-0.7708358518614937,0.14468031539209325,-0.8048580991159534,0.22589886630112752
459,198758.77178484024,549572.2861802737,서울 용산구1,1,9,9.0,9,0,13.192105496445757,2,4,8.911090575374077,1,3.0865472271192465,0.06416430477277073,1.065893158288695,-2.298949112284762
460,206215.4817193065,548995.2400761895,서울 광진구1,1,7,7.0,7,0,9.484122283475553,3,2,9.637343897094901,3,1.955073146617706,0.6297097283659823,-0.18127434664773728,-1.4573331194227985
461,203672.1452721186,553301.3579390249,서울 동대문구1,1,17,17.0,17,0,0.6694005763511365,1,3,9.781516728061895,6,-0.7346987767175118,0.7419794864810497,0.44230940582047884,-0.194909130129854
462,205462.32728942198,554474.864060229,서울 동대문구2,1,9,9.0,9,0,0.46688485408031016,1,3,9.138490889696735,5,-0.7964955210614376,0.24124467499966742,0.44230940582047884,-0.6157171265608355
463,202781.73945127949,552694.8999884835,서울 동대문구5,1,8,8.0,9,0,0.48709565650215225,1,2,8.692739157478584,6,-0.7903282873462305,-0.10586954076377898,-0.18127434664773728,-0.194909130129854
464,205819.7316016557,551404.0443655793,서울 동대문구7,1,7,7.0,6,1,0.2607506297644502,3,2,9.953623968320187,3,-0.8593964347176399,0.8760022292131653,-0.18127434664773728,-1.4573331194227985
465,203345.00428290438,553438.689102226,서울 동대문구9,1,7,7.0,7,0,0.06025701851252544,3,2,8.961490186060498,7,-0.9205761411532547,0.10341131173591654,-0.18127434664773728,0.22589886630112752
466,203339.53821025052,554101.9566767608,서울 동대문구10,1,7,7.0,7,0,0.6364837536186781,1,1,8.391073892566109,8,-0.7447431942876783,-0.3407812512177054,-0.8048580991159534,0.6467068627321091
467,208338.9518085046,555418.0479248238,서울 중랑구4,1,7,7.0,6,1,0.3163270791105196,1,2,8.90060617626634,8,-0.842437535955255,0.05599993050119291,-0.18127434664773728,0.6467068627321091
468,207581.46512057673,555190.4616146139,서울 중랑구7,1,7,7.0,7,0,2.737404239179071,1,0,8.612526831355929,6,-0.10365693847851629,-0.16833220027622953,-1.4284418515841697,-0.194909130129854
469,203044.92045745952,555499.4034347372,서울 성북구2,1,8,8.0,9,0,2.3249498795136248,1,3,9.307516844363217,3,-0.229515495690669,0.3728679698902191,0.44230940582047884,-1.4573331194227985
470,201762.60135024332,554470.128762319,서울 성북구3,1,8,8.0,8,0,2.281477290460465,3,3,6.708044695941214,5,-0.24278095696727062,-1.6513838074575202,0.44230940582047884,-0.6157171265608355
471,202310.743454185,558483.6677556398,서울 강북구2,1,11,11.0,10,1,1.5909961342376395,1,4,9.575850045476445,7,-0.4534781167084682,0.5818234532580984,1.065893158288695,0.22589886630112752
472,202548.7905185469,557767.6837354961,서울 강북구6,1,7,7.0,7,1,0.2577035870271871,1,2,9.035810317921042,12,-0.8603262258416488,0.16128562252734008,-0.18127434664773728,2.329938848456035
473,202067.73997682388,559546.1384383572,서울 강북구7,1,7,7.0,7,0,2.715570063009605,1,1,9.335940800710999,9,-0.11031953725146643,0.39500217286337996,-0.8048580991159534,1.0675148591630905
474,192688.5757556508,554915.9441432215,서울 은평구4,1,7,7.0,7,0,0.7331737179581044,2,3,8.146213657957519,7,-0.7152386948843371,-0.5314579489500159,0.44230940582047884,0.22589886630112752
475,195292.3066035547,554765.8578688313,서울 서대문구3,1,7,7.0,6,1,1.800254814579804,1,4,8.344505083590521,10,-0.38962378961795907,-0.3770451497922775,1.065893158288695,1.4883228555940722
476,194927.800350793,554458.799955098,서울 서대문구4,1,7,7.0,6,1,3.458116678890129,1,1,9.154281922213837,6,0.11626515884265191,0.25354141211158604,-0.8048580991159534,-0.194909130129854
477,195310.82781697685,548950.8292964443,서울 마포구1,1,10,10.0,9,1,1.7738274309214102,1,4,9.598282961041962,8,-0.3976879846014607,0.5992923340969084,1.065893158288695,0.6467068627321091
478,193105.73046443757,550110.4401108129,서울 마포구2,1,7,7.0,8,0,3.464784238214301,3,3,7.679236512266022,6,0.11829973400715596,-0.8951007437845803,0.44230940582047884,-0.194909130129854
479,193285.387242751,550846.1769415052,서울 마포구3,1,7,7.0,7,0,1.3674422325923057,1,6,10.59572141292034,6,-0.5216945650521135,1.3760140851783542,2.3130606632251274,-0.194909130129854
480,184821.93948147102,548447.2759551394,서울 양천구3,1,7,7.0,6,1,2.891188701805915,1,4,8.653819788948063,5,-0.056730314636886214,-0.13617669407141667,1.065893158288695,-0.6157171265608355
481,188044.65961386453,548329.3698307521,서울 양천구4,1,7,7.0,7,0,10.641398656072804,3,0,8.32289569231242,6,2.308210726904037,-0.3938727387043776,-1.4284418515841697,-0.194909130129854
482,186983.97380709168,546899.6853390343,서울 양천구5,1,7,7.0,7,0,1.230330069614552,3,2,9.231344048754583,6,-0.5635337130795827,0.3135509593233135,-0.18127434664773728,-0.194909130129854
483,186835.30634379483,547252.2191188394,서울 양천구7,1,7,7.0,7,0,5.492203060813203,3,2,8.74162623356032,9,0.736957294286149,-0.06780036940994863,-0.18127434664773728,1.0675148591630905
484,187888.1356491336,549755.5658278266,서울 강서구3,1,8,8.0,8,0,2.577030493243052,1,1,8.250198869919611,5,-0.15259425191748166,-0.45048295167607905,-0.8048580991159534,-0.6157171265608355
485,186492.5442744462,548357.1213419705,서울 강서구4,1,7,7.0,6,1,4.093156229479409,3,1,5.813167140613753,4,0.3100445667622344,-2.348239699135317,-0.8048580991159534,-1.036525122991817
486,186708.90821874148,547927.6099498279,서울 강서구5,1,7,7.0,6,1,5.982623506292676,2,2,8.215067525714522,7,0.88660684519756,-0.47784030804973227,-0.18127434664773728,0.22589886630112752
487,186864.51363570616,550458.3880043636,서울 강서구6,1,7,7.0,8,0,0.6398555107792614,1,3,9.196032042698459,12,-0.7437143180458441,0.28605291859061527,0.44230940582047884,2.329938848456035
488,186580.22310146072,547747.3772459994,서울 강서구7,1,7,7.0,7,0,3.4042256613829736,1,2,8.35942198689744,11,0.0998205618801006,-0.3654291114939313,-0.18127434664773728,1.9091308520250536
489,187205.1648928878,543584.613679946,서울 구로구1,1,7,7.0,7,0,0.12902254674284447,3,3,8.748284430859075,4,-0.8995926554264471,-0.06261552150760881,0.44230940582047884,-1.036525122991817
490,187613.8421799458,545274.9201335475,서울 구로구2,1,7,7.0,7,0,1.6450451702718933,1,4,8.850979797307708,7,-0.4369853011167102,0.017355051820217685,1.065893158288695,0.22589886630112752
491,189716.65965256994,543669.9811830565,서울 구로구3,1,7,7.0,7,0,3.3349278714173876,1,1,8.806390244737019,7,0.0786746589245981,-0.017367567191935065,-0.8048580991159534,0.22589886630112752
492,191554.87131425546,540370.4850331895,서울 금천구3,1,7,7.0,6,1,11.577961201941385,2,4,8.452706281849991,7,2.5939984946889902,-0.2927870945479284,1.065893158288695,0.22589886630112752
493,191452.74749647136,541662.1295165721,서울 금천구4,1,7,7.0,7,0,5.197949891347704,1,1,8.71558387025997,4,0.6471672884438773,-0.08807998665034511,-0.8048580991159534,-1.036525122991817
494,193703.81335484682,544397.9307260425,서울 동작구5,1,10,10.0,10,0,0.7506328844861205,2,3,9.254230686642053,7,-0.7099111102489722,0.3313731612073959,0.44230940582047884,0.22589886630112752
495,193207.10466053765,545154.5825074173,서울 동작구6,1,7,7.0,6,1,5.799231223617601,3,0,8.721754841013265,7,0.8306455307867964,-0.08327455008396283,-1.4284418515841697,0.22589886630112752
496,195316.93272900226,545156.4012887689,서울 동작구7,1,7,7.0,7,0,10.34007004992502,2,2,9.027974943252127,8,2.2162616839910925,0.1551840872178104,-0.18127434664773728,0.6467068627321091
497,194672.70834633656,545081.7566789384,서울 동작구8,1,7,7.0,7,0,4.8801013343361825,1,2,9.437213733087447,9,0.5501772582502745,0.473865073350576,-0.18127434664773728,1.0675148591630905
498,196159.17118937726,542931.9118848551,서울 관악구2,1,8,8.0,7,1,9.299732987086019,1,0,9.272694048400417,6,1.8988075980421626,0.3457508851148712,-1.4284418515841697,-0.194909130129854
499,203144.7390346636,546267.5316379047,서울 강남구2,1,8,8.0,9,1,4.834438752692994,1,2,7.870079691240568,6,0.5362435307734806,-0.7464880169783213,-0.18127434664773728,-0.194909130129854
500,201729.6017023494,546341.3127305198,서울 강남구3,1,8,8.0,7,1,3.946747432618173,1,2,9.122231618896052,2,0.26536859351984016,0.22858331302406776,-0.18127434664773728,-1.8781411158537802
501,205257.32676639175,544746.5886949287,서울 강남구6,1,7,7.0,7,0,5.297258700766001,1,1,8.82842796658306,6,0.6774709164185743,-0.00020643021163496266,-0.8048580991159534,-0.194909130129854
502,203681.68245360602,544770.4886112139,서울 강남구7,1,7,7.0,7,0,7.119321686764265,1,0,0.0,4,1.2334650844846322,-6.875048699012525,-1.4284418515841697,-1.036525122991817
503,212789.20696900474,543769.9918692118,서울 송파구2,1,8,8.0,6,1,2.429320775269351,1,1,8.99783359742861,8,-0.19766719527408308,0.13171252477312456,-0.8048580991159534,0.6467068627321091
504,210551.6776337632,543785.1530899932,서울 송파구3,1,8,8.0,9,0,0.8309332509809527,3,2,8.10311366617629,5,-0.68540782150002,-0.565020622441166,-0.18127434664773728,-0.6157171265608355
505,210365.80617719208,543935.2264122968,서울 송파구4,1,8,8.0,8,0,4.394758073801211,1,3,9.217962859764453,3,0.4020769870514903,0.3031308070578861,0.44230940582047884,-1.4573331194227985
506,209709.6250964579,546236.7985397065,서울 송파구5,1,8,8.0,8,0,0.08337376037368689,3,1,8.31886812989935,4,-0.9135221733386061,-0.3970090678925878,-0.8048580991159534,-1.036525122991817
507,208878.73063175767,546002.6567440352,서울 송파구6,1,8,8.0,8,0,0.8236847294794162,1,2,10.071612031864406,5,-0.6876196746098882,0.967881477652195,-0.18127434664773728,-0.6157171265608355
508,213002.19003800023,544345.3907735734,서울 송파구7,1,7,7.0,6,1,0.5114037385410697,1,2,8.07811792410118,9,-0.7829107875372957,-0.5844852184947845,-0.18127434664773728,1.0675148591630905
509,211186.5825621869,545537.7935196877,서울 송파구8,1,7,7.0,6,1,4.072584491157283,1,1,7.740776597586606,4,0.303767195111541,-0.8471784657313435,-0.8048580991159534,-1.036525122991817
510,208745.74780943524,544764.4432066994,서울 송파구9,1,7,7.0,6,1,0.5516357355014131,1,2,7.861267207698112,4,-0.7706341780833437,-0.7533504430614376,-0.18127434664773728,-1.036525122991817
511,209386.90500023105,545239.7099728553,서울 송파구10,1,7,7.0,6,1,0.2750849932587407,1,2,9.25054385267555,4,-0.8550223694043061,0.3285021628725954,-0.18127434664773728,-1.036525122991817
512,212676.31883812996,549002.0409881624,서울 강동구1,1,8,8.0,13,0,1.725528019693184,3,2,6.040868961910978,6,-0.4124263285392282,-2.1709245404612654,-0.18127434664773728,-0.194909130129854
513,212727.63157552332,550062.0647965481,서울 강동구5,1,7,7.0,7,0,1.4032627759309335,1,2,7.951911381854188,7,-0.5107640904492704,-0.6827643316645371,-0.18127434664773728,0.22589886630112752
514,211386.189783006,550106.9257623282,서울 강동구6,1,7,7.0,7,0,1.3845972303623395,3,3,8.601486900394585,7,-0.5164597961189752,-0.17692917635226194,0.44230940582047884,0.22589886630112752
515,211188.80329844478,548704.0145491201,서울 강동구7,1,7,7.0,7,0,1.141759870898878,1,7,9.396348672757163,3,-0.590560503222837,0.4420427777913742,2.9366444156933436,-1.4573331194227985
