학교,출발지유형,출발지명,lat,lon,중심점거리_m,source,source_id,주소
숭실대,버스정류장,숭실대중문앞,37.4952845,126.95723930000001,81.2,OSM,node/357855342,
숭실대,버스정류장,숭실대중문앞,37.49522470000001,126.9569334,104.8,OSM,node/357855810,
숭실대,버스정류장,숭실대레지던스홀앞,37.49493590000001,126.95983480000001,205.4,OSM,node/357855661,
숭실대,버스정류장,숭실대정보과학관앞,37.494768500000006,126.9602803,248.8,OSM,node/11638012220,
숭실대,버스정류장,삼성래미안아파트,37.4978322,126.9592709,254.5,OSM,node/11638012223,
숭실대,버스정류장,테니스장앞,37.4980767,126.9593735,282.6,OSM,node/11638012224,
숭실대,버스정류장,숭실대후문,37.4949079,126.9609187,293.6,OSM,node/11638012221,
숭실대,버스정류장,숭실대후문,37.494895,126.9610122,301.8,OSM,node/11638012222,
숭실대,버스정류장,숭실대입구역2번출구,37.4959621,126.9537671,358.4,OSM,node/11552941601,
숭실대,버스정류장,숭실대입구역,37.49637070000001,126.95372140000002,366.8,OSM,node/11552941603,
숭실대,버스정류장,숭실대입구역,37.496189099999995,126.95357009999998,377.5,OSM,node/11552941602,
숭실대,버스정류장,동양아파트.달마사,37.4995137,126.95984140000002,444.0,OSM,node/11638141208,
숭실대,버스정류장,청림동현대아파트,37.4918587,126.9592845,461.9,OSM,node/11177542022,
숭실대,버스정류장,봉천고개.관악현대아파트,37.4917936,126.9565637,464.0,OSM,node/357848121,
숭실대,버스정류장,봉현초등학교,37.49187299999999,126.9560919,467.4,OSM,node/357900279,
숭실대,버스정류장,달마사,37.499484,126.9606461,474.3,OSM,node/11638141209,
숭실대,버스정류장,상도1동주민센터.상도3차래미안,37.49804579999999,126.95320760000001,474.8,OSM,node/13837721593,
숭실대,버스정류장,봉천고개.현대아파트,37.491693500000004,126.95605840000002,487.2,OSM,node/11552941600,
숭실대,버스정류장,봉천고개.관악현대아파트,37.491459,126.95654420000001,500.5,OSM,node/11552941599,
숭실대,버스정류장,상도1동주민센터.상도3차래미안,37.498506000000006,126.95323850000001,500.7,OSM,node/13837721592,
숭실대,버스정류장,달마사.흑석어린이집,37.50016060000001,126.9605656,536.3,OSM,node/11638141210,
숭실대,버스정류장,청림동현대아파트입구,37.4910161,126.95729249999998,538.8,OSM,node/357899200,
숭실대,버스정류장,금양빌딩,37.49934789999999,126.95329540000002,557.1,OSM,node/13837721591,
숭실대,버스정류장,래미안상도3차중문,37.4997994,126.95378330000001,564.9,OSM,node/13837721590,
숭실대,버스정류장,사당롯데캐슬골든포레.사당해그린,37.492506,126.96305610000002,593.8,OSM,node/11638012226,
숭실대,버스정류장,서달산약수터,37.5000354,126.96222950000002,606.4,OSM,node/13816446689,
숭실대,버스정류장,상도동중앙하이츠.상도전통시장,37.498567200000004,126.95176570000001,614.1,OSM,node/357899023,
숭실대,버스정류장,유앤미아파트,37.50108839999999,126.96015259999999,616.7,OSM,node/11638141211,
숭실대,버스정류장,서달산약수터,37.50021420000001,126.96217050000001,618.4,OSM,node/13816446688,
숭실대,버스정류장,흑석자이.유앤미아파트,37.501122499999994,126.9602652,623.6,OSM,node/11638141212,
숭실대,버스정류장,봉현초등학교,37.490614099999995,126.9552103,625.5,OSM,node/357899341,
숭실대,버스정류장,동아아파트105동앞,37.4904695,126.9553182,637.1,OSM,node/11177542026,
숭실대,버스정류장,사당롯데캐슬골든포레.사당해그린,37.4922488,126.96355669999998,646.2,OSM,node/11638012225,
숭실대,버스정류장,상도3차삼성래미안후문,37.5009122,126.95377520000001,665.6,OSM,node/13837721588,
숭실대,버스정류장,상도3차삼성래미안후문,37.5008638,126.95360029999999,669.6,OSM,node/13837721589,
숭실대,버스정류장,상도동중앙하이츠.상도전통시장,37.49884899999999,126.95123490000002,670.4,OSM,node/357844857,
숭실대,버스정류장,흑석자이.동부센트레빌,37.50191530000001,126.96031390000002,708.1,OSM,node/11638141214,
숭실대,버스정류장,흑석자이.동부센트레빌,37.5020051,126.96021830000001,715.0,OSM,node/11638141213,
숭실대,버스정류장,청호아파트정문,37.500766500000005,126.9632457,726.5,OSM,node/13816446691,
숭실대,버스정류장,청호아파트,37.5006503,126.96344899999998,729.0,OSM,node/13816446690,
숭실대,버스정류장,관악드림타운115동,37.4904264,126.9528801,743.9,OSM,node/357899327,
숭실대,버스정류장,관악드림타운115동,37.49029490000001,126.95288110000001,755.7,OSM,node/357899365,
숭실대,버스정류장,관악드림타운북문,37.4918002,126.9509182,758.0,OSM,node/357899313,
숭실대,버스정류장,관악드림타운북문,37.4917011,126.95086950000001,768.0,OSM,node/357899350,
숭실대,지하철출구,숭실대입구역 4번 출구,37.4953038,126.9546635,285.5,OSM,node/3401294936,
숭실대,지하철출구,숭실대입구역 1번 출구,37.4951391,126.95441070000001,311.5,OSM,node/3401294937,
숭실대,지하철출구,숭실대입구역 3번 출구,37.49595849999999,126.9541188,327.3,OSM,node/3401294935,
숭실대,지하철출구,숭실대입구역 2번 출구,37.49565270000001,126.9539481,342.9,OSM,node/3401294934,
중앙대,버스정류장,중앙대중문,37.5065667,126.95730110000001,157.7,OSM,node/357898954,
중앙대,버스정류장,중앙대중문,37.5065845,126.95718110000001,159.3,OSM,node/357898982,
중앙대,버스정류장,중앙대정문,37.506826200000006,126.95827020000002,209.9,OSM,node/11638141223,
중앙대,버스정류장,중앙대정문,37.506842199999994,126.9583784,216.0,OSM,node/4178638914,
중앙대,버스정류장,중앙대정문,37.507089199999996,126.95880700000001,259.3,OSM,node/357898996,
중앙대,버스정류장,중앙대후문,37.505025499999995,126.9538368,295.3,OSM,node/357898975,
중앙대,버스정류장,중앙대후문,37.50491949999999,126.9536592,311.8,OSM,node/4178638916,
중앙대,버스정류장,중앙대부속초등학교.롯데캐슬에듀포레,37.5049945,126.9608028,321.4,OSM,node/11638141216,
중앙대,버스정류장,중앙대후문,37.50503179999999,126.95353370000001,322.1,OSM,node/357898987,
중앙대,버스정류장,중앙대후문,37.5047279,126.95356870000002,322.1,OSM,node/4178638915,
중앙대,버스정류장,상도SH빌아파트.상도패리스후문,37.50315270000001,126.95438460000001,331.5,OSM,node/13837721587,
중앙대,버스정류장,중대부속초등학교,37.50518600000001,126.9609262,331.8,OSM,node/11638141217,
중앙대,버스정류장,은로초등학교,37.5033303,126.9608256,380.8,OSM,node/11638141215,
중앙대,버스정류장,중앙대병원후문.흑석시장,37.5064755,126.96128030000001,391.8,OSM,node/11638141218,
중앙대,버스정류장,상도SH빌아파트.상도패리스후문,37.5026541,126.95383619999998,404.7,OSM,node/13837721586,
중앙대,버스정류장,중앙대병원,37.5076986,126.960799,427.6,OSM,node/11638141222,
중앙대,버스정류장,흑석자이.동부센트레빌,37.5020051,126.96021830000001,440.8,OSM,node/11638141213,
중앙대,버스정류장,흑석자이.동부센트레빌,37.50191530000001,126.96031390000002,453.8,OSM,node/11638141214,
중앙대,버스정류장,중앙대병원,37.5075894,126.9613243,456.1,OSM,node/11638141221,
중앙대,버스정류장,중앙대병원후문.흑석시장,37.507162599999994,126.9617978,465.9,OSM,node/11638141219,
중앙대,버스정류장,중앙대학교,37.5080182,126.96126860000001,482.2,OSM,node/357828164,
중앙대,버스정류장,동양중학교,37.50918219999999,126.95475140000002,496.2,OSM,node/11638258629,
중앙대,버스정류장,중앙대학교,37.508409900000004,126.9614224,521.6,OSM,node/11638141220,
중앙대,버스정류장,유앤미아파트,37.50108839999999,126.96015259999999,522.1,OSM,node/11638141211,
중앙대,버스정류장,흑석자이.유앤미아파트,37.501122499999994,126.9602652,523.9,OSM,node/11638141212,
중앙대,버스정류장,중앙대학교,37.50849,126.96147,530.8,OSM,node/357900289,
중앙대,버스정류장,상도은빛어르신복지관,37.50668050000001,126.9513198,544.8,OSM,node/11638258616,
중앙대,버스정류장,경동아파트,37.5092934,126.9536923,553.4,OSM,node/11638258630,
중앙대,버스정류장,상도3차삼성래미안후문,37.5009122,126.95377520000001,558.1,OSM,node/13837721588,
중앙대,버스정류장,상도은빛어르신복지관.터널경로당,37.50653220000001,126.9509905,567.8,OSM,node/11638258615,
중앙대,버스정류장,상도3차삼성래미안후문,37.5008638,126.95360029999999,571.0,OSM,node/13837721589,
중앙대,버스정류장,극락정사,37.5081269,126.95179540000001,579.1,OSM,node/11638258619,
중앙대,버스정류장,이화약국,37.50511839999999,126.95055570000001,585.1,OSM,node/11638141224,
중앙대,버스정류장,건영아파트후문,37.507938300000006,126.95152509999998,587.6,OSM,node/11638258617,
중앙대,버스정류장,건영아파트,37.50799310000001,126.95155350000002,588.7,OSM,node/11638258618,
중앙대,버스정류장,상도은빛어르신복지관,37.50633169999999,126.9506818,588.8,OSM,node/11638141225,
중앙대,버스정류장,달마사.흑석어린이집,37.50016060000001,126.9605656,629.7,OSM,node/11638141210,
중앙대,버스정류장,중대후문입구,37.5044423,126.950092,631.0,OSM,node/11638258614,
중앙대,버스정류장,흑석1동빗물펌프장,37.50831,126.96327,643.1,OSM,node/357828162,
중앙대,버스정류장,한신아파트,37.5087881,126.95125269999998,661.2,OSM,node/11638258621,
중앙대,버스정류장,래미안상도3차중문,37.4997994,126.95378330000001,665.2,OSM,node/13837721590,
중앙대,버스정류장,동양아파트.달마사,37.4995137,126.95984140000002,668.5,OSM,node/11638141208,
중앙대,버스정류장,신동아상가,37.5089138,126.9511978,673.6,OSM,node/11638258620,
중앙대,버스정류장,상도터널상도동,37.5044024,126.9495685,677.5,OSM,node/357847983,
중앙대,버스정류장,본동초등학교,37.510522099999996,126.9532756,688.7,OSM,node/11638258631,
중앙대,버스정류장,흑석고등학교.푸르지오상가,37.5033854,126.9647662,699.3,OSM,node/13816446697,
중앙대,버스정류장,달마사,37.499484,126.9606461,699.8,OSM,node/11638141209,
중앙대,버스정류장,상도터널상도동,37.5040548,126.94937599999999,700.1,OSM,node/357855304,
중앙대,버스정류장,서달산약수터,37.50021420000001,126.96217050000001,703.7,OSM,node/13816446688,
중앙대,버스정류장,청호아파트후문,37.50196950000001,126.9641848,713.4,OSM,node/13816446696,
중앙대,버스정류장,푸르지오상가,37.5032886,126.96496940000002,719.6,OSM,node/13816446698,
중앙대,버스정류장,흑석고등학교.큰별어린이집,37.50466170000001,126.96530900000002,721.4,OSM,node/13816446700,
중앙대,버스정류장,서달산약수터,37.5000354,126.96222950000002,722.5,OSM,node/13816446689,
중앙대,버스정류장,청호아파트정문,37.500766500000005,126.9632457,724.5,OSM,node/13816446691,
중앙대,버스정류장,금양빌딩,37.49934789999999,126.95329540000002,729.5,OSM,node/13837721591,
중앙대,버스정류장,흑석한강푸르지오,37.5044174,126.965441,735.5,OSM,node/13816446699,
중앙대,버스정류장,상도역,37.5038459,126.9490029,736.8,OSM,node/11638141226,
중앙대,버스정류장,푸르지오정문,37.5016599,126.9643515,743.5,OSM,node/13816446692,
중앙대,버스정류장,청호아파트,37.5006503,126.96344899999998,746.5,OSM,node/13816446690,
중앙대,버스정류장,흑석동,37.50804339999999,126.9648057,747.4,OSM,node/357962558,
중앙대,버스정류장,흑석역.명수대현대아파트,37.5076074,126.9650776,750.2,OSM,node/357901050,
중앙대,버스정류장,흑석역.명수대현대아파트,37.508002299999994,126.9648682,750.4,OSM,node/357853589,
중앙대,버스정류장,흑석역.명수대현대아파트,37.507547800000005,126.9651853,756.8,OSM,node/357962169,
중앙대,버스정류장,신동아정문,37.5100748,126.95116320000001,762.4,OSM,node/11638258623,
중앙대,버스정류장,삼성래미안아파트,37.510100599999994,126.9510962,768.6,OSM,node/11638258622,
중앙대,버스정류장,흑석한강센트레빌1차,37.5054992,126.96597819999998,779.5,OSM,node/13816465901,
중앙대,버스정류장,흑석동효사정앞,37.511534700000006,126.9608602,780.1,OSM,node/357836007,
중앙대,버스정류장,흑석역(중대입구),37.507663599999994,126.9654497,783.2,OSM,node/13042690820,
중앙대,버스정류장,흑석1동효사정앞,37.5116186,126.96114080000001,799.1,OSM,node/357854116,
중앙대,지하철출구,흑석역 4번 출구,37.50884750000001,126.96331930000001,681.0,OSM,node/3401120490,
중앙대,지하철출구,흑석역 3번 출구,37.50839849999999,126.96384230000001,691.2,OSM,node/3401120489,
중앙대,지하철출구,흑석역 1번 출구,37.509302,126.9635231,726.4,OSM,node/3401120491,
중앙대,지하철출구,흑석역 2번 출구,37.508653800000005,126.96417490000002,731.1,OSM,node/3401120488,
