학교,origin_id,문,TMAP거리_m,표본점수,20m이내매칭점수,매칭률_pct,매칭OSM엣지수
숭실대,OptionA_random_to_OSM:숭실대:11413637721,정문,1290,131,131,100.0,32
숭실대,OptionA_random_to_OSM:숭실대:7256876661,정문,979,99,99,100.0,23
숭실대,OptionA_random_to_OSM:숭실대:10589255419,정문,714,73,73,100.0,14
숭실대,OptionA_random_to_OSM:숭실대:10570453205,정문,725,74,74,100.0,21
숭실대,OptionA_random_to_OSM:숭실대:11413637873,정문,558,57,57,100.0,18
숭실대,OptionA_random_to_OSM:숭실대:3337436860,정문,848,86,86,100.0,20
숭실대,OptionA_random_to_OSM:숭실대:11413637545,정문,1146,116,116,100.0,28
숭실대,OptionA_random_to_OSM:숭실대:11413637659,정문,1146,116,116,100.0,28
숭실대,OptionA_random_to_OSM:숭실대:10589255556,정문,940,96,96,100.0,20
숭실대,OptionA_random_to_OSM:숭실대:2825723246,정문,364,38,38,100.0,13
숭실대,OptionA_random_to_OSM:숭실대:2824550279,정문,478,49,49,100.0,17
숭실대,OptionA_random_to_OSM:숭실대:2824550284,정문,344,36,36,100.0,12
숭실대,OptionA_random_to_OSM:숭실대:11413637598,정문,472,49,49,100.0,15
숭실대,OptionA_random_to_OSM:숭실대:2825730235,북문,766,78,78,100.0,22
숭실대,OptionA_random_to_OSM:숭실대:1872054413,중문,881,90,90,100.0,17
숭실대,OptionA_random_to_OSM:숭실대:11413637577,정문,1010,103,103,100.0,28
숭실대,OptionA_random_to_OSM:숭실대:10611854834,정문,475,49,49,100.0,14
숭실대,OptionA_random_to_OSM:숭실대:10589255561,정문,791,81,81,100.0,18
숭실대,OptionA_random_to_OSM:숭실대:2825723225,정문,293,31,31,100.0,9
숭실대,OptionA_random_to_OSM:숭실대:13296689136,정문,310,33,33,100.0,12
숭실대,OptionA_random_to_OSM:숭실대:11413637916,정문,308,32,32,100.0,10
숭실대,OptionA_random_to_OSM:숭실대:6963036771,북문,595,61,61,100.0,15
숭실대,OptionA_random_to_OSM:숭실대:2825731303,북문,704,72,72,100.0,20
숭실대,OptionA_random_to_OSM:숭실대:2825701322,북문,816,83,83,100.0,23
숭실대,OptionA_random_to_OSM:숭실대:13324709490,중문,809,82,82,100.0,16
숭실대,OptionA_random_to_OSM:숭실대:13324709401,정문,544,56,56,100.0,15
숭실대,OptionA_random_to_OSM:숭실대:2825723404,정문,359,37,37,100.0,13
숭실대,OptionA_random_to_OSM:숭실대:2825726591,정문,323,34,34,100.0,16
숭실대,OptionA_random_to_OSM:숭실대:13149390528,정문,69,8,8,100.0,3
숭실대,OptionA_random_to_OSM:숭실대:2825711413,북문,148,16,16,100.0,3
숭실대,OptionA_random_to_OSM:숭실대:3713157340,북문,6,2,2,100.0,2
숭실대,OptionA_random_to_OSM:숭실대:2824550315,북문,552,57,57,100.0,13
숭실대,OptionA_random_to_OSM:숭실대:4621466918,북문,642,66,66,100.0,16
숭실대,OptionA_random_to_OSM:숭실대:4621475837,북문,754,77,77,100.0,13
숭실대,OptionA_random_to_OSM:숭실대:2162056432,중문,926,94,79,84.0,22
숭실대,OptionA_random_to_OSM:숭실대:2477234585,중문,887,90,89,98.9,22
숭실대,OptionA_random_to_OSM:숭실대:2825728925,중문,652,67,64,95.5,14
숭실대,OptionA_random_to_OSM:숭실대:436821653,중문,371,39,39,100.0,8
숭실대,OptionA_random_to_OSM:숭실대:2825727124,정문,375,39,39,100.0,18
숭실대,OptionA_random_to_OSM:숭실대:4666594482,중문,121,14,14,100.0,5
숭실대,OptionA_random_to_OSM:숭실대:4654271182,북문,122,14,14,100.0,2
숭실대,OptionA_random_to_OSM:숭실대:8537501421,중문,837,85,83,97.6,19
숭실대,OptionA_random_to_OSM:숭실대:10792799832,중문,787,80,78,97.5,18
숭실대,OptionA_random_to_OSM:숭실대:2825728935,중문,670,69,66,95.7,18
숭실대,OptionA_random_to_OSM:숭실대:4620932585,남문,249,26,26,100.0,5
숭실대,OptionA_random_to_OSM:숭실대:2890319302,남문,2,2,2,100.0,2
숭실대,OptionA_random_to_OSM:숭실대:4686503139,후문,1,2,2,100.0,1
숭실대,OptionA_random_to_OSM:숭실대:8761605888,후문,149,16,15,93.8,2
숭실대,OptionA_random_to_OSM:숭실대:2824759229,남문,825,84,84,100.0,24
숭실대,OptionA_random_to_OSM:숭실대:2824759097,남문,538,55,55,100.0,15
숭실대,OptionA_random_to_OSM:숭실대:8482687939,남문,469,48,48,100.0,13
숭실대,OptionA_random_to_OSM:숭실대:13322228150,남문,81,10,10,100.0,5
숭실대,OptionA_random_to_OSM:숭실대:2825711424,후문,103,12,12,100.0,2
숭실대,OptionA_random_to_OSM:숭실대:8857857355,후문,300,31,31,100.0,9
숭실대,OptionA_random_to_OSM:숭실대:2824759222,후문,385,40,40,100.0,11
숭실대,OptionA_random_to_OSM:숭실대:2824759203,후문,534,55,55,100.0,12
숭실대,OptionA_random_to_OSM:숭실대:4619539867,남문,1093,111,111,100.0,18
숭실대,OptionA_random_to_OSM:숭실대:13322228135,남문,284,30,30,100.0,9
숭실대,OptionA_random_to_OSM:숭실대:12785639994,남문,241,26,26,100.0,4
숭실대,OptionA_random_to_OSM:숭실대:8761605856,후문,1078,109,107,98.2,11
숭실대,OptionA_random_to_OSM:숭실대:8761605867,후문,358,37,37,100.0,8
숭실대,OptionA_random_to_OSM:숭실대:2824759300,후문,315,33,33,100.0,9
숭실대,OptionA_random_to_OSM:숭실대:4697324250,후문,893,91,91,100.0,14
숭실대,OptionA_random_to_OSM:숭실대:5406793565,남문,865,88,84,95.5,11
숭실대,OptionA_random_to_OSM:숭실대:2826156923,남문,778,79,74,93.7,9
숭실대,OptionA_random_to_OSM:숭실대:8482827916,남문,677,69,69,100.0,9
숭실대,OptionA_random_to_OSM:숭실대:5406793616,남문,392,41,39,95.1,8
숭실대,OptionA_random_to_OSM:숭실대:5406793597,남문,489,50,48,96.0,8
숭실대,OptionA_random_to_OSM:숭실대:5406793613,후문,1210,123,114,92.7,11
숭실대,OptionA_random_to_OSM:숭실대:4697324249,후문,844,86,86,100.0,14
숭실대,OptionA_random_to_OSM:숭실대:4697324237,후문,950,97,97,100.0,18
숭실대,OptionA_random_to_OSM:숭실대:8482789908,남문,535,55,55,100.0,5
숭실대,OptionA_random_to_OSM:숭실대:1667060931,남문,957,97,90,92.8,9
숭실대,OptionA_random_to_OSM:숭실대:4697324255,후문,738,75,75,100.0,13
숭실대,OptionA_random_to_OSM:숭실대:5406793629,남문,662,68,66,97.1,10
숭실대,OptionA_random_to_OSM:숭실대:6428306251,남문,1475,149,141,94.6,15
숭실대,OptionA_random_to_OSM:숭실대:1667060481,남문,1247,126,118,93.7,12
숭실대,OptionA_random_to_OSM:숭실대:2943859173,남문,967,98,91,92.9,9
숭실대,OptionA_random_to_OSM:숭실대:1667060965,남문,1052,107,99,92.5,9
중앙대,OptionA_random_to_OSM:중앙대:4621496741,후문,551,57,57,100.0,21
중앙대,OptionA_random_to_OSM:중앙대:4626863240,후문,756,77,77,100.0,28
중앙대,OptionA_random_to_OSM:중앙대:11871139989,후문,418,43,43,100.0,16
중앙대,OptionA_random_to_OSM:중앙대:1831853297,후문,508,52,52,100.0,19
중앙대,OptionA_random_to_OSM:중앙대:14136808395,후문,630,64,64,100.0,23
중앙대,OptionA_random_to_OSM:중앙대:13363593899,후문,703,72,72,100.0,21
중앙대,OptionA_random_to_OSM:중앙대:2825706570,후문,771,79,79,100.0,19
중앙대,OptionA_random_to_OSM:중앙대:2825730230,후문,725,74,74,100.0,17
중앙대,OptionA_random_to_OSM:중앙대:8483442364,후문,505,52,52,100.0,14
중앙대,OptionA_random_to_OSM:중앙대:8483442362,후문,488,50,50,100.0,10
중앙대,OptionA_random_to_OSM:중앙대:4621486060,후문,184,20,20,100.0,4
중앙대,OptionA_random_to_OSM:중앙대:4621488501,후문,320,33,33,100.0,8
중앙대,OptionA_random_to_OSM:중앙대:13363604110,후문,644,66,66,100.0,19
중앙대,OptionA_random_to_OSM:중앙대:12056780871,후문,815,83,83,100.0,22
중앙대,OptionA_random_to_OSM:중앙대:2825731308,후문,675,69,69,100.0,15
중앙대,OptionA_random_to_OSM:중앙대:2824550321,후문,357,37,37,100.0,9
중앙대,OptionA_random_to_OSM:중앙대:2825701309,후문,249,26,26,100.0,9
중앙대,OptionA_random_to_OSM:중앙대:4621486051,후문,128,14,14,100.0,5
중앙대,OptionA_random_to_OSM:중앙대:2824550328,후문,41,6,6,100.0,3
중앙대,OptionA_random_to_OSM:중앙대:4621493642,후문,563,58,58,100.0,16
중앙대,OptionA_random_to_OSM:중앙대:4621493615,후문,641,66,66,100.0,20
중앙대,OptionA_random_to_OSM:중앙대:2829530350,정문,880,89,89,100.0,21
중앙대,OptionA_random_to_OSM:중앙대:2824550315,후문,689,70,70,100.0,17
중앙대,OptionA_random_to_OSM:중앙대:2825731322,후문,534,55,55,100.0,12
중앙대,OptionA_random_to_OSM:중앙대:4621475837,후문,454,47,47,100.0,10
중앙대,OptionA_random_to_OSM:중앙대:8761605951,후문,205,22,22,100.0,6
중앙대,OptionA_random_to_OSM:중앙대:2829147711,후문,132,15,15,100.0,5
중앙대,OptionA_random_to_OSM:중앙대:4613243829,중문,242,26,26,100.0,3
중앙대,OptionA_random_to_OSM:중앙대:4621493631,후문,485,50,50,100.0,6
중앙대,OptionA_random_to_OSM:중앙대:2829530337,정문,535,55,55,100.0,13
중앙대,OptionA_random_to_OSM:중앙대:4613270035,정문,518,53,53,100.0,13
중앙대,OptionA_random_to_OSM:중앙대:4613267682,정문,735,75,75,100.0,19
중앙대,OptionA_random_to_OSM:중앙대:4654271182,후문,1319,133,133,100.0,20
중앙대,OptionA_random_to_OSM:중앙대:4613243688,후문,223,24,24,100.0,3
중앙대,OptionA_random_to_OSM:중앙대:4621493630,후문,437,45,45,100.0,5
중앙대,OptionA_random_to_OSM:중앙대:11179633109,정문,388,40,40,100.0,9
중앙대,OptionA_random_to_OSM:중앙대:2829530608,정문,354,37,37,100.0,7
중앙대,OptionA_random_to_OSM:중앙대:8761605888,후문,1490,151,146,96.7,20
중앙대,OptionA_random_to_OSM:중앙대:2829530627,중문,91,11,11,100.0,4
중앙대,OptionA_random_to_OSM:중앙대:2829530668,정문,165,18,18,100.0,5
중앙대,OptionA_random_to_OSM:중앙대:4613243680,정문,266,28,28,100.0,4
중앙대,OptionA_random_to_OSM:중앙대:4613243675,정문,515,53,53,100.0,8
중앙대,OptionA_random_to_OSM:중앙대:4613249965,정문,740,76,76,100.0,17
중앙대,OptionA_random_to_OSM:중앙대:2824759242,후문,1622,164,164,100.0,24
중앙대,OptionA_random_to_OSM:중앙대:8857857355,후문,1842,186,186,100.0,29
중앙대,OptionA_random_to_OSM:중앙대:10232790207,정문,262,28,28,100.0,6
중앙대,OptionA_random_to_OSM:중앙대:4613243821,정문,206,22,22,100.0,5
중앙대,OptionA_random_to_OSM:중앙대:4613243677,정문,348,36,36,100.0,11
중앙대,OptionA_random_to_OSM:중앙대:2829530641,정문,678,69,69,100.0,25
중앙대,OptionA_random_to_OSM:중앙대:10579158603,정문,855,87,70,80.5,23
중앙대,OptionA_random_to_OSM:중앙대:2824759222,후문,1731,175,175,100.0,26
중앙대,OptionA_random_to_OSM:중앙대:2824759203,정문,1066,108,108,100.0,17
중앙대,OptionA_random_to_OSM:중앙대:13816446695,정문,827,84,84,100.0,16
중앙대,OptionA_random_to_OSM:중앙대:12864823352,정문,732,75,75,100.0,16
중앙대,OptionA_random_to_OSM:중앙대:10107993115,정문,381,40,40,100.0,15
중앙대,OptionA_random_to_OSM:중앙대:4613243679,정문,219,23,23,100.0,9
중앙대,OptionA_random_to_OSM:중앙대:436883256,정문,321,34,34,100.0,12
중앙대,OptionA_random_to_OSM:중앙대:10232790156,정문,498,51,51,100.0,21
중앙대,OptionA_random_to_OSM:중앙대:4613243640,정문,893,91,91,100.0,21
중앙대,OptionA_random_to_OSM:중앙대:4697324255,정문,1567,158,158,100.0,19
중앙대,OptionA_random_to_OSM:중앙대:4697324237,정문,1437,145,145,100.0,22
중앙대,OptionA_random_to_OSM:중앙대:12864823363,정문,930,94,94,100.0,17
중앙대,OptionA_random_to_OSM:중앙대:4611246549,정문,438,45,45,100.0,16
중앙대,OptionA_random_to_OSM:중앙대:4612938745,정문,419,43,43,100.0,16
중앙대,OptionA_random_to_OSM:중앙대:6964092884,정문,701,72,72,100.0,19
중앙대,OptionA_random_to_OSM:중앙대:4611250951,정문,1376,139,139,100.0,20
중앙대,OptionA_random_to_OSM:중앙대:4611263521,정문,1306,132,132,100.0,19
중앙대,OptionA_random_to_OSM:중앙대:4611303880,정문,1151,117,117,100.0,18
중앙대,OptionA_random_to_OSM:중앙대:6215701774,정문,1078,109,109,100.0,32
중앙대,OptionA_random_to_OSM:중앙대:4612824441,정문,703,72,72,100.0,22
중앙대,OptionA_random_to_OSM:중앙대:4611246540,정문,599,61,61,100.0,20
중앙대,OptionA_random_to_OSM:중앙대:13675095847,정문,737,75,75,100.0,21
중앙대,OptionA_random_to_OSM:중앙대:4611290232,정문,882,90,90,100.0,25
중앙대,OptionA_random_to_OSM:중앙대:4612824445,정문,770,79,79,100.0,24
