학교,출발지유형,출발지명,grid_cell,raw_lat,raw_lon,lat,lon,node,snap_distance_m,source,source_id,OSM_최근접_문,OSM_문까지_m,gate_node,gate_lat,gate_lon,gate_osm_way_id
숭실대,800m층화임의점_OSM스냅,숭실대 표본노드 11413637721,0,37.492579398625686,126.95023701662467,37.492263900000005,126.9501085,11413637721,36.8,OptionA_random_to_OSM,숭실대:11413637721,정문,1075.5,11413637697,37.49574539051763,126.95467427206805,1382626815
숭실대,800m층화임의점_OSM스냅,숭실대 표본노드 7256876661,1,37.49348676530696,126.95005051965474,37.4933754,126.94953950000001,7256876661,46.9,OptionA_random_to_OSM,숭실대:7256876661,정문,725.8,11413637697,37.49574539051763,126.95467427206805,1382626815
숭실대,800m층화임의점_OSM스냅,숭실대 표본노드 10589255419,2,37.495886177688796,126.94921315292594,37.4954948,126.9492612,10589255419,43.6,OptionA_random_to_OSM,숭실대:10589255419,정문,696.8,11413637697,37.49574539051763,126.95467427206805,1382626815
숭실대,800m층화임의점_OSM스냅,숭실대 표본노드 10570453205,3,37.496071937190585,126.94883449368159,37.4963654,126.9490035,10570453205,35.8,OptionA_random_to_OSM,숭실대:10570453205,정문,692.7,11413637697,37.49574539051763,126.95467427206805,1382626815
숭실대,800m층화임의점_OSM스냅,숭실대 표본노드 11413637873,4,37.497487892296554,126.94986107483622,37.4974045,126.9499416,11413637873,11.7,OptionA_random_to_OSM,숭실대:11413637873,정문,526.1,11413637697,37.49574539051763,126.95467427206805,1382626815
숭실대,800m층화임의점_OSM스냅,숭실대 표본노드 3337436860,5,37.49912319629209,126.95020701432016,37.4988534,126.95001920000001,3337436860,34.2,OptionA_random_to_OSM,숭실대:3337436860,정문,834.6,11413637697,37.49574539051763,126.95467427206805,1382626815
숭실대,800m층화임의점_OSM스냅,숭실대 표본노드 11413637545,6,37.49156526311522,126.95137100967237,37.4915474,126.95133360000001,11413637545,3.9,OptionA_random_to_OSM,숭실대:11413637545,정문,930.2,11413637697,37.49574539051763,126.95467427206805,1382626815
숭실대,800m층화임의점_OSM스냅,숭실대 표본노드 11413637659,7,37.4919439081753,126.95162570560478,37.491605199999995,126.95139150000001,11413637659,42.9,OptionA_random_to_OSM,숭실대:11413637659,정문,922.8,11413637697,37.49574539051763,126.95467427206805,1382626815
숭실대,800m층화임의점_OSM스냅,숭실대 표본노드 10589255556,8,37.49444214977973,126.95080104801546,37.49450490000001,126.95063370000001,10589255556,16.4,OptionA_random_to_OSM,숭실대:10589255556,정문,786.6,11413637697,37.49574539051763,126.95467427206805,1382626815
숭실대,800m층화임의점_OSM스냅,숭실대 표본노드 2825723246,9,37.49542792272637,126.95178444010968,37.4953587,126.95181910000001,2825723246,8.3,OptionA_random_to_OSM,숭실대:2825723246,정문,316.7,11413637697,37.49574539051763,126.95467427206805,1382626815
숭실대,800m층화임의점_OSM스냅,숭실대 표본노드 2824550279,10,37.49651605322243,126.95089991708466,37.4970964,126.9506747,2824550279,67.4,OptionA_random_to_OSM,숭실대:2824550279,정문,449.3,11413637697,37.49574539051763,126.95467427206805,1382626815
숭실대,800m층화임의점_OSM스냅,숭실대 표본노드 2824550284,11,37.49725900338192,126.95190871693278,37.49736300000001,126.9521721,2824550284,26.0,OptionA_random_to_OSM,숭실대:2824550284,정문,308.7,11413637697,37.49574539051763,126.95467427206805,1382626815
숭실대,800m층화임의점_OSM스냅,숭실대 표본노드 11413637598,12,37.49895858474016,126.95135272565162,37.49887280000001,126.95147800000001,11413637598,14.6,OptionA_random_to_OSM,숭실대:11413637598,정문,445.8,11413637697,37.49574539051763,126.95467427206805,1382626815
숭실대,800m층화임의점_OSM스냅,숭실대 표본노드 2825730235,13,37.50060303977931,126.95130942109677,37.500597000000006,126.9512354,2825730235,6.6,OptionA_random_to_OSM,숭실대:2825730235,북문,686.6,2825714913,37.4979268,126.9555384,367389875
숭실대,800m층화임의점_OSM스냅,숭실대 표본노드 1872054413,14,37.48994956419728,126.95355930799656,37.489987500000005,126.9535162,1872054413,5.7,OptionA_random_to_OSM,숭실대:1872054413,중문,837.0,13149390530,37.49543981257457,126.95670420300216,1381930941
숭실대,800m층화임의점_OSM스냅,숭실대 표본노드 11413637577,15,37.49097218790867,126.95271118997033,37.4907984,126.95256140000001,11413637577,23.4,OptionA_random_to_OSM,숭실대:11413637577,정문,785.8,11413637697,37.49574539051763,126.95467427206805,1382626815
숭실대,800m층화임의점_OSM스냅,숭실대 표본노드 10611854834,16,37.492559294269,126.95335823826846,37.4924815,126.95337920000001,10611854834,8.8,OptionA_random_to_OSM,숭실대:10611854834,정문,454.6,11413637697,37.49574539051763,126.95467427206805,1382626815
숭실대,800m층화임의점_OSM스냅,숭실대 표본노드 10589255561,17,37.49383043917637,126.95247790637197,37.4942073,126.9522692,10589255561,45.7,OptionA_random_to_OSM,숭실대:10589255561,정문,799.3,11413637697,37.49574539051763,126.95467427206805,1382626815
숭실대,800m층화임의점_OSM스냅,숭실대 표본노드 2825723225,18,37.49491584025045,126.95238452970516,37.495159,126.9522954,2825723225,28.1,OptionA_random_to_OSM,숭실대:2825723225,정문,257.5,11413637697,37.49574539051763,126.95467427206805,1382626815
숭실대,800m층화임의점_OSM스냅,숭실대 표본노드 13296689136,19,37.49646923413756,126.95245443061837,37.496122500000006,126.9522234,13296689136,43.6,OptionA_random_to_OSM,숭실대:13296689136,정문,276.1,11413637697,37.49574539051763,126.95467427206805,1382626815
숭실대,800m층화임의점_OSM스냅,숭실대 표본노드 11413637916,20,37.49801977402339,126.95240947417608,37.4977929,126.9525737,11413637916,29.1,OptionA_random_to_OSM,숭실대:11413637916,정문,303.6,11413637697,37.49574539051763,126.95467427206805,1382626815
숭실대,800m층화임의점_OSM스냅,숭실대 표본노드 6963036771,21,37.49963721263321,126.95288471173144,37.49968500000001,126.95310470000001,6963036771,20.2,OptionA_random_to_OSM,숭실대:6963036771,북문,551.6,2825714913,37.4979268,126.9555384,367389875
숭실대,800m층화임의점_OSM스냅,숭실대 표본노드 2825731303,22,37.500111737008226,126.95257624977428,37.50029850000001,126.9529995,2825731303,42.8,OptionA_random_to_OSM,숭실대:2825731303,북문,633.4,2825714913,37.4979268,126.9555384,367389875
숭실대,800m층화임의점_OSM스냅,숭실대 표본노드 2825701322,23,37.50141125170214,126.9533529883633,37.50166480000001,126.9531303,2825701322,34.3,OptionA_random_to_OSM,숭실대:2825701322,북문,783.6,2825714913,37.4979268,126.9555384,367389875
숭실대,800m층화임의점_OSM스냅,숭실대 표본노드 13324709490,24,37.49040955652729,126.9544415843086,37.4903582,126.95442449999999,13324709490,5.9,OptionA_random_to_OSM,숭실대:13324709490,중문,744.3,13149390530,37.49543981257457,126.95670420300216,1381930941
숭실대,800m층화임의점_OSM스냅,숭실대 표본노드 13324709401,25,37.49126949948881,126.95459298915503,37.491648700000006,126.9541699,13324709401,56.3,OptionA_random_to_OSM,숭실대:13324709401,정문,513.8,11413637697,37.49574539051763,126.95467427206805,1382626815
숭실대,800m층화임의점_OSM스냅,숭실대 표본노드 2825723404,26,37.49274938785047,126.95412853515349,37.4931561,126.95461530000001,2825723404,62.4,OptionA_random_to_OSM,숭실대:2825723404,정문,333.7,11413637697,37.49574539051763,126.95467427206805,1382626815
숭실대,800m층화임의점_OSM스냅,숭실대 표본노드 2825726591,27,37.49351382137566,126.9548358582867,37.493781399999996,126.95500919999999,2825726591,33.4,OptionA_random_to_OSM,숭실대:2825726591,정문,280.4,11413637697,37.49574539051763,126.95467427206805,1382626815
숭실대,800m층화임의점_OSM스냅,숭실대 표본노드 13149390528,28,37.495666316546426,126.95441499088003,37.4957714,126.95434550000002,13149390528,13.2,OptionA_random_to_OSM,숭실대:13149390528,정문,2.9,11413637697,37.49574539051763,126.95467427206805,1382626815
숭실대,800m층화임의점_OSM스냅,숭실대 표본노드 2825711413,29,37.49714557281972,126.95477679019643,37.49714490000001,126.9545095,2825711413,23.6,OptionA_random_to_OSM,숭실대:2825711413,북문,143.1,2825714913,37.4979268,126.9555384,367389875
숭실대,800m층화임의점_OSM스냅,숭실대 표본노드 3713157340,30,37.498486366322005,126.95511503224972,37.4979788,126.9555146,3713157340,66.5,OptionA_random_to_OSM,숭실대:3713157340,북문,0.6,2825714913,37.4979268,126.9555384,367389875
숭실대,800m층화임의점_OSM스냅,숭실대 표본노드 2824550315,31,37.499511934777175,126.9540747955189,37.4995806,126.95361950000002,2824550315,41.0,OptionA_random_to_OSM,숭실대:2824550315,북문,504.6,2825714913,37.4979268,126.9555384,367389875
숭실대,800m층화임의점_OSM스냅,숭실대 표본노드 4621466918,32,37.50045217468425,126.95468614214354,37.5004244,126.9537611,4621466918,81.9,OptionA_random_to_OSM,숭실대:4621466918,북문,600.1,2825714913,37.4979268,126.9555384,367389875
숭실대,800m층화임의점_OSM스냅,숭실대 표본노드 4621475837,33,37.50205321950421,126.9543659373159,37.5016963,126.9535939,4621475837,78.9,OptionA_random_to_OSM,숭실대:4621475837,북문,742.6,2825714913,37.4979268,126.9555384,367389875
숭실대,800m층화임의점_OSM스냅,숭실대 표본노드 2162056432,34,37.488925026701736,126.95682002645749,37.4888032,126.95676320000001,2162056432,14.4,OptionA_random_to_OSM,숭실대:2162056432,중문,872.4,13149390530,37.49543981257457,126.95670420300216,1381930941
숭실대,800m층화임의점_OSM스냅,숭실대 표본노드 2477234585,35,37.4903281906121,126.95597857267985,37.49010400000001,126.95621610000002,2477234585,32.6,OptionA_random_to_OSM,숭실대:2477234585,중문,820.2,13149390530,37.49543981257457,126.95670420300216,1381930941
숭실대,800m층화임의점_OSM스냅,숭실대 표본노드 2825728925,36,37.491481283725186,126.95673060717083,37.490980300000004,126.9571318,2825728925,66.0,OptionA_random_to_OSM,숭실대:2825728925,중문,645.0,13149390530,37.49543981257457,126.95670420300216,1381930941
숭실대,800m층화임의점_OSM스냅,숭실대 표본노드 436821653,37,37.49287232359017,126.95671719858217,37.4928023,126.9565564,436821653,16.2,OptionA_random_to_OSM,숭실대:436821653,중문,343.9,13149390530,37.49543981257457,126.95670420300216,1381930941
숭실대,800m층화임의점_OSM스냅,숭실대 표본노드 2825727124,38,37.49357014901405,126.95700613947234,37.49332619999999,126.9560715,2825727124,87.0,OptionA_random_to_OSM,숭실대:2825727124,정문,338.7,11413637697,37.49574539051763,126.95467427206805,1382626815
숭실대,800m층화임의점_OSM스냅,숭실대 표본노드 4666594482,39,37.495419861417744,126.95589981620108,37.49547319999999,126.95559330000002,4666594482,27.7,OptionA_random_to_OSM,숭실대:4666594482,중문,103.6,13149390530,37.49543981257457,126.95670420300216,1381930941
숭실대,800m층화임의점_OSM스냅,숭실대 표본노드 4654271182,40,37.497989608866206,126.95638027388014,37.4982748,126.95686699999999,4654271182,53.4,OptionA_random_to_OSM,숭실대:4654271182,북문,123.2,2825714913,37.4979268,126.9555384,367389875
숭실대,800m층화임의점_OSM스냅,숭실대 표본노드 8537501421,45,37.488748287060865,126.95800132071894,37.488844300000004,126.95777300000002,8537501421,22.8,OptionA_random_to_OSM,숭실대:8537501421,중문,817.0,13149390530,37.49543981257457,126.95670420300216,1381930941
숭실대,800m층화임의점_OSM스냅,숭실대 표본노드 10792799832,46,37.489310852063014,126.95769466302696,37.4892338,126.9575053,10792799832,18.8,OptionA_random_to_OSM,숭실대:10792799832,중문,767.6,13149390530,37.49543981257457,126.95670420300216,1381930941
숭실대,800m층화임의점_OSM스냅,숭실대 표본노드 2825728935,47,37.4909344813587,126.95734477863549,37.4908557,126.9572442,2825728935,12.5,OptionA_random_to_OSM,숭실대:2825728935,중문,662.1,13149390530,37.49543981257457,126.95670420300216,1381930941
숭실대,800m층화임의점_OSM스냅,숭실대 표본노드 4620932585,49,37.4940139847751,126.95760714750628,37.494452,126.9582104,4620932585,72.2,OptionA_random_to_OSM,숭실대:4620932585,남문,232.0,13149390531,37.495104710710656,126.95892993894203,1381098993
숭실대,800m층화임의점_OSM스냅,숭실대 표본노드 2890319302,50,37.49500558581893,126.95849585526733,37.4949881,126.95892520000001,2890319302,38.0,OptionA_random_to_OSM,숭실대:2890319302,남문,9.3,13149390531,37.495104710710656,126.95892993894203,1381098993
숭실대,800m층화임의점_OSM스냅,숭실대 표본노드 4686503139,51,37.49760597494831,126.95819702200264,37.4975288,126.95804750000002,4686503139,15.8,OptionA_random_to_OSM,숭실대:4686503139,후문,0.0,4686503139,37.49748344071796,126.9580171402232,1381930919
숭실대,800m층화임의점_OSM스냅,숭실대 표본노드 8761605888,52,37.49939974962887,126.95727447921142,37.4988191,126.95780390000002,8761605888,79.7,OptionA_random_to_OSM,숭실대:8761605888,후문,480.6,4686503139,37.49748344071796,126.9580171402232,1381930919
숭실대,800m층화임의점_OSM스냅,숭실대 표본노드 2824759229,57,37.489832108343705,126.95899816289342,37.4899492,126.9589506,2824759229,13.7,OptionA_random_to_OSM,숭실대:2824759229,남문,807.7,13149390531,37.495104710710656,126.95892993894203,1381098993
숭실대,800m층화임의점_OSM스냅,숭실대 표본노드 2824759097,58,37.49163273591699,126.95961539817084,37.4918046,126.95961060000002,2824759097,19.1,OptionA_random_to_OSM,숭실대:2824759097,남문,545.0,13149390531,37.495104710710656,126.95892993894203,1381098993
숭실대,800m층화임의점_OSM스냅,숭실대 표본노드 8482687939,59,37.493167925855204,126.9594457344866,37.49291329999999,126.9593489,8482687939,29.5,OptionA_random_to_OSM,숭실대:8482687939,남문,490.7,13149390531,37.495104710710656,126.95892993894203,1381098993
숭실대,800m층화임의점_OSM스냅,숭실대 표본노드 13322228150,61,37.49488023309288,126.95931806304087,37.4948503,126.9595316,13322228150,19.2,OptionA_random_to_OSM,숭실대:13322228150,남문,72.2,13149390531,37.495104710710656,126.95892993894203,1381098993
숭실대,800m층화임의점_OSM스냅,숭실대 표본노드 2825711424,63,37.497346905374215,126.95949199648527,37.49740760000001,126.95910969999998,2825711424,34.5,OptionA_random_to_OSM,숭실대:2825711424,후문,97.0,4686503139,37.49748344071796,126.9580171402232,1381930919
숭실대,800m층화임의점_OSM스냅,숭실대 표본노드 8857857355,64,37.4990159020304,126.95912562276908,37.4989553,126.9592229,8857857355,10.9,OptionA_random_to_OSM,숭실대:8857857355,후문,341.5,4686503139,37.49748344071796,126.9580171402232,1381930919
숭실대,800m층화임의점_OSM스냅,숭실대 표본노드 2824759222,65,37.5001373697957,126.96020872979847,37.49960899999999,126.9604845,2824759222,63.5,OptionA_random_to_OSM,숭실대:2824759222,후문,384.7,4686503139,37.49748344071796,126.9580171402232,1381930919
숭실대,800m층화임의점_OSM스냅,숭실대 표본노드 2824759203,66,37.50175686994194,126.96018846271859,37.5009689,126.9602943,2824759203,88.0,OptionA_random_to_OSM,숭실대:2824759203,후문,530.6,4686503139,37.49748344071796,126.9580171402232,1381930919
숭실대,800m층화임의점_OSM스냅,숭실대 표본노드 4619539867,68,37.489992894975764,126.96102033161068,37.4895607,126.9614413,4619539867,60.7,OptionA_random_to_OSM,숭실대:4619539867,남문,921.9,13149390531,37.495104710710656,126.95892993894203,1381098993
숭실대,800m층화임의점_OSM스냅,숭실대 표본노드 13322228135,71,37.49364250816894,126.96061195722842,37.493906100000004,126.96018970000002,13322228135,47.4,OptionA_random_to_OSM,숭실대:13322228135,남문,294.6,13149390531,37.495104710710656,126.95892993894203,1381098993
숭실대,800m층화임의점_OSM스냅,숭실대 표본노드 12785639994,72,37.49538848605884,126.9617538609377,37.49525030000001,126.9611947,12785639994,51.8,OptionA_random_to_OSM,숭실대:12785639994,남문,242.3,13149390531,37.495104710710656,126.95892993894203,1381098993
숭실대,800m층화임의점_OSM스냅,숭실대 표본노드 8761605856,73,37.49641343152689,126.96194358231693,37.49675220000001,126.96219630000002,8761605856,43.7,OptionA_random_to_OSM,숭실대:8761605856,후문,749.0,4686503139,37.49748344071796,126.9580171402232,1381930919
숭실대,800m층화임의점_OSM스냅,숭실대 표본노드 8761605867,74,37.497398865615594,126.96048478327576,37.49791140000001,126.96099580000002,8761605867,72.6,OptionA_random_to_OSM,숭실대:8761605867,후문,558.9,4686503139,37.49748344071796,126.9580171402232,1381930919
숭실대,800m층화임의점_OSM스냅,숭실대 표본노드 2824759300,75,37.498802182453986,126.96057521517994,37.49917399999999,126.9600069,2824759300,65.0,OptionA_random_to_OSM,숭실대:2824759300,후문,320.1,4686503139,37.49748344071796,126.9580171402232,1381930919
숭실대,800m층화임의점_OSM스냅,숭실대 표본노드 4697324250,76,37.500996867443384,126.96159580849864,37.501429900000005,126.96275550000001,4697324250,113.2,OptionA_random_to_OSM,숭실대:4697324250,후문,900.4,4686503139,37.49748344071796,126.9580171402232,1381930919
숭실대,800m층화임의점_OSM스냅,숭실대 표본노드 5406793565,78,37.49041399399647,126.96261184703663,37.4899623,126.9624265,5406793565,52.7,OptionA_random_to_OSM,숭실대:5406793565,남문,819.7,13149390531,37.495104710710656,126.95892993894203,1381098993
숭실대,800m층화임의점_OSM스냅,숭실대 표본노드 2826156923,79,37.49103939429555,126.96254841006984,37.49070640000001,126.9620848,2826156923,55.2,OptionA_random_to_OSM,숭실대:2826156923,남문,907.8,13149390531,37.495104710710656,126.95892993894203,1381098993
숭실대,800m층화임의점_OSM스냅,숭실대 표본노드 8482827916,80,37.49192941166315,126.96361676103731,37.4917325,126.96382000000001,8482827916,28.3,OptionA_random_to_OSM,숭실대:8482827916,남문,655.7,13149390531,37.495104710710656,126.95892993894203,1381098993
숭실대,800m층화임의점_OSM스냅,숭실대 표본노드 5406793616,81,37.49396491873192,126.96335889219164,37.4945479,126.9630446,5406793616,70.4,OptionA_random_to_OSM,숭실대:5406793616,남문,504.9,13149390531,37.495104710710656,126.95892993894203,1381098993
숭실대,800m층화임의점_OSM스냅,숭실대 표본노드 5406793597,82,37.495635860830994,126.96332458159733,37.49544,126.9624212,5406793597,82.8,OptionA_random_to_OSM,숭실대:5406793597,남문,615.8,13149390531,37.495104710710656,126.95892993894203,1381098993
숭실대,800m층화임의점_OSM스냅,숭실대 표본노드 5406793613,84,37.49764082465723,126.96366244160812,37.497721199999994,126.9622136,5406793613,128.4,OptionA_random_to_OSM,숭실대:5406793613,후문,683.6,4686503139,37.49748344071796,126.9580171402232,1381930919
숭실대,800m층화임의점_OSM스냅,숭실대 표본노드 4697324249,86,37.50074880659677,126.96313898857731,37.5010158,126.96320379999999,4697324249,30.2,OptionA_random_to_OSM,숭실대:4697324249,후문,843.9,4686503139,37.49748344071796,126.9580171402232,1381930919
숭실대,800m층화임의점_OSM스냅,숭실대 표본노드 4697324237,87,37.50171161579591,126.96235615208369,37.5017243,126.96266169999998,4697324237,27.1,OptionA_random_to_OSM,숭실대:4697324237,후문,969.8,4686503139,37.49748344071796,126.9580171402232,1381930919
숭실대,800m층화임의점_OSM스냅,숭실대 표본노드 8482789908,89,37.49311037001516,126.96400611778417,37.4924411,126.96326440000001,8482789908,99.1,OptionA_random_to_OSM,숭실대:8482789908,남문,538.9,13149390531,37.495104710710656,126.95892993894203,1381098993
숭실대,800m층화임의점_OSM스냅,숭실대 표본노드 1667060931,93,37.49773281614172,126.964233055255,37.4983483,126.96505580000002,1667060931,99.8,OptionA_random_to_OSM,숭실대:1667060931,남문,1044.4,13149390531,37.495104710710656,126.95892993894203,1381098993
숭실대,800m층화임의점_OSM스냅,숭실대 표본노드 4697324255,95,37.500425352030966,126.9642293597777,37.50088050000001,126.96393790000002,4697324255,56.7,OptionA_random_to_OSM,숭실대:4697324255,후문,734.2,4686503139,37.49748344071796,126.9580171402232,1381930919
숭실대,800m층화임의점_OSM스냅,숭실대 표본노드 5406793629,96,37.49288274689704,126.96563174123126,37.4932563,126.96546000000001,5406793629,44.2,OptionA_random_to_OSM,숭실대:5406793629,남문,774.8,13149390531,37.495104710710656,126.95892993894203,1381098993
숭실대,800m층화임의점_OSM스냅,숭실대 표본노드 6428306251,98,37.49533855422126,126.96607763039145,37.495182500000006,126.96640350000001,6428306251,33.6,OptionA_random_to_OSM,숭실대:6428306251,남문,1534.3,13149390531,37.495104710710656,126.95892993894203,1381098993
숭실대,800m층화임의점_OSM스냅,숭실대 표본노드 1667060481,99,37.49625720862102,126.96555277733836,37.4967006,126.96612760000001,1667060481,70.7,OptionA_random_to_OSM,숭실대:1667060481,남문,1313.0,13149390531,37.495104710710656,126.95892993894203,1381098993
숭실대,800m층화임의점_OSM스냅,숭실대 표본노드 2943859173,100,37.49786540531691,126.96562170580854,37.4982993,126.96515030000002,2943859173,63.7,OptionA_random_to_OSM,숭실대:2943859173,남문,1034.5,13149390531,37.495104710710656,126.95892993894203,1381098993
숭실대,800m층화임의점_OSM스냅,숭실대 표본노드 1667060965,101,37.49906856142878,126.96551908157467,37.498422700000006,126.9660334,1667060965,84.9,OptionA_random_to_OSM,숭실대:1667060965,남문,1118.0,13149390531,37.495104710710656,126.95892993894203,1381098993
중앙대,800m층화임의점_OSM스냅,중앙대 표본노드 4621496741,0,37.50509717564761,126.94814227458477,37.5045737,126.94871410000002,4621496741,77.0,OptionA_random_to_OSM,중앙대:4621496741,후문,507.2,436883219,37.50495669408849,126.9539088155204,285364024
중앙대,800m층화임의점_OSM스냅,중앙대 표본노드 4626863240,2,37.501091311290374,126.95023917127457,37.501047799999995,126.95025270000001,4626863240,5.0,OptionA_random_to_OSM,중앙대:4626863240,후문,682.8,436883219,37.50495669408849,126.9539088155204,285364024
중앙대,800m층화임의점_OSM스냅,중앙대 표본노드 11871139989,4,37.503837865575,126.94989562289167,37.5039799,126.9496431,11871139989,27.3,OptionA_random_to_OSM,중앙대:11871139989,후문,444.4,436883219,37.50495669408849,126.9539088155204,285364024
중앙대,800m층화임의점_OSM스냅,중앙대 표본노드 1831853297,5,37.504658991416115,126.94955238360632,37.5047944,126.94971130000002,1831853297,20.6,OptionA_random_to_OSM,중앙대:1831853297,후문,468.2,436883219,37.50495669408849,126.9539088155204,285364024
중앙대,800m층화임의점_OSM스냅,중앙대 표본노드 14136808395,6,37.50550873746125,126.94984749827533,37.5052848,126.94973569999999,14136808395,26.7,OptionA_random_to_OSM,중앙대:14136808395,후문,593.5,436883219,37.50495669408849,126.9539088155204,285364024
중앙대,800m층화임의점_OSM스냅,중앙대 표본노드 13363593899,7,37.50795105268981,126.9498846787728,37.507587300000004,126.9501654,13363593899,47.4,OptionA_random_to_OSM,중앙대:13363593899,후문,687.5,436883219,37.50495669408849,126.9539088155204,285364024
중앙대,800m층화임의점_OSM스냅,중앙대 표본노드 2825706570,9,37.499921921230715,126.95100861260634,37.49969870000001,126.9514313,2825706570,44.8,OptionA_random_to_OSM,중앙대:2825706570,후문,754.2,436883219,37.50495669408849,126.9539088155204,285364024
중앙대,800m층화임의점_OSM스냅,중앙대 표본노드 2825730230,10,37.50005823532847,126.95179095432489,37.5000179,126.9517475,2825730230,5.9,OptionA_random_to_OSM,중앙대:2825730230,후문,709.0,436883219,37.50495669408849,126.9539088155204,285364024
중앙대,800m층화임의점_OSM스냅,중앙대 표본노드 8483442364,11,37.502226548249965,126.9510004408502,37.5023674,126.95110679999999,8483442364,18.2,OptionA_random_to_OSM,중앙대:8483442364,후문,479.0,436883219,37.50495669408849,126.9539088155204,285364024
중앙대,800m층화임의점_OSM스냅,중앙대 표본노드 8483442362,12,37.503010828748735,126.95089572639782,37.5029745,126.95076990000001,8483442362,11.8,OptionA_random_to_OSM,중앙대:8483442362,후문,472.5,436883219,37.50495669408849,126.9539088155204,285364024
중앙대,800m층화임의점_OSM스냅,중앙대 표본노드 4621486060,13,37.50490632005437,126.95191700674343,37.504885,126.9519886,4621486060,6.8,OptionA_random_to_OSM,중앙대:4621486060,후문,155.7,436883219,37.50495669408849,126.9539088155204,285364024
중앙대,800m층화임의점_OSM스냅,중앙대 표본노드 4621488501,14,37.505484207547,126.95156608506821,37.50542430000001,126.9514481,4621488501,12.4,OptionA_random_to_OSM,중앙대:4621488501,후문,301.4,436883219,37.50495669408849,126.9539088155204,285364024
중앙대,800m층화임의점_OSM스냅,중앙대 표본노드 13363604110,16,37.50813953724197,126.95069410881908,37.508104599999996,126.95044289999998,13363604110,22.5,OptionA_random_to_OSM,중앙대:13363604110,후문,624.9,436883219,37.50495669408849,126.9539088155204,285364024
중앙대,800m층화임의점_OSM스냅,중앙대 표본노드 12056780871,17,37.509910381953745,126.9506584903044,37.509962699999996,126.95102799999998,12056780871,33.2,OptionA_random_to_OSM,중앙대:12056780871,후문,770.6,436883219,37.50495669408849,126.9539088155204,285364024
중앙대,800m층화임의점_OSM스냅,중앙대 표본노드 2825731308,19,37.50004446974844,126.95222483772915,37.5003893,126.9520757,2825731308,40.5,OptionA_random_to_OSM,중앙대:2825731308,후문,658.6,436883219,37.50495669408849,126.9539088155204,285364024
중앙대,800m층화임의점_OSM스냅,중앙대 표본노드 2824550321,20,37.50250370085917,126.95346554465056,37.502616399999994,126.95368730000001,2824550321,23.3,OptionA_random_to_OSM,중앙대:2824550321,후문,330.4,436883219,37.50495669408849,126.9539088155204,285364024
중앙대,800m층화임의점_OSM스냅,중앙대 표본노드 2825701309,21,37.50313304607021,126.95332949826728,37.5033661,126.953515,2825701309,30.6,OptionA_random_to_OSM,중앙대:2825701309,후문,233.9,436883219,37.50495669408849,126.9539088155204,285364024
중앙대,800m층화임의점_OSM스냅,중앙대 표본노드 4621486051,22,37.50421373814252,126.95302196053638,37.50434570000001,126.95320780000002,4621486051,22.0,OptionA_random_to_OSM,중앙대:4621486051,후문,115.5,436883219,37.50495669408849,126.9539088155204,285364024
중앙대,800m층화임의점_OSM스냅,중앙대 표본노드 2824550328,23,37.50584581882026,126.95351131152137,37.5050021,126.9536058,2824550328,94.0,OptionA_random_to_OSM,중앙대:2824550328,후문,12.4,436883219,37.50495669408849,126.9539088155204,285364024
중앙대,800m층화임의점_OSM스냅,중앙대 표본노드 4621493642,24,37.50753861898862,126.95330338845852,37.507355499999996,126.95325050000001,4621493642,20.9,OptionA_random_to_OSM,중앙대:4621493642,후문,539.9,436883219,37.50495669408849,126.9539088155204,285364024
중앙대,800m층화임의점_OSM스냅,중앙대 표본노드 4621493615,25,37.50854430350826,126.95304882822921,37.5084671,126.95300990000001,4621493615,9.2,OptionA_random_to_OSM,중앙대:4621493615,후문,618.5,436883219,37.50495669408849,126.9539088155204,285364024
중앙대,800m층화임의점_OSM스냅,중앙대 표본노드 2829530350,26,37.51045257025967,126.952881103061,37.51061880000001,126.9532809,2829530350,39.9,OptionA_random_to_OSM,중앙대:2829530350,정문,777.5,2890319153,37.50679658997202,126.95850503509976,285364022
중앙대,800m층화임의점_OSM스냅,중앙대 표본노드 2824550315,29,37.49968292590065,126.95430474723915,37.4995806,126.95361950000002,2824550315,61.6,OptionA_random_to_OSM,중앙대:2824550315,후문,675.9,436883219,37.50495669408849,126.9539088155204,285364024
중앙대,800m층화임의점_OSM스냅,중앙대 표본노드 2825731322,30,37.500952513050535,126.95397737963174,37.50115780000001,126.95363180000001,2825731322,38.1,OptionA_random_to_OSM,중앙대:2825731322,후문,497.9,436883219,37.50495669408849,126.9539088155204,285364024
중앙대,800m층화임의점_OSM스냅,중앙대 표본노드 4621475837,31,37.50192339055656,126.95412602033156,37.5016963,126.9535939,4621475837,53.4,OptionA_random_to_OSM,중앙대:4621475837,후문,437.9,436883219,37.50495669408849,126.9539088155204,285364024
중앙대,800m층화임의점_OSM스냅,중앙대 표본노드 8761605951,32,37.50344382582734,126.95517886569786,37.50358140000001,126.95453909999999,8761605951,58.6,OptionA_random_to_OSM,중앙대:8761605951,후문,205.3,436883219,37.50495669408849,126.9539088155204,285364024
중앙대,800m층화임의점_OSM스냅,중앙대 표본노드 2829147711,33,37.50405546069594,126.95420923242618,37.50405249999999,126.9538375,2829147711,32.9,OptionA_random_to_OSM,중앙대:2829147711,후문,123.0,436883219,37.50495669408849,126.9539088155204,285364024
중앙대,800m층화임의점_OSM스냅,중앙대 표본노드 4613243829,34,37.505548471513606,126.95497943628814,37.505637300000004,126.95477819999999,4613243829,20.3,OptionA_random_to_OSM,중앙대:4613243829,중문,253.2,4613243825,37.50597462483531,126.9569929603533,466546144
중앙대,800m층화임의점_OSM스냅,중앙대 표본노드 4621493631,35,37.50763984619494,126.95495802251278,37.50764960000001,126.9553205,4621493631,32.1,OptionA_random_to_OSM,중앙대:4621493631,후문,471.5,436883219,37.50495669408849,126.9539088155204,285364024
중앙대,800m층화임의점_OSM스냅,중앙대 표본노드 2829530337,36,37.509053798293984,126.95503685799044,37.5092846,126.9548396,2829530337,31.0,OptionA_random_to_OSM,중앙대:2829530337,정문,497.9,2890319153,37.50679658997202,126.95850503509976,285364022
중앙대,800m층화임의점_OSM스냅,중앙대 표본노드 4613270035,37,37.51015910127351,126.95505279954432,37.5102581,126.95530120000001,4613270035,24.6,OptionA_random_to_OSM,중앙대:4613270035,정문,494.2,2890319153,37.50679658997202,126.95850503509976,285364022
중앙대,800m층화임의점_OSM스냅,중앙대 표본노드 4613267682,38,37.51116868511479,126.95398164229465,37.51144610000001,126.95415680000002,4613267682,34.5,OptionA_random_to_OSM,중앙대:4613267682,정문,708.7,2890319153,37.50679658997202,126.95850503509976,285364022
중앙대,800m층화임의점_OSM스냅,중앙대 표본노드 4654271182,39,37.498042779203054,126.95642780802987,37.4982748,126.95686699999999,4654271182,46.6,OptionA_random_to_OSM,중앙대:4654271182,후문,1303.7,436883219,37.50495669408849,126.9539088155204,285364024
중앙대,800m층화임의점_OSM스냅,중앙대 표본노드 4613243688,43,37.50614841235863,126.95568956188283,37.5062686,126.95515770000002,4613243688,48.9,OptionA_random_to_OSM,중앙대:4613243688,후문,208.6,436883219,37.50495669408849,126.9539088155204,285364024
중앙대,800m층화임의점_OSM스냅,중앙대 표본노드 4621493630,44,37.506939614888616,126.95539185689417,37.5072532,126.9553742,4621493630,34.8,OptionA_random_to_OSM,중앙대:4621493630,후문,426.4,436883219,37.50495669408849,126.9539088155204,285364024
중앙대,800m층화임의점_OSM스냅,중앙대 표본노드 11179633109,45,37.50939196225136,126.95606069276927,37.509308000000004,126.95607729999999,11179633109,9.4,OptionA_random_to_OSM,중앙대:11179633109,정문,357.2,2890319153,37.50679658997202,126.95850503509976,285364022
중앙대,800m층화임의점_OSM스냅,중앙대 표본노드 2829530608,46,37.50943855850051,126.95666797832976,37.509072700000004,126.9563434,2829530608,49.7,OptionA_random_to_OSM,중앙대:2829530608,정문,321.7,2890319153,37.50679658997202,126.95850503509976,285364022
중앙대,800m층화임의점_OSM스냅,중앙대 표본노드 8761605888,50,37.49866698250408,126.95819866038289,37.4988191,126.95780390000002,8761605888,38.8,OptionA_random_to_OSM,중앙대:8761605888,후문,901.6,436883219,37.50495669408849,126.9539088155204,285364024
중앙대,800m층화임의점_OSM스냅,중앙대 표본노드 2829530627,54,37.50670469051234,126.95726771935007,37.506534,126.9571048,2829530627,23.8,OptionA_random_to_OSM,중앙대:2829530627,중문,54.4,4613243825,37.50597462483531,126.9569929603533,466546144
중앙대,800m층화임의점_OSM스냅,중앙대 표본노드 2829530668,55,37.50782806796766,126.95809774699232,37.5078353,126.95888820000002,2829530668,69.9,OptionA_random_to_OSM,중앙대:2829530668,정문,157.0,2890319153,37.50679658997202,126.95850503509976,285364022
중앙대,800m층화임의점_OSM스냅,중앙대 표본노드 4613243680,56,37.5089150652112,126.95759630369277,37.50860469999999,126.9571096,4613243680,55.1,OptionA_random_to_OSM,중앙대:4613243680,정문,233.4,2890319153,37.50679658997202,126.95850503509976,285364022
중앙대,800m층화임의점_OSM스냅,중앙대 표본노드 4613243675,57,37.51006542931058,126.95801298935942,37.50960489999999,126.9580855,4613243675,51.5,OptionA_random_to_OSM,중앙대:4613243675,정문,476.4,2890319153,37.50679658997202,126.95850503509976,285364022
중앙대,800m층화임의점_OSM스냅,중앙대 표본노드 4613249965,58,37.511144252503804,126.95767157574419,37.5113379,126.95727440000002,4613249965,41.2,OptionA_random_to_OSM,중앙대:4613249965,정문,700.7,2890319153,37.50679658997202,126.95850503509976,285364022
중앙대,800m층화임의점_OSM스냅,중앙대 표본노드 2824759242,60,37.498356582320014,126.95907606868884,37.498183399999995,126.95933110000001,2824759242,29.6,OptionA_random_to_OSM,중앙대:2824759242,후문,1189.8,436883219,37.50495669408849,126.9539088155204,285364024
중앙대,800m층화임의점_OSM스냅,중앙대 표본노드 8857857355,61,37.49941392785071,126.95875339981514,37.4989553,126.9592229,8857857355,65.7,OptionA_random_to_OSM,중앙대:8857857355,후문,1040.8,436883219,37.50495669408849,126.9539088155204,285364024
중앙대,800m층화임의점_OSM스냅,중앙대 표본노드 10232790207,66,37.50622712947302,126.959734809806,37.506292300000005,126.95976519999999,10232790207,7.7,OptionA_random_to_OSM,중앙대:10232790207,정문,270.6,2890319153,37.50679658997202,126.95850503509976,285364022
중앙대,800m층화임의점_OSM스냅,중앙대 표본노드 4613243821,67,37.507048194760046,126.96014984603042,37.5067933,126.96010000000001,4613243821,28.6,OptionA_random_to_OSM,중앙대:4613243821,정문,207.4,2890319153,37.50679658997202,126.95850503509976,285364022
중앙대,800m층화임의점_OSM스냅,중앙대 표본노드 4613243677,68,37.50865854883632,126.95999113170635,37.50854,126.95960980000001,4613243677,36.2,OptionA_random_to_OSM,중앙대:4613243677,정문,259.4,2890319153,37.50679658997202,126.95850503509976,285364022
중앙대,800m층화임의점_OSM스냅,중앙대 표본노드 2829530641,69,37.51030212559032,126.95896365616231,37.5101738,126.95894499999999,2829530641,14.3,OptionA_random_to_OSM,중앙대:2829530641,정문,504.2,2890319153,37.50679658997202,126.95850503509976,285364022
중앙대,800m층화임의점_OSM스냅,중앙대 표본노드 10579158603,70,37.51158357905772,126.95920733364228,37.5116335,126.9596109,10579158603,36.1,OptionA_random_to_OSM,중앙대:10579158603,정문,960.7,2890319153,37.50679658997202,126.95850503509976,285364022
중앙대,800m층화임의점_OSM스냅,중앙대 표본노드 2824759222,71,37.49967254082542,126.96138046488204,37.49960899999999,126.9604845,2824759222,79.5,OptionA_random_to_OSM,중앙대:2824759222,후문,1189.1,436883219,37.50495669408849,126.9539088155204,285364024
중앙대,800m층화임의점_OSM스냅,중앙대 표본노드 2824759203,72,37.50096041486275,126.96046220493666,37.5009689,126.9602943,2824759203,14.9,OptionA_random_to_OSM,중앙대:2824759203,정문,1077.2,2890319153,37.50679658997202,126.95850503509976,285364022
중앙대,800m층화임의점_OSM스냅,중앙대 표본노드 13816446695,74,37.50325851752362,126.96070521866393,37.502857500000005,126.9606931,13816446695,44.5,OptionA_random_to_OSM,중앙대:13816446695,정문,855.1,2890319153,37.50679658997202,126.95850503509976,285364022
중앙대,800m층화임의점_OSM스냅,중앙대 표본노드 12864823352,75,37.50429542547825,126.96095394297629,37.50373019999999,126.96088709999998,12864823352,63.0,OptionA_random_to_OSM,중앙대:12864823352,정문,754.6,2890319153,37.50679658997202,126.95850503509976,285364022
중앙대,800m층화임의점_OSM스냅,중앙대 표본노드 10107993115,76,37.50549688293641,126.96174534026451,37.50681060000001,126.9616628,10107993115,146.0,OptionA_random_to_OSM,중앙대:10107993115,정문,393.9,2890319153,37.50679658997202,126.95850503509976,285364022
중앙대,800m층화임의점_OSM스냅,중앙대 표본노드 4613243679,77,37.50715489988497,126.9607377906115,37.5076214,126.9605607,4613243679,54.1,OptionA_random_to_OSM,중앙대:4613243679,정문,203.4,2890319153,37.50679658997202,126.95850503509976,285364022
중앙대,800m층화임의점_OSM스냅,중앙대 표본노드 436883256,78,37.50842619490806,126.9609471645388,37.50823160000001,126.9612307,436883256,33.1,OptionA_random_to_OSM,중앙대:436883256,정문,297.6,2890319153,37.50679658997202,126.95850503509976,285364022
중앙대,800m층화임의점_OSM스냅,중앙대 표본노드 10232790156,79,37.509706123619395,126.96054384579931,37.509382499999994,126.96067480000002,10232790156,37.7,OptionA_random_to_OSM,중앙대:10232790156,정문,444.9,2890319153,37.50679658997202,126.95850503509976,285364022
중앙대,800m층화임의점_OSM스냅,중앙대 표본노드 4613243640,80,37.51135753817462,126.96121170342195,37.5115603,126.96100489999999,4613243640,29.0,OptionA_random_to_OSM,중앙대:4613243640,정문,679.0,2890319153,37.50679658997202,126.95850503509976,285364022
중앙대,800m층화임의점_OSM스냅,중앙대 표본노드 4697324255,82,37.5005891070814,126.9635521827942,37.50088050000001,126.96393790000002,4697324255,47.0,OptionA_random_to_OSM,중앙대:4697324255,정문,1455.0,2890319153,37.50679658997202,126.95850503509976,285364022
중앙대,800m층화임의점_OSM스냅,중앙대 표본노드 4697324237,83,37.50215620541297,126.96270296096398,37.5017243,126.96266169999998,4697324237,48.1,OptionA_random_to_OSM,중앙대:4697324237,정문,1491.6,2890319153,37.50679658997202,126.95850503509976,285364022
중앙대,800m층화임의점_OSM스냅,중앙대 표본노드 12864823363,85,37.504687474582454,126.96238746512637,37.5039299,126.9619801,12864823363,91.5,OptionA_random_to_OSM,중앙대:12864823363,정문,918.7,2890319153,37.50679658997202,126.95850503509976,285364022
중앙대,800m층화임의점_OSM스냅,중앙대 표본노드 4611246549,87,37.506745281845305,126.962871488442,37.5068528,126.96299830000001,4611246549,16.4,OptionA_random_to_OSM,중앙대:4611246549,정문,479.6,2890319153,37.50679658997202,126.95850503509976,285364022
중앙대,800m층화임의점_OSM스냅,중앙대 표본노드 4612938745,88,37.50889042400943,126.96245225255076,37.508747199999995,126.96189200000002,4612938745,52.0,OptionA_random_to_OSM,중앙대:4612938745,정문,406.6,2890319153,37.50679658997202,126.95850503509976,285364022
중앙대,800m층화임의점_OSM스냅,중앙대 표본노드 6964092884,89,37.50953021778734,126.96307498057848,37.50950240000001,126.96307689999999,6964092884,3.1,OptionA_random_to_OSM,중앙대:6964092884,정문,539.1,2890319153,37.50679658997202,126.95850503509976,285364022
중앙대,800m층화임의점_OSM스냅,중앙대 표본노드 4611250951,90,37.50124181911871,126.96471814425507,37.50121720000001,126.964266,4611250951,40.1,OptionA_random_to_OSM,중앙대:4611250951,정문,1406.8,2890319153,37.50679658997202,126.95850503509976,285364022
중앙대,800m층화임의점_OSM스냅,중앙대 표본노드 4611263521,91,37.50164707345909,126.96425468709825,37.5018422,126.96430060000002,4611263521,22.0,OptionA_random_to_OSM,중앙대:4611263521,정문,1337.0,2890319153,37.50679658997202,126.95850503509976,285364022
중앙대,800m층화임의점_OSM스냅,중앙대 표본노드 4611303880,92,37.50387633026875,126.9642336637806,37.50318089999999,126.96439819999999,4611303880,78.5,OptionA_random_to_OSM,중앙대:4611303880,정문,1187.9,2890319153,37.50679658997202,126.95850503509976,285364022
중앙대,800m층화임의점_OSM스냅,중앙대 표본노드 6215701774,94,37.50570220679014,126.96486289008881,37.5059788,126.9654997,6215701774,64.1,OptionA_random_to_OSM,중앙대:6215701774,정문,1022.1,2890319153,37.50679658997202,126.95850503509976,285364022
중앙대,800m층화임의점_OSM스냅,중앙대 표본노드 4612824441,95,37.50736001289599,126.96456221057917,37.507123899999996,126.9645261,4612824441,26.4,OptionA_random_to_OSM,중앙대:4612824441,정문,684.8,2890319153,37.50679658997202,126.95850503509976,285364022
중앙대,800m층화임의점_OSM스냅,중앙대 표본노드 4611246540,96,37.508154361392315,126.96467541763244,37.508241,126.964237,4611246540,39.9,OptionA_random_to_OSM,중앙대:4611246540,정문,581.4,2890319153,37.50679658997202,126.95850503509976,285364022
중앙대,800m층화임의점_OSM스냅,중앙대 표본노드 13675095847,97,37.50956651154758,126.9642275406046,37.5088823,126.9645738,13675095847,81.9,OptionA_random_to_OSM,중앙대:13675095847,정문,615.0,2890319153,37.50679658997202,126.95850503509976,285364022
중앙대,800m층화임의점_OSM스냅,중앙대 표본노드 4611290232,100,37.506689031269545,126.96559651729483,37.506626,126.96565229999999,4611290232,8.6,OptionA_random_to_OSM,중앙대:4611290232,정문,768.5,2890319153,37.50679658997202,126.95850503509976,285364022
중앙대,800m층화임의점_OSM스냅,중앙대 표본노드 4612824445,101,37.50706147888512,126.96583608977244,37.507232599999995,126.9656758,4612824445,23.7,OptionA_random_to_OSM,중앙대:4612824445,정문,710.7,2890319153,37.50679658997202,126.95850503509976,285364022
